SKU,Image URL,Image Source
115904023106,https://www.mcas.com.au/assets/full/115904023106.jpg,MCAS
116806013106,https://www.mcas.com.au/assets/full/116806013106.jpg,MCAS
118004023104,https://www.mcas.com.au/assets/full/118004023104.jpg,MCAS
118506013430,https://www.mcas.com.au/assets/full/118506013430.jpg,MCAS
118904013240,https://www.mcas.com.au/assets/full/118904013240.jpg,MCAS
119004023108,https://www.mcas.com.au/assets/full/119004023108.jpg,MCAS
119004023112,https://www.mcas.com.au/assets/full/119004023112.jpg,MCAS
127800,https://www.mcas.com.au/assets/full/127800.png,MCAS
128800,https://www.mcas.com.au/assets/full/128800.png,MCAS
200001,https://www.mcas.com.au/assets/full/200001.png,MCAS
200005,https://www.mcas.com.au/assets/full/200005.png,MCAS
200007,https://www.mcas.com.au/assets/full/200007.png,MCAS
200008,https://www.mcas.com.au/assets/full/200008.png,MCAS
200009,https://www.mcas.com.au/assets/full/200009.png,MCAS
200010,https://www.mcas.com.au/assets/full/200010.png,MCAS
200012,https://www.mcas.com.au/assets/full/200012.png,MCAS
200019,https://www.mcas.com.au/assets/full/200019.png,MCAS
200023,https://www.mcas.com.au/assets/full/200023.png,MCAS
200024,https://www.mcas.com.au/assets/full/200024.png,MCAS
200035,https://www.mcas.com.au/assets/full/200035.png,MCAS
200036,https://www.mcas.com.au/assets/full/200036.png,MCAS
200039,https://www.mcas.com.au/assets/full/200039.png,MCAS
200045,https://www.mcas.com.au/assets/full/200045.png,MCAS
200123,https://www.mcas.com.au/assets/full/200123.jpg,MCAS
200131,https://www.mcas.com.au/assets/full/200131.png,MCAS
200134,https://www.mcas.com.au/assets/full/200134.png,MCAS
200142,https://www.mcas.com.au/assets/full/200142.png,MCAS
200147,https://www.mcas.com.au/assets/full/200147.png,MCAS
200235,https://www.mcas.com.au/assets/full/200235.jpg,MCAS
200236,https://www.mcas.com.au/assets/full/200236.png,MCAS
200246,https://www.mcas.com.au/assets/full/200246.png,MCAS
200261,https://www.mcas.com.au/assets/full/200261.png,MCAS
200267,https://www.mcas.com.au/assets/full/200267.png,MCAS
200276,https://www.mcas.com.au/assets/full/200276.png,MCAS
200295,https://www.mcas.com.au/assets/full/200295.png,MCAS
2010059,https://www.mcas.com.au/assets/full/2010059.jpg,MCAS
2022683,https://www.mcas.com.au/assets/full/2022683.jpg,MCAS
2024843,https://www.mcas.com.au/assets/full/2024843.jpg,MCAS
2026944,https://www.mcas.com.au/assets/full/2026944.jpg,MCAS
2026948,https://www.mcas.com.au/assets/full/2026948.jpg,MCAS
2028891,https://www.mcas.com.au/assets/full/2028891.jpg,MCAS
2028892,https://www.mcas.com.au/assets/full/2028892.jpg,MCAS
2028893,https://www.mcas.com.au/assets/full/2028893.jpg,MCAS
2028918,https://www.mcas.com.au/assets/full/2028918.jpg,MCAS
207051,https://www.mcas.com.au/assets/full/207051.png,MCAS
207139,https://www.mcas.com.au/assets/full/207139.png,MCAS
208020,https://www.mcas.com.au/assets/full/208020.png,MCAS
208590,https://www.mcas.com.au/assets/full/208590.png,MCAS
208592,https://www.mcas.com.au/assets/full/208592.png,MCAS
208601,https://www.mcas.com.au/assets/full/208601.png,MCAS
215900443,https://www.mcas.com.au/assets/full/215900443.jpg,MCAS
216601837,https://www.mcas.com.au/assets/full/216601837.jpg,MCAS
217407141,https://www.mcas.com.au/assets/full/217407141.jpg,MCAS
220011,https://www.mcas.com.au/assets/full/220011.jpg,MCAS
220012,https://www.mcas.com.au/assets/full/220012.png,MCAS
220013,https://www.mcas.com.au/assets/full/220013.png,MCAS
220014,https://www.mcas.com.au/assets/full/220014.png,MCAS
220015,https://www.mcas.com.au/assets/full/220015.png,MCAS
220016,https://www.mcas.com.au/assets/full/220016.png,MCAS
220017,https://www.mcas.com.au/assets/full/220017.png,MCAS
220063,https://www.mcas.com.au/assets/full/220063.png,MCAS
220064,https://www.mcas.com.au/assets/full/220064.png,MCAS
220071,https://www.mcas.com.au/assets/full/220071.png,MCAS
231082,https://www.mcas.com.au/assets/full/231082.png,MCAS
240001,https://www.mcas.com.au/assets/full/240001.png,MCAS
240003,https://www.mcas.com.au/assets/full/240003.png,MCAS
240007,https://www.mcas.com.au/assets/full/240007.png,MCAS
240008,https://www.mcas.com.au/assets/full/240008.png,MCAS
240009,https://www.mcas.com.au/assets/full/240009.png,MCAS
240014,https://www.mcas.com.au/assets/full/240014.png,MCAS
240015,https://www.mcas.com.au/assets/full/240015.jpg,MCAS
240020,https://www.mcas.com.au/assets/full/240020.png,MCAS
240021,https://www.mcas.com.au/assets/full/240021.png,MCAS
240022,https://www.mcas.com.au/assets/full/240022.png,MCAS
240023,https://www.mcas.com.au/assets/full/240023.png,MCAS
240024,https://www.mcas.com.au/assets/full/240024.png,MCAS
240025,https://www.mcas.com.au/assets/full/240025.jpg,MCAS
240026,https://www.mcas.com.au/assets/full/240026.png,MCAS
240027,https://www.mcas.com.au/assets/full/240027.png,MCAS
240028,https://www.mcas.com.au/assets/full/240028.png,MCAS
240029,https://www.mcas.com.au/assets/full/240029.png,MCAS
240030,https://www.mcas.com.au/assets/full/240030.png,MCAS
240031,https://www.mcas.com.au/assets/full/240031.png,MCAS
240032,https://www.mcas.com.au/assets/full/240032.png,MCAS
240033,https://www.mcas.com.au/assets/full/240033.jpg,MCAS
240034,https://www.mcas.com.au/assets/full/240034.png,MCAS
240035,https://www.mcas.com.au/assets/full/240035.png,MCAS
240036,https://www.mcas.com.au/assets/full/240036.png,MCAS
240037,https://www.mcas.com.au/assets/full/240037.png,MCAS
240038,https://www.mcas.com.au/assets/full/240038.png,MCAS
240039,https://www.mcas.com.au/assets/full/240039.png,MCAS
240040,https://www.mcas.com.au/assets/full/240040.png,MCAS
240041,https://www.mcas.com.au/assets/full/240041.png,MCAS
240042,https://www.mcas.com.au/assets/full/240042.png,MCAS
240045,https://www.mcas.com.au/assets/full/240045.png,MCAS
240048,https://www.mcas.com.au/assets/full/240048.png,MCAS
240053,https://www.mcas.com.au/assets/full/240053.png,MCAS
240054,https://www.mcas.com.au/assets/full/240054.png,MCAS
240077,https://www.mcas.com.au/assets/full/240077.png,MCAS
240083,https://www.mcas.com.au/assets/full/240083.png,MCAS
240094,https://www.mcas.com.au/assets/full/240094.png,MCAS
240095,https://www.mcas.com.au/assets/full/240095.png,MCAS
240100,https://www.mcas.com.au/assets/full/240100.png,MCAS
240101,https://www.mcas.com.au/assets/full/240101.png,MCAS
240102,https://www.mcas.com.au/assets/full/240102.png,MCAS
240103,https://www.mcas.com.au/assets/full/240103.png,MCAS
240104,https://www.mcas.com.au/assets/full/240104.png,MCAS
240105,https://www.mcas.com.au/assets/full/240105.png,MCAS
240107,https://www.mcas.com.au/assets/full/240107.png,MCAS
240108,https://www.mcas.com.au/assets/full/240108.png,MCAS
240109,https://www.mcas.com.au/assets/full/240109.png,MCAS
240110,https://www.mcas.com.au/assets/full/240110.png,MCAS
240111,https://www.mcas.com.au/assets/full/240111.png,MCAS
240112,https://www.mcas.com.au/assets/full/240112.png,MCAS
240116,https://www.mcas.com.au/assets/full/240116.png,MCAS
240117,https://www.mcas.com.au/assets/full/240117.png,MCAS
240118,https://www.mcas.com.au/assets/full/240118.png,MCAS
240120,https://www.mcas.com.au/assets/full/240120.png,MCAS
24012906,https://www.mcas.com.au/assets/full/24012906.jpg,MCAS
240136,https://www.mcas.com.au/assets/full/240136.png,MCAS
240141,https://www.mcas.com.au/assets/full/240141.png,MCAS
240144,https://www.mcas.com.au/assets/full/240144.png,MCAS
240151,https://www.mcas.com.au/assets/full/240151.png,MCAS
240188,https://www.mcas.com.au/assets/full/240188.png,MCAS
240244,https://www.mcas.com.au/assets/full/240244.webp,MCAS
240245,https://www.mcas.com.au/assets/full/240245.png,MCAS
240246,https://www.mcas.com.au/assets/full/240246.jpg,MCAS
240248,https://www.mcas.com.au/assets/full/240248.png,MCAS
240249,https://www.mcas.com.au/assets/full/240249.png,MCAS
240278,https://www.mcas.com.au/assets/full/240278.png,MCAS
240279,https://www.mcas.com.au/assets/full/240279.png,MCAS
240280,https://www.mcas.com.au/assets/full/240280.png,MCAS
240281,https://www.mcas.com.au/assets/full/240281.png,MCAS
240282,https://www.mcas.com.au/assets/full/240282.png,MCAS
240284,https://www.mcas.com.au/assets/full/240284.png,MCAS
240287,https://www.mcas.com.au/assets/full/240287.jpg,MCAS
240290,https://www.mcas.com.au/assets/full/240290.png,MCAS
240291,https://www.mcas.com.au/assets/full/240291.png,MCAS
240292,https://www.mcas.com.au/assets/full/240292.png,MCAS
240295,https://www.mcas.com.au/assets/full/240295.png,MCAS
240298,https://www.mcas.com.au/assets/full/240298.png,MCAS
240299,https://www.mcas.com.au/assets/full/240299.png,MCAS
240301,https://www.mcas.com.au/assets/full/240301.png,MCAS
240302,https://www.mcas.com.au/assets/full/240302.png,MCAS
240303,https://www.mcas.com.au/assets/full/240303.png,MCAS
240305,https://www.mcas.com.au/assets/full/240305.png,MCAS
240308,https://www.mcas.com.au/assets/full/240308.png,MCAS
240315,https://www.mcas.com.au/assets/full/240315.png,MCAS
240324,https://www.mcas.com.au/assets/full/240324.png,MCAS
240325,https://www.mcas.com.au/assets/full/240325.png,MCAS
240359,https://www.mcas.com.au/assets/full/240359.jpg,MCAS
240372,https://www.mcas.com.au/assets/full/240372.png,MCAS
240388,https://www.mcas.com.au/assets/full/240388.jpg,MCAS
240389,https://www.mcas.com.au/assets/full/240389.jpg,MCAS
240429,https://www.mcas.com.au/assets/full/240429.webp,MCAS
240433,https://www.mcas.com.au/assets/full/240433.webp,MCAS
240435,https://www.mcas.com.au/assets/full/240435.webp,MCAS
24243030,https://www.mcas.com.au/assets/full/24243030.jpg,MCAS
24243040,https://www.mcas.com.au/assets/full/24243040.jpg,MCAS
24243042,https://www.mcas.com.au/assets/full/24243042.jpg,MCAS
24243230,https://www.mcas.com.au/assets/full/24243230.jpg,MCAS
24273230,https://www.mcas.com.au/assets/full/24273230.jpg,MCAS
24273232,https://www.mcas.com.au/assets/full/24273232.jpg,MCAS
24273234,https://www.mcas.com.au/assets/full/24273234.jpg,MCAS
24273236,https://www.mcas.com.au/assets/full/24273236.jpg,MCAS
24273238,https://www.mcas.com.au/assets/full/24273238.jpg,MCAS
24283030,https://www.mcas.com.au/assets/full/24283030.jpg,MCAS
24283244,https://www.mcas.com.au/assets/full/24283244.jpg,MCAS
243200139,https://www.mcas.com.au/assets/full/243200139.jpg,MCAS
243200142,https://www.mcas.com.au/assets/full/243200142.jpg,MCAS
244003,https://www.mcas.com.au/assets/full/244003.png,MCAS
244077,https://www.mcas.com.au/assets/full/244077.jpg,MCAS
244086,https://www.mcas.com.au/assets/full/244086.jpg,MCAS
244087,https://www.mcas.com.au/assets/full/244087.png,MCAS
244088,https://www.mcas.com.au/assets/full/244088.png,MCAS
244100,https://www.mcas.com.au/assets/full/244100.png,MCAS
244150,https://www.mcas.com.au/assets/full/244150.jpg,MCAS
244156,https://www.mcas.com.au/assets/full/244156.png,MCAS
244157,https://www.mcas.com.au/assets/full/244157.png,MCAS
244184,https://www.mcas.com.au/assets/full/244184.png,MCAS
244296,https://www.mcas.com.au/assets/full/244296.jpg,MCAS
244302,https://www.mcas.com.au/assets/full/244302.png,MCAS
244334,https://www.mcas.com.au/assets/full/244334.png,MCAS
244368,https://www.mcas.com.au/assets/full/244368.png,MCAS
244382,https://www.mcas.com.au/assets/full/244382.png,MCAS
244383,https://www.mcas.com.au/assets/full/244383.png,MCAS
244384,https://www.mcas.com.au/assets/full/244384.png,MCAS
244385,https://www.mcas.com.au/assets/full/244385.png,MCAS
244404,https://www.mcas.com.au/assets/full/244404.png,MCAS
244411,https://www.mcas.com.au/assets/full/244411.png,MCAS
244422,https://www.mcas.com.au/assets/full/244422.png,MCAS
244427,https://www.mcas.com.au/assets/full/244427.jpg,MCAS
244463,https://www.mcas.com.au/assets/full/244463.png,MCAS
244464,https://www.mcas.com.au/assets/full/244464.png,MCAS
244465,https://www.mcas.com.au/assets/full/244465.png,MCAS
244469,https://www.mcas.com.au/assets/full/244469.png,MCAS
244491,https://www.mcas.com.au/assets/full/244491.jpg,MCAS
244496,https://www.mcas.com.au/assets/full/244496.png,MCAS
244531,https://www.mcas.com.au/assets/full/244531.png,MCAS
244533,https://www.mcas.com.au/assets/full/244533.png,MCAS
244535,https://www.mcas.com.au/assets/full/244535.png,MCAS
244536,https://www.mcas.com.au/assets/full/244536.png,MCAS
244537,https://www.mcas.com.au/assets/full/244537.png,MCAS
244539,https://www.mcas.com.au/assets/full/244539.png,MCAS
244540,https://www.mcas.com.au/assets/full/244540.png,MCAS
244541,https://www.mcas.com.au/assets/full/244541.png,MCAS
244542,https://www.mcas.com.au/assets/full/244542.png,MCAS
244558,https://www.mcas.com.au/assets/full/244558.png,MCAS
244565,https://www.mcas.com.au/assets/full/244565.png,MCAS
244566,https://www.mcas.com.au/assets/full/244566.png,MCAS
244579,https://www.mcas.com.au/assets/full/244579.jpg,MCAS
244583,https://www.mcas.com.au/assets/full/244583.png,MCAS
244597,https://www.mcas.com.au/assets/full/244597.png,MCAS
244598,https://www.mcas.com.au/assets/full/244598.png,MCAS
244599,https://www.mcas.com.au/assets/full/244599.png,MCAS
244600,https://www.mcas.com.au/assets/full/244600.png,MCAS
244602,https://www.mcas.com.au/assets/full/244602.png,MCAS
244603,https://www.mcas.com.au/assets/full/244603.png,MCAS
244604,https://www.mcas.com.au/assets/full/244604.png,MCAS
244637,https://www.mcas.com.au/assets/full/244637.png,MCAS
244638,https://www.mcas.com.au/assets/full/244638.png,MCAS
244639,https://www.mcas.com.au/assets/full/244639.png,MCAS
244643,https://www.mcas.com.au/assets/full/244643.png,MCAS
244645,https://www.mcas.com.au/assets/full/244645.png,MCAS
244649,https://www.mcas.com.au/assets/full/244649.png,MCAS
244652,https://www.mcas.com.au/assets/full/244652.png,MCAS
244653,https://www.mcas.com.au/assets/full/244653.png,MCAS
244654,https://www.mcas.com.au/assets/full/244654.png,MCAS
244655,https://www.mcas.com.au/assets/full/244655.png,MCAS
244656,https://www.mcas.com.au/assets/full/244656.png,MCAS
244657,https://www.mcas.com.au/assets/full/244657.png,MCAS
244658,https://www.mcas.com.au/assets/full/244658.png,MCAS
244659,https://www.mcas.com.au/assets/full/244659.png,MCAS
244661,https://www.mcas.com.au/assets/full/244661.png,MCAS
244662,https://www.mcas.com.au/assets/full/244662.png,MCAS
244663,https://www.mcas.com.au/assets/full/244663.png,MCAS
244705,https://www.mcas.com.au/assets/full/244705.png,MCAS
244708,https://www.mcas.com.au/assets/full/244708.jpg,MCAS
244709,https://www.mcas.com.au/assets/full/244709.webp,MCAS Legacy SKU Asset Check
244711,https://www.mcas.com.au/assets/full/244711.webp,MCAS Legacy SKU Asset Check
244712,https://www.mcas.com.au/assets/full/244712.png,MCAS
244713,https://www.mcas.com.au/assets/full/244713.webp,MCAS Legacy SKU Asset Check
244714,https://www.mcas.com.au/assets/full/244714.png,MCAS
244715,https://www.mcas.com.au/assets/full/244715.png,MCAS
244716,https://www.mcas.com.au/assets/full/244716.png,MCAS
247140,https://www.mcas.com.au/assets/full/247140.png,MCAS Legacy SKU Asset Check
247141,https://www.mcas.com.au/assets/full/247141.png,MCAS Legacy SKU Asset Check
247142,https://www.mcas.com.au/assets/full/247142.png,MCAS Legacy SKU Asset Check
247143,https://www.mcas.com.au/assets/full/247143.png,MCAS Legacy SKU Asset Check
248022,https://www.mcas.com.au/assets/full/248022.png,MCAS Legacy SKU Asset Check
248076,https://www.mcas.com.au/assets/full/248076.jpg,MCAS Legacy SKU Asset Check
248081,https://www.mcas.com.au/assets/full/248081.png,MCAS Legacy SKU Asset Check
248115,https://www.mcas.com.au/assets/full/248115.png,MCAS Legacy SKU Asset Check
248591,https://www.mcas.com.au/assets/full/248591.png,MCAS Legacy SKU Asset Check
248610,https://www.mcas.com.au/assets/full/248610.png,MCAS Legacy SKU Asset Check
249019,https://www.mcas.com.au/assets/full/249019.jpg,MCAS Legacy SKU Asset Check
249033,https://www.mcas.com.au/assets/full/249033.jpg,MCAS Legacy SKU Asset Check
249035,https://www.mcas.com.au/assets/full/249035.jpg,MCAS Legacy SKU Asset Check
294801343,https://www.mcas.com.au/assets/full/294801343.jpg,MCAS
294801347,https://www.mcas.com.au/assets/full/294801347.jpg,MCAS
415ERZSDHGG130RB,https://www.mcas.com.au/assets/full/415ERZSDHGG130RB.jpg,MCAS
415ERZSDHGGRJ,https://www.mcas.com.au/assets/full/415ERZSDHGGRJ.jpg,MCAS
415RRGCL,https://www.mcas.com.au/assets/full/415RRGCL.webp,MCAS
415S130RB,https://www.mcas.com.au/assets/full/415S130RB.jpg,MCAS
415SHCL,https://www.mcas.com.au/assets/full/415SHCL.webp,MCAS
415SHDR126,https://www.mcas.com.au/assets/full/415SHDR126.jpg,MCAS
415SHDRCL,https://www.mcas.com.au/assets/full/415SHDRCL.webp,MCAS
415SHDRL,https://www.mcas.com.au/assets/full/415SHDRL.webp,MCAS
415SHDRRL,https://www.mcas.com.au/assets/full/415SHDRRL.webp,MCAS
415SHRL,https://www.mcas.com.au/assets/full/415SHRL.webp,MCAS
415SRJ,https://www.mcas.com.au/assets/full/415SRJ.jpg,MCAS
420136,https://www.mcas.com.au/assets/full/420136.webp,MCAS
420D120RB,https://www.mcas.com.au/assets/full/420D120RB.jpg,MCAS
420D136RB,https://www.mcas.com.au/assets/full/420D136RB.jpg,MCAS
420DRJ,https://www.mcas.com.au/assets/full/420DRJ.jpg,MCAS
420HCL,https://www.mcas.com.au/assets/full/420HCL.webp,MCAS
420HRL,https://www.mcas.com.au/assets/full/420HRL.webp,MCAS
420NZ3SDH136RB,https://www.mcas.com.au/assets/full/420NZ3SDH136RB.jpg,MCAS
420NZ3SDHGB120RB,https://www.mcas.com.au/assets/full/420NZ3SDHGB120RB.jpg,MCAS
420NZ3SDHGB130RB,https://www.mcas.com.au/assets/full/420NZ3SDHGB130RB.jpg,MCAS
420NZ3SDHGB136RB,https://www.mcas.com.au/assets/full/420NZ3SDHGB136RB.jpg,MCAS
420NZ3SDHGBRJ,https://www.mcas.com.au/assets/full/420NZ3SDHGBRJ.jpg,MCAS
420NZ3SDHRJ,https://www.mcas.com.au/assets/full/420NZ3SDHRJ.jpg,MCAS
420RL,https://www.mcas.com.au/assets/full/420RL.webp,MCAS
420SHCL,https://www.mcas.com.au/assets/full/420SHCL.webp,MCAS
420SHGCL,https://www.mcas.com.au/assets/full/420SHGCL.webp,MCAS
420SHGRL,https://www.mcas.com.au/assets/full/420SHGRL.webp,MCAS
420SHRL,https://www.mcas.com.au/assets/full/420SHRL.webp,MCAS
420SROCL,https://www.mcas.com.au/assets/full/420SROCL.webp,MCAS
420SRORL,https://www.mcas.com.au/assets/full/420SRORL.webp,MCAS
420SRXGCL,https://www.mcas.com.au/assets/full/420SRXGCL.webp,MCAS
420V136RB,https://www.mcas.com.au/assets/full/420V136RB.jpg,MCAS
420VRJ,https://www.mcas.com.au/assets/full/420VRJ.jpg,MCAS
428136,https://www.mcas.com.au/assets/full/428136.webp,MCAS
428D126RB,https://www.mcas.com.au/assets/full/428D126RB.jpg,MCAS
428D136RB,https://www.mcas.com.au/assets/full/428D136RB.jpg,MCAS
428DRJ,https://www.mcas.com.au/assets/full/428DRJ.jpg,MCAS
428HCL,https://www.mcas.com.au/assets/full/428HCL.webp,MCAS
428HD136RB,https://www.mcas.com.au/assets/full/428HD136RB.jpg,MCAS
428HDRJ,https://www.mcas.com.au/assets/full/428HDRJ.jpg,MCAS
428NZSDH126FB,https://www.mcas.com.au/assets/full/428NZSDH126FB.jpg,MCAS
428NZSDH136FB,https://www.mcas.com.au/assets/full/428NZSDH136FB.jpg,MCAS
428NZSDHFJ,https://www.mcas.com.au/assets/full/428NZSDHFJ.jpg,MCAS
428NZSDHGB136FB,https://www.mcas.com.au/assets/full/428NZSDHGB136FB.jpg,MCAS
428NZSDHGBFJ,https://www.mcas.com.au/assets/full/428NZSDHGBFJ.jpg,MCAS
428NZSDHGBZJ,https://www.mcas.com.au/assets/full/428NZSDHGBZJ.jpg,MCAS
428RL,https://www.mcas.com.au/assets/full/428RL.webp,MCAS
428SHDR10M,https://www.mcas.com.au/assets/full/428SHDR10M.jpg,MCAS
428SHDRGCL,https://www.mcas.com.au/assets/full/428SHDRGCL.webp,MCAS
428SRORL,https://www.mcas.com.au/assets/full/428SRORL.webp,MCAS
428SROZ104,https://www.mcas.com.au/assets/full/428SROZ104.jpg,MCAS
428SROZ10M,https://www.mcas.com.au/assets/full/428SROZ10M.jpg,MCAS
428SROZRL,https://www.mcas.com.au/assets/full/428SROZRL.webp,MCAS
428VX104FB,https://www.mcas.com.au/assets/full/428VX104FB.jpg,MCAS
428VX136FB,https://www.mcas.com.au/assets/full/428VX136FB.jpg,MCAS
428VXFJ,https://www.mcas.com.au/assets/full/428VXFJ.jpg,MCAS
428VXGB136FB,https://www.mcas.com.au/assets/full/428VXGB136FB.jpg,MCAS
428VXGBFJ,https://www.mcas.com.au/assets/full/428VXGBFJ.jpg,MCAS
50114RB,https://www.mcas.com.au/assets/full/50114RB.jpg,MCAS
50RJ,https://www.mcas.com.au/assets/full/50RJ.jpg,MCAS
520120RB,https://www.mcas.com.au/assets/full/520120RB.jpg,MCAS
520ATV2GB120FB,https://www.mcas.com.au/assets/full/520ATV2GB120FB.jpg,MCAS
520DZ2SDHGB120RB,https://www.mcas.com.au/assets/full/520DZ2SDHGB120RB.jpg,MCAS
520DZ2SDHGBZJ,https://www.mcas.com.au/assets/full/520DZ2SDHGBZJ.jpg,MCAS
520ERS3GG102RB,https://www.mcas.com.au/assets/full/520ERS3GG102RB.jpg,MCAS
520ERS3GGRJ,https://www.mcas.com.au/assets/full/520ERS3GGRJ.jpg,MCAS
520ERT3GGRJ,https://www.mcas.com.au/assets/full/520ERT3GGRJ.jpg,MCAS
520ERT3SDHGG120RB,https://www.mcas.com.au/assets/full/520ERT3SDHGG120RB.jpg,MCAS
520ERV7GG120ZB,https://www.mcas.com.au/assets/full/520ERV7GG120ZB.webp,MCAS
520ERV7GG130ZB,https://www.mcas.com.au/assets/full/520ERV7GG130ZB.jpg,MCAS
520ERV7GGZJ,https://www.mcas.com.au/assets/full/520ERV7GGZJ.jpg,MCAS
520ERVTGG120FB,https://www.mcas.com.au/assets/full/520ERVTGG120FB.jpg,MCAS
520ERVTGG120ZB,https://www.mcas.com.au/assets/full/520ERVTGG120ZB.jpg,MCAS
520ERVTGGFJ,https://www.mcas.com.au/assets/full/520ERVTGGFJ.jpg,MCAS
520ERVTGGZJ,https://www.mcas.com.au/assets/full/520ERVTGGZJ.jpg,MCAS
520H120,https://www.mcas.com.au/assets/full/520H120.jpg,MCAS
520HRL,https://www.mcas.com.au/assets/full/520HRL.webp,MCAS
520MRD4RL,https://www.mcas.com.au/assets/full/520MRD4RL.webp,MCAS
520MRD5GCL,https://www.mcas.com.au/assets/full/520MRD5GCL.webp,MCAS
520MRD5GRL,https://www.mcas.com.au/assets/full/520MRD5GRL.webp,MCAS
520MRD6CLG,https://www.mcas.com.au/assets/full/520MRD6CLG.webp,MCAS
520MRD6GRL,https://www.mcas.com.au/assets/full/520MRD6GRL.webp,MCAS
520MRD7CL,https://www.mcas.com.au/assets/full/520MRD7CL.webp,MCAS
520MRD7GCL,https://www.mcas.com.au/assets/full/520MRD7GCL.webp,MCAS
520MRD7GRL,https://www.mcas.com.au/assets/full/520MRD7GRL.webp,MCAS
520MRD7OCL,https://www.mcas.com.au/assets/full/520MRD7OCL.webp,MCAS
520MRD7RL,https://www.mcas.com.au/assets/full/520MRD7RL.webp,MCAS
520MRDLRL,https://www.mcas.com.au/assets/full/520MRDLRL.webp,MCAS
520MVXGRL,https://www.mcas.com.au/assets/full/520MVXGRL.webp,MCAS
520MVXRL,https://www.mcas.com.au/assets/full/520MVXRL.webp,MCAS
520MVXZ2CL,https://www.mcas.com.au/assets/full/520MVXZ2CL.webp,MCAS
520MVXZ2GCL,https://www.mcas.com.au/assets/full/520MVXZ2GCL.webp,MCAS
520MVXZ2GRL,https://www.mcas.com.au/assets/full/520MVXZ2GRL.webp,MCAS
520MVXZ2RL,https://www.mcas.com.au/assets/full/520MVXZ2RL.webp,MCAS
520MVXZCL,https://www.mcas.com.au/assets/full/520MVXZCL.webp,MCAS
520MVXZGCL,https://www.mcas.com.au/assets/full/520MVXZGCL.webp,MCAS
520MVXZML,https://www.mcas.com.au/assets/full/520MVXZML.webp,MCAS
520MXGB120RB,https://www.mcas.com.au/assets/full/520MXGB120RB.jpg,MCAS
520MXGBRJ,https://www.mcas.com.au/assets/full/520MXGBRJ.jpg,MCAS
520MXGBZJ,https://www.mcas.com.au/assets/full/520MXGBZJ.jpg,MCAS
520NZSDH120FB,https://www.mcas.com.au/assets/full/520NZSDH120FB.jpg,MCAS
520NZSDHFJ,https://www.mcas.com.au/assets/full/520NZSDHFJ.jpg,MCAS
520NZSDHZJ,https://www.mcas.com.au/assets/full/520NZSDHZJ.jpg,MCAS
520RJ,https://www.mcas.com.au/assets/full/520RJ.jpg,MCAS
520RL,https://www.mcas.com.au/assets/full/520RL.webp,MCAS
520RRGCL,https://www.mcas.com.au/assets/full/520RRGCL.webp,MCAS
520RXOSM120G,https://www.mcas.com.au/assets/full/520RXOSM120G.jpg,MCAS
520RXOSM120O,https://www.mcas.com.au/assets/full/520RXOSM120O.jpg,MCAS
520RXOSMCL,https://www.mcas.com.au/assets/full/520RXOSMCL.webp,MCAS
520RXOSMCLB,https://www.mcas.com.au/assets/full/520RXOSMCLB.webp,MCAS
520RXOSMGRL,https://www.mcas.com.au/assets/full/520RXOSMGRL.webp,MCAS
520RXOSMRL,https://www.mcas.com.au/assets/full/520RXOSMRL.webp,MCAS
520SRO5RL,https://www.mcas.com.au/assets/full/520SRO5RL.webp,MCAS
520SROZ2CL,https://www.mcas.com.au/assets/full/520SROZ2CL.webp,MCAS
520SROZ2RL,https://www.mcas.com.au/assets/full/520SROZ2RL.webp,MCAS
520SROZGRL,https://www.mcas.com.au/assets/full/520SROZGRL.webp,MCAS
520SROZRL,https://www.mcas.com.au/assets/full/520SROZRL.webp,MCAS
520SRX2120G,https://www.mcas.com.au/assets/full/520SRX2120G.jpg,MCAS
520SRX2RL,https://www.mcas.com.au/assets/full/520SRX2RL.webp,MCAS
520SRXCL,https://www.mcas.com.au/assets/full/520SRXCL.webp,MCAS
520SRXL120B,https://www.mcas.com.au/assets/full/520SRXL120B.jpg,MCAS
520SRXL120G,https://www.mcas.com.au/assets/full/520SRXL120G.jpg,MCAS
520SRXL120O,https://www.mcas.com.au/assets/full/520SRXL120O.webp,MCAS
520SRXLCL,https://www.mcas.com.au/assets/full/520SRXLCL.webp,MCAS
520SRXLGCL,https://www.mcas.com.au/assets/full/520SRXLGCL.webp,MCAS
520SRXLRL,https://www.mcas.com.au/assets/full/520SRXLRL.webp,MCAS
520UVXLRL,https://www.mcas.com.au/assets/full/520UVXLRL.webp,MCAS
520V0120FB,https://www.mcas.com.au/assets/full/520V0120FB.jpg,MCAS
520V0FJ,https://www.mcas.com.au/assets/full/520V0FJ.jpg,MCAS
520VX3120FB,https://www.mcas.com.au/assets/full/520VX3120FB.jpg,MCAS
520VX3120ZB,https://www.mcas.com.au/assets/full/520VX3120ZB.jpg,MCAS
520VX3FJ,https://www.mcas.com.au/assets/full/520VX3FJ.jpg,MCAS
520VX3GB120FB,https://www.mcas.com.au/assets/full/520VX3GB120FB.jpg,MCAS
520VX3GB120ZB,https://www.mcas.com.au/assets/full/520VX3GB120ZB.jpg,MCAS
520VX3GBFJ,https://www.mcas.com.au/assets/full/520VX3GBFJ.jpg,MCAS
520VX3GBZJ,https://www.mcas.com.au/assets/full/520VX3GBZJ.jpg,MCAS
520VX3ZJ,https://www.mcas.com.au/assets/full/520VX3ZJ.jpg,MCAS
520ZRL,https://www.mcas.com.au/assets/full/520ZRL.webp,MCAS Legacy SKU Asset Check
520ZVMX120ZB,https://www.mcas.com.au/assets/full/520ZVMX120ZB.jpg,MCAS
520ZVMXBB120ZB,https://www.mcas.com.au/assets/full/520ZVMXBB120ZB.jpg,MCAS
520ZVMXBBZJ,https://www.mcas.com.au/assets/full/520ZVMXBBZJ.jpg,MCAS Legacy SKU Asset Check
520ZVMXGG120ZB,https://www.mcas.com.au/assets/full/520ZVMXGG120ZB.jpg,MCAS Legacy SKU Asset Check
520ZVMXGGZJ,https://www.mcas.com.au/assets/full/520ZVMXGGZJ.jpg,MCAS Legacy SKU Asset Check
520ZVMXZJ,https://www.mcas.com.au/assets/full/520ZVMXZJ.jpg,MCAS Legacy SKU Asset Check
525CL,https://www.mcas.com.au/assets/full/525CL.webp,MCAS Legacy SKU Asset Check
525H120,https://www.mcas.com.au/assets/full/525H120.jpg,MCAS Legacy SKU Asset Check
525HCL,https://www.mcas.com.au/assets/full/525HCL.webp,MCAS Legacy SKU Asset Check
525MVXZ120B,https://www.mcas.com.au/assets/full/525MVXZ120B.jpg,MCAS Legacy SKU Asset Check
525MVXZ2120,https://www.mcas.com.au/assets/full/525MVXZ2120.jpg,MCAS Legacy SKU Asset Check
525MVXZ2RL,https://www.mcas.com.au/assets/full/525MVXZ2RL.webp,MCAS Legacy SKU Asset Check
525MVXZCL,https://www.mcas.com.au/assets/full/525MVXZCL.webp,MCAS Legacy SKU Asset Check
525MVXZGCL,https://www.mcas.com.au/assets/full/525MVXZGCL.webp,MCAS Legacy SKU Asset Check
525MVXZRL,https://www.mcas.com.au/assets/full/525MVXZRL.webp,MCAS Legacy SKU Asset Check
525NZSDH124FB,https://www.mcas.com.au/assets/full/525NZSDH124FB.jpg,MCAS Legacy SKU Asset Check
525NZSDHFJ,https://www.mcas.com.au/assets/full/525NZSDHFJ.jpg,MCAS Legacy SKU Asset Check
525RL,https://www.mcas.com.au/assets/full/525RL.webp,MCAS Legacy SKU Asset Check
525SROZ2120,https://www.mcas.com.au/assets/full/525SROZ2120.jpg,MCAS Legacy SKU Asset Check
525SROZGCL,https://www.mcas.com.au/assets/full/525SROZGCL.webp,MCAS Legacy SKU Asset Check
525SROZGRL,https://www.mcas.com.au/assets/full/525SROZGRL.webp,MCAS Legacy SKU Asset Check
525SRRL,https://www.mcas.com.au/assets/full/525SRRL.webp,MCAS Legacy SKU Asset Check
525SRX2124,https://www.mcas.com.au/assets/full/525SRX2124.jpg,MCAS Legacy SKU Asset Check
525SRX2GCL,https://www.mcas.com.au/assets/full/525SRX2GCL.webp,MCAS Legacy SKU Asset Check
525SRX2GRL,https://www.mcas.com.au/assets/full/525SRX2GRL.webp,MCAS Legacy SKU Asset Check
525SRX2RL,https://www.mcas.com.au/assets/full/525SRX2RL.webp,MCAS Legacy SKU Asset Check
525SRXCL,https://www.mcas.com.au/assets/full/525SRXCL.webp,MCAS Legacy SKU Asset Check
525SRXRL,https://www.mcas.com.au/assets/full/525SRXRL.webp,MCAS Legacy SKU Asset Check
525UVXCL,https://www.mcas.com.au/assets/full/525UVXCL.webp,MCAS Legacy SKU Asset Check
525VX3120ZB,https://www.mcas.com.au/assets/full/525VX3120ZB.jpg,MCAS Legacy SKU Asset Check
525VX3124ZB,https://www.mcas.com.au/assets/full/525VX3124ZB.jpg,MCAS Legacy SKU Asset Check
525VX3FJ,https://www.mcas.com.au/assets/full/525VX3FJ.jpg,MCAS Legacy SKU Asset Check
525VX3GB120ZB,https://www.mcas.com.au/assets/full/525VX3GB120ZB.jpg,MCAS Legacy SKU Asset Check
525VX3GB124ZB,https://www.mcas.com.au/assets/full/525VX3GB124ZB.jpg,MCAS Legacy SKU Asset Check
525VX3GBFJ,https://www.mcas.com.au/assets/full/525VX3GBFJ.jpg,MCAS Legacy SKU Asset Check
525VX3GBZJ,https://www.mcas.com.au/assets/full/525VX3GBZJ.jpg,MCAS Legacy SKU Asset Check
525VX3ZJ,https://www.mcas.com.au/assets/full/525VX3ZJ.jpg,MCAS Legacy SKU Asset Check
525ZVMX2120ZB,https://www.mcas.com.au/assets/full/525ZVMX2120ZB.jpg,MCAS Legacy SKU Asset Check
525ZVMX2124ZB,https://www.mcas.com.au/assets/full/525ZVMX2124ZB.jpg,MCAS Legacy SKU Asset Check
525ZVMX2BB124ZB,https://www.mcas.com.au/assets/full/525ZVMX2BB124ZB.jpg,MCAS Legacy SKU Asset Check
525ZVMX2BBZJ,https://www.mcas.com.au/assets/full/525ZVMX2BBZJ.jpg,MCAS Legacy SKU Asset Check
525ZVMX2GG124ZB,https://www.mcas.com.au/assets/full/525ZVMX2GG124ZB.jpg,MCAS Legacy SKU Asset Check
525ZVMX2ZJ,https://www.mcas.com.au/assets/full/525ZVMX2ZJ.jpg,MCAS Legacy SKU Asset Check
525ZVMXZJ,https://www.mcas.com.au/assets/full/525ZVMXZJ.jpg,MCAS Legacy SKU Asset Check
525ZVX3120,https://www.mcas.com.au/assets/full/525ZVX3120.jpg,MCAS Legacy SKU Asset Check
525ZVX3124,https://www.mcas.com.au/assets/full/525ZVX3124.jpg,MCAS Legacy SKU Asset Check
525ZVX3G124,https://www.mcas.com.au/assets/full/525ZVX3G124.jpg,MCAS Legacy SKU Asset Check
525ZVX3GRL,https://www.mcas.com.au/assets/full/525ZVX3GRL.webp,MCAS Legacy SKU Asset Check
530CL,https://www.mcas.com.au/assets/full/530CL.webp,MCAS Legacy SKU Asset Check
530DR2CL,https://www.mcas.com.au/assets/full/530DR2CL.webp,MCAS Legacy SKU Asset Check
530DRZ2RL,https://www.mcas.com.au/assets/full/530DRZ2RL.webp,MCAS Legacy SKU Asset Check
530HCL,https://www.mcas.com.au/assets/full/530HCL.webp,MCAS Legacy SKU Asset Check
530HRL,https://www.mcas.com.au/assets/full/530HRL.webp,MCAS Legacy SKU Asset Check
530MVXZ120B,https://www.mcas.com.au/assets/full/530MVXZ120B.jpg,MCAS Legacy SKU Asset Check
530MVXZ2RL,https://www.mcas.com.au/assets/full/530MVXZ2RL.webp,MCAS Legacy SKU Asset Check
530MVXZGCL,https://www.mcas.com.au/assets/full/530MVXZGCL.webp,MCAS Legacy SKU Asset Check
530MVXZGRL,https://www.mcas.com.au/assets/full/530MVXZGRL.webp,MCAS Legacy SKU Asset Check
530MVXZGSL,https://www.mcas.com.au/assets/full/530MVXZGSL.webp,MCAS Legacy SKU Asset Check
530MVXZRL,https://www.mcas.com.au/assets/full/530MVXZRL.webp,MCAS Legacy SKU Asset Check
530NZSDH120FB,https://www.mcas.com.au/assets/full/530NZSDH120FB.jpg,MCAS Legacy SKU Asset Check
530NZSDHFJ,https://www.mcas.com.au/assets/full/530NZSDHFJ.jpg,MCAS Legacy SKU Asset Check
530RL,https://www.mcas.com.au/assets/full/530RL.webp,MCAS Legacy SKU Asset Check
530RRSM120C,https://www.mcas.com.au/assets/full/530RRSM120C.jpg,MCAS Legacy SKU Asset Check
530RRSMCRL,https://www.mcas.com.au/assets/full/530RRSMCRL.webp,MCAS Legacy SKU Asset Check
530RRSMGRL,https://www.mcas.com.au/assets/full/530RRSMGRL.webp,MCAS Legacy SKU Asset Check
530RXOG120,https://www.mcas.com.au/assets/full/530RXOG120.jpg,MCAS Legacy SKU Asset Check
530SR120,https://www.mcas.com.au/assets/full/530SR120.jpg,MCAS Legacy SKU Asset Check
530SROZ2120,https://www.mcas.com.au/assets/full/530SROZ2120.jpg,MCAS Legacy SKU Asset Check
530SROZ2CL,https://www.mcas.com.au/assets/full/530SROZ2CL.webp,MCAS Legacy SKU Asset Check
530SROZ2RL,https://www.mcas.com.au/assets/full/530SROZ2RL.webp,MCAS Legacy SKU Asset Check
530SROZCL,https://www.mcas.com.au/assets/full/530SROZCL.webp,MCAS Legacy SKU Asset Check
530SROZGRL,https://www.mcas.com.au/assets/full/530SROZGRL.webp,MCAS Legacy SKU Asset Check
530SROZRL,https://www.mcas.com.au/assets/full/530SROZRL.webp,MCAS Legacy SKU Asset Check
530SROZSL,https://www.mcas.com.au/assets/full/530SROZSL.webp,MCAS Legacy SKU Asset Check
530SRRL,https://www.mcas.com.au/assets/full/530SRRL.webp,MCAS Legacy SKU Asset Check
530SRX2120,https://www.mcas.com.au/assets/full/530SRX2120.jpg,MCAS Legacy SKU Asset Check
530SRX2CL,https://www.mcas.com.au/assets/full/530SRX2CL.webp,MCAS Legacy SKU Asset Check
530SRX2GCL,https://www.mcas.com.au/assets/full/530SRX2GCL.webp,MCAS Legacy SKU Asset Check
530SRX2GRL,https://www.mcas.com.au/assets/full/530SRX2GRL.webp,MCAS Legacy SKU Asset Check
530SRX2RL,https://www.mcas.com.au/assets/full/530SRX2RL.webp,MCAS Legacy SKU Asset Check
530VX3120ZB,https://www.mcas.com.au/assets/full/530VX3120ZB.jpg,MCAS Legacy SKU Asset Check
530VX3GB120ZB,https://www.mcas.com.au/assets/full/530VX3GB120ZB.jpg,MCAS Legacy SKU Asset Check
530VX3GB126ZB,https://www.mcas.com.au/assets/full/530VX3GB126ZB.jpg,MCAS Legacy SKU Asset Check
530VX3GBZJ,https://www.mcas.com.au/assets/full/530VX3GBZJ.jpg,MCAS Legacy SKU Asset Check
530VX3ZJ,https://www.mcas.com.au/assets/full/530VX3ZJ.jpg,MCAS Legacy SKU Asset Check
530VXGB114ZB,https://www.mcas.com.au/assets/full/530VXGB114ZB.jpg,MCAS Legacy SKU Asset Check
530ZVMX122ZB,https://www.mcas.com.au/assets/full/530ZVMX122ZB.jpg,MCAS Legacy SKU Asset Check
530ZVMX2122ZB,https://www.mcas.com.au/assets/full/530ZVMX2122ZB.jpg,MCAS Legacy SKU Asset Check
530ZVMX2BB122ZB,https://www.mcas.com.au/assets/full/530ZVMX2BB122ZB.webp,MCAS Legacy SKU Asset Check
530ZVMX2BBZJ,https://www.mcas.com.au/assets/full/530ZVMX2BBZJ.jpg,MCAS Legacy SKU Asset Check
530ZVMX2GG122ZB,https://www.mcas.com.au/assets/full/530ZVMX2GG122ZB.webp,MCAS Legacy SKU Asset Check
530ZVMX2GGZJ,https://www.mcas.com.au/assets/full/530ZVMX2GGZJ.jpg,MCAS Legacy SKU Asset Check
530ZVMX2ZJ,https://www.mcas.com.au/assets/full/530ZVMX2ZJ.jpg,MCAS Legacy SKU Asset Check
530ZVMXBBZJ,https://www.mcas.com.au/assets/full/530ZVMXBBZJ.jpg,MCAS Legacy SKU Asset Check
530ZVX2104,https://www.mcas.com.au/assets/full/530ZVX2104.jpg,MCAS Legacy SKU Asset Check
530ZVX3120,https://www.mcas.com.au/assets/full/530ZVX3120.jpg,MCAS Legacy SKU Asset Check
530ZVX3122,https://www.mcas.com.au/assets/full/530ZVX3122.jpg,MCAS Legacy SKU Asset Check
530ZVX3G120,https://www.mcas.com.au/assets/full/530ZVX3G120.jpg,MCAS Legacy SKU Asset Check
6021703,https://www.mcas.com.au/assets/full/6021703.jpg,MCAS
6021705,https://www.mcas.com.au/assets/full/6021705.jpg,MCAS
6021711,https://www.mcas.com.au/assets/full/6021711.jpg,MCAS
6021712,https://www.mcas.com.au/assets/full/6021712.jpg,MCAS
6021807,https://www.mcas.com.au/assets/full/6021807.jpg,MCAS
6030100,https://www.mcas.com.au/assets/full/6030100.jpg,MCAS
6030101,https://www.mcas.com.au/assets/full/6030101.jpg,MCAS
6030102,https://www.mcas.com.au/assets/full/6030102.jpg,MCAS
6030103,https://www.mcas.com.au/assets/full/6030103.jpg,MCAS
6030104,https://www.mcas.com.au/assets/full/6030104.jpg,MCAS
6030105,https://www.mcas.com.au/assets/full/6030105.jpg,MCAS
6030106,https://www.mcas.com.au/assets/full/6030106.jpg,MCAS
6030107,https://www.mcas.com.au/assets/full/6030107.jpg,MCAS
630CL,https://www.mcas.com.au/assets/full/630CL.webp,MCAS
630MS170,https://www.mcas.com.au/assets/full/630MS170.jpg,MCAS
630MSCL,https://www.mcas.com.au/assets/full/630MSCL.webp,MCAS
630RL,https://www.mcas.com.au/assets/full/630RL.webp,MCAS
630SHB140,https://www.mcas.com.au/assets/full/630SHB140.jpg,MCAS
630SHBRL,https://www.mcas.com.au/assets/full/630SHBRL.webp,MCAS
630SHBZ150,https://www.mcas.com.au/assets/full/630SHBZ150.jpg,MCAS
630SHBZRL,https://www.mcas.com.au/assets/full/630SHBZRL.webp,MCAS
630SRO102,https://www.mcas.com.au/assets/full/630SRO102.jpg,MCAS
630SROCL,https://www.mcas.com.au/assets/full/630SROCL.webp,MCAS
630SROML,https://www.mcas.com.au/assets/full/630SROML.webp,MCAS
630SRORL,https://www.mcas.com.au/assets/full/630SRORL.webp,MCAS
630SROSL,https://www.mcas.com.au/assets/full/630SROSL.webp,MCAS
630SVORL,https://www.mcas.com.au/assets/full/630SVORL.webp,MCAS
630V102FB,https://www.mcas.com.au/assets/full/630V102FB.jpg,MCAS
630VFJ,https://www.mcas.com.au/assets/full/630VFJ.jpg,MCAS
7018135,https://www.mcas.com.au/assets/full/7018135.jpg,MCAS
7050141,https://www.mcas.com.au/assets/full/7050141.jpg,MCAS
7072338,https://www.mcas.com.au/assets/full/7072338.jpg,MCAS
7072354,https://www.mcas.com.au/assets/full/7072354.jpg,MCAS
7084491,https://www.mcas.com.au/assets/full/7084491.jpg,MCAS
7084492,https://www.mcas.com.au/assets/full/7084492.jpg,MCAS
7093231,https://www.mcas.com.au/assets/full/7093231.jpg,MCAS
7093252,https://www.mcas.com.au/assets/full/7093252.jpg,MCAS
7093256,https://www.mcas.com.au/assets/full/7093256.jpg,MCAS
7093263,https://www.mcas.com.au/assets/full/7093263.jpg,MCAS
7093265,https://www.mcas.com.au/assets/full/7093265.jpg,MCAS
7093665,https://www.mcas.com.au/assets/full/7093665.webp,MCAS
7093667,https://www.mcas.com.au/assets/full/7093667.webp,MCAS
7093668,https://www.mcas.com.au/assets/full/7093668.webp,MCAS
7093669,https://www.mcas.com.au/assets/full/7093669.webp,MCAS
7097068,https://www.mcas.com.au/assets/full/7097068.jpg,MCAS
7098905,https://www.mcas.com.au/assets/full/7098905.jpg,MCAS
7098907,https://www.mcas.com.au/assets/full/7098907.jpg,MCAS
7098908,https://www.mcas.com.au/assets/full/7098908.jpg,MCAS
7098909,https://www.mcas.com.au/assets/full/7098909.jpg,MCAS
7102286,https://www.mcas.com.au/assets/full/7102286.jpg,MCAS
7102288,https://www.mcas.com.au/assets/full/7102288.jpg,MCAS
7102289,https://www.mcas.com.au/assets/full/7102289.jpg,MCAS
7102618,https://www.mcas.com.au/assets/full/7102618.jpg,MCAS
7102626,https://www.mcas.com.au/assets/full/7102626.jpg,MCAS
7102633,https://www.mcas.com.au/assets/full/7102633.jpg,MCAS
7102947,https://www.mcas.com.au/assets/full/7102947.jpg,MCAS
7103038,https://www.mcas.com.au/assets/full/7103038.jpg,MCAS
7103040,https://www.mcas.com.au/assets/full/7103040.jpg,MCAS
7103535,https://www.mcas.com.au/assets/full/7103535.jpg,MCAS
7103536,https://www.mcas.com.au/assets/full/7103536.jpg,MCAS
7103537,https://www.mcas.com.au/assets/full/7103537.jpg,MCAS
7103539,https://www.mcas.com.au/assets/full/7103539.jpg,MCAS
7103543,https://www.mcas.com.au/assets/full/7103543.jpg,MCAS
7103544,https://www.mcas.com.au/assets/full/7103544.jpg,MCAS
7103886,https://www.mcas.com.au/assets/full/7103886.jpg,MCAS
7103907,https://www.mcas.com.au/assets/full/7103907.jpg,MCAS
7103948,https://www.mcas.com.au/assets/full/7103948.jpg,MCAS
7103950,https://www.mcas.com.au/assets/full/7103950.jpg,MCAS
7104267,https://www.mcas.com.au/assets/full/7104267.webp,MCAS
7104269,https://www.mcas.com.au/assets/full/7104269.webp,MCAS
7105707,https://www.mcas.com.au/assets/full/7105707.jpg,MCAS
7105708,https://www.mcas.com.au/assets/full/7105708.jpg,MCAS
7108804,https://www.mcas.com.au/assets/full/7108804.jpg,MCAS
7111395,https://www.mcas.com.au/assets/full/7111395.jpg,MCAS
7111396,https://www.mcas.com.au/assets/full/7111396.jpg,MCAS
7111397,https://www.mcas.com.au/assets/full/7111397.jpg,MCAS
7111398,https://www.mcas.com.au/assets/full/7111398.jpg,MCAS
7111399,https://www.mcas.com.au/assets/full/7111399.jpg,MCAS
7111400,https://www.mcas.com.au/assets/full/7111400.jpg,MCAS
7111401,https://www.mcas.com.au/assets/full/7111401.jpg,MCAS
7111407,https://www.mcas.com.au/assets/full/7111407.jpg,MCAS
7111408,https://www.mcas.com.au/assets/full/7111408.jpg,MCAS
7137525,https://www.mcas.com.au/assets/full/7137525.webp,MCAS
7137529,https://www.mcas.com.au/assets/full/7137529.webp,MCAS
7137533,https://www.mcas.com.au/assets/full/7137533.webp,MCAS
7137534,https://www.mcas.com.au/assets/full/7137534.webp,MCAS
7137537,https://www.mcas.com.au/assets/full/7137537.webp,MCAS
7137540,https://www.mcas.com.au/assets/full/7137540.webp,MCAS
7137541,https://www.mcas.com.au/assets/full/7137541.webp,MCAS
7137553,https://www.mcas.com.au/assets/full/7137553.jpg,MCAS
7148752,https://www.mcas.com.au/assets/full/7148752.webp,MCAS
7148753,https://www.mcas.com.au/assets/full/7148753.webp,MCAS
7148754,https://www.mcas.com.au/assets/full/7148754.webp,MCAS
7148861,https://www.mcas.com.au/assets/full/7148861.jpg,MCAS
7151428,https://www.mcas.com.au/assets/full/7151428.jpg,MCAS
8013360,https://www.mcas.com.au/assets/full/8013360.jpg,MCAS
8013370,https://www.mcas.com.au/assets/full/8013370.jpg,MCAS
8013371,https://www.mcas.com.au/assets/full/8013371.jpg,MCAS
8013372,https://www.mcas.com.au/assets/full/8013372.jpg,MCAS
8013375,https://www.mcas.com.au/assets/full/8013375.jpg,MCAS
8013376,https://www.mcas.com.au/assets/full/8013376.jpg,MCAS
8013380,https://www.mcas.com.au/assets/full/8013380.jpg,MCAS
8013382,https://www.mcas.com.au/assets/full/8013382.jpg,MCAS
8013395,https://www.mcas.com.au/assets/full/8013395.jpg,MCAS
8013400,https://www.mcas.com.au/assets/full/8013400.jpg,MCAS
8013411,https://www.mcas.com.au/assets/full/8013411.jpg,MCAS
8013421,https://www.mcas.com.au/assets/full/8013421.jpg,MCAS
8016446,https://www.mcas.com.au/assets/full/8016446.jpg,MCAS
8031053,https://www.mcas.com.au/assets/full/8031053.jpg,MCAS
8031075,https://www.mcas.com.au/assets/full/8031075.jpg,MCAS
8031076,https://www.mcas.com.au/assets/full/8031076.jpg,MCAS
8031084,https://www.mcas.com.au/assets/full/8031084.jpg,MCAS
8031085,https://www.mcas.com.au/assets/full/8031085.jpg,MCAS
8031086,https://www.mcas.com.au/assets/full/8031086.jpg,MCAS
8031107,https://www.mcas.com.au/assets/full/8031107.jpg,MCAS
8031112,https://www.mcas.com.au/assets/full/8031112.jpg,MCAS
8035150,https://www.mcas.com.au/assets/full/8035150.jpg,MCAS
8035151,https://www.mcas.com.au/assets/full/8035151.jpg,MCAS
8035153,https://www.mcas.com.au/assets/full/8035153.jpg,MCAS
8035164,https://www.mcas.com.au/assets/full/8035164.jpg,MCAS
8035165,https://www.mcas.com.au/assets/full/8035165.jpg,MCAS
8043612,https://www.mcas.com.au/assets/full/8043612.jpg,MCAS
8043614,https://www.mcas.com.au/assets/full/8043614.jpg,MCAS
8043615,https://www.mcas.com.au/assets/full/8043615.jpg,MCAS
8043616,https://www.mcas.com.au/assets/full/8043616.jpg,MCAS
8043617,https://www.mcas.com.au/assets/full/8043617.jpg,MCAS
8043618,https://www.mcas.com.au/assets/full/8043618.jpg,MCAS
8043619,https://www.mcas.com.au/assets/full/8043619.jpg,MCAS
8043632,https://www.mcas.com.au/assets/full/8043632.jpg,MCAS
8043633,https://www.mcas.com.au/assets/full/8043633.jpg,MCAS
8043637,https://www.mcas.com.au/assets/full/8043637.jpg,MCAS
8043639,https://www.mcas.com.au/assets/full/8043639.jpg,MCAS
8051886,https://www.mcas.com.au/assets/full/8051886.jpg,MCAS
8051888,https://www.mcas.com.au/assets/full/8051888.jpg,MCAS
8051889,https://www.mcas.com.au/assets/full/8051889.jpg,MCAS
8051891,https://www.mcas.com.au/assets/full/8051891.jpg,MCAS
8051901,https://www.mcas.com.au/assets/full/8051901.jpg,MCAS
8054040,https://www.mcas.com.au/assets/full/8054040.jpg,MCAS
8054041,https://www.mcas.com.au/assets/full/8054041.jpg,MCAS
8054042,https://www.mcas.com.au/assets/full/8054042.jpg,MCAS
8054043,https://www.mcas.com.au/assets/full/8054043.jpg,MCAS
8054044,https://www.mcas.com.au/assets/full/8054044.jpg,MCAS
8054053,https://www.mcas.com.au/assets/full/8054053.jpg,MCAS
8054058,https://www.mcas.com.au/assets/full/8054058.jpg,MCAS
8054063,https://www.mcas.com.au/assets/full/8054063.jpg,MCAS
8054064,https://www.mcas.com.au/assets/full/8054064.jpg,MCAS
8054066,https://www.mcas.com.au/assets/full/8054066.jpg,MCAS
8054067,https://www.mcas.com.au/assets/full/8054067.jpg,MCAS
8054071,https://www.mcas.com.au/assets/full/8054071.jpg,MCAS
8054072,https://www.mcas.com.au/assets/full/8054072.jpg,MCAS
8054075,https://www.mcas.com.au/assets/full/8054075.jpg,MCAS
8054077,https://www.mcas.com.au/assets/full/8054077.jpg,MCAS
8054078,https://www.mcas.com.au/assets/full/8054078.jpg,MCAS
8054079,https://www.mcas.com.au/assets/full/8054079.jpg,MCAS
8054080,https://www.mcas.com.au/assets/full/8054080.jpg,MCAS
8054083,https://www.mcas.com.au/assets/full/8054083.jpg,MCAS
8054084,https://www.mcas.com.au/assets/full/8054084.jpg,MCAS
8054085,https://www.mcas.com.au/assets/full/8054085.jpg,MCAS
8054088,https://www.mcas.com.au/assets/full/8054088.jpg,MCAS
8054090,https://www.mcas.com.au/assets/full/8054090.jpg,MCAS
8054091,https://www.mcas.com.au/assets/full/8054091.jpg,MCAS
8054092,https://www.mcas.com.au/assets/full/8054092.jpg,MCAS
8054093,https://www.mcas.com.au/assets/full/8054093.jpg,MCAS
8054095,https://www.mcas.com.au/assets/full/8054095.jpg,MCAS
8054096,https://www.mcas.com.au/assets/full/8054096.jpg,MCAS
8054785,https://www.mcas.com.au/assets/full/8054785.jpg,MCAS
8054789,https://www.mcas.com.au/assets/full/8054789.jpg,MCAS
8054866,https://www.mcas.com.au/assets/full/8054866.jpg,MCAS
8054867,https://www.mcas.com.au/assets/full/8054867.jpg,MCAS
8054868,https://www.mcas.com.au/assets/full/8054868.jpg,MCAS
8054874,https://www.mcas.com.au/assets/full/8054874.jpg,MCAS
8054875,https://www.mcas.com.au/assets/full/8054875.jpg,MCAS
8054876,https://www.mcas.com.au/assets/full/8054876.jpg,MCAS
8054886,https://www.mcas.com.au/assets/full/8054886.jpg,MCAS
8054887,https://www.mcas.com.au/assets/full/8054887.jpg,MCAS
8054888,https://www.mcas.com.au/assets/full/8054888.jpg,MCAS
8054889,https://www.mcas.com.au/assets/full/8054889.jpg,MCAS
8054892,https://www.mcas.com.au/assets/full/8054892.jpg,MCAS
8054893,https://www.mcas.com.au/assets/full/8054893.jpg,MCAS
8054894,https://www.mcas.com.au/assets/full/8054894.jpg,MCAS
8054896,https://www.mcas.com.au/assets/full/8054896.jpg,MCAS
8054897,https://www.mcas.com.au/assets/full/8054897.jpg,MCAS
8054898,https://www.mcas.com.au/assets/full/8054898.jpg,MCAS
8054899,https://www.mcas.com.au/assets/full/8054899.jpg,MCAS
8054901,https://www.mcas.com.au/assets/full/8054901.jpg,MCAS
8054902,https://www.mcas.com.au/assets/full/8054902.jpg,MCAS
8054903,https://www.mcas.com.au/assets/full/8054903.jpg,MCAS
8054904,https://www.mcas.com.au/assets/full/8054904.jpg,MCAS
8054905,https://www.mcas.com.au/assets/full/8054905.jpg,MCAS
8054908,https://www.mcas.com.au/assets/full/8054908.jpg,MCAS
8054909,https://www.mcas.com.au/assets/full/8054909.jpg,MCAS
8054948,https://www.mcas.com.au/assets/full/8054948.jpg,MCAS
8054951,https://www.mcas.com.au/assets/full/8054951.jpg,MCAS
8054952,https://www.mcas.com.au/assets/full/8054952.jpg,MCAS
96900BT1,https://www.mcas.com.au/assets/full/96900BT1.jpg,MCAS Legacy SKU Asset Check
96905BT1,https://www.mcas.com.au/assets/full/96905BT1.jpg,MCAS Legacy SKU Asset Check
96905BT4,https://www.mcas.com.au/assets/full/96905BT4.jpg,MCAS Legacy SKU Asset Check
96910BT1,https://www.mcas.com.au/assets/full/96910BT1.jpg,MCAS Legacy SKU Asset Check
96910BT4,https://www.mcas.com.au/assets/full/96910BT4.jpg,MCAS Legacy SKU Asset Check
96915BT1,https://www.mcas.com.au/assets/full/96915BT1.jpg,MCAS Legacy SKU Asset Check
96920BT1,https://www.mcas.com.au/assets/full/96920BT1.png,MCAS Legacy SKU Asset Check
96925BT1,https://www.mcas.com.au/assets/full/96925BT1.jpg,MCAS Legacy SKU Asset Check
99010B1LW,https://www.mcas.com.au/assets/full/99010B1LW.jpg,MCAS Legacy SKU Asset Check
99020A400W,https://www.mcas.com.au/assets/full/99020A400W.jpg,MCAS Legacy SKU Asset Check
99060A400W,https://www.mcas.com.au/assets/full/99060A400W.jpg,MCAS Legacy SKU Asset Check
99090B1LW,https://www.mcas.com.au/assets/full/99090B1LW.jpg,MCAS Legacy SKU Asset Check
99090B4LW,https://www.mcas.com.au/assets/full/99090B4LW.jpg,MCAS Legacy SKU Asset Check
99100B1LW,https://www.mcas.com.au/assets/full/99100B1LW.jpg,MCAS Legacy SKU Asset Check
99100B4LW,https://www.mcas.com.au/assets/full/99100B4LW.jpg,MCAS Legacy SKU Asset Check
99100DTW,https://www.mcas.com.au/assets/full/99100DTW.jpg,MCAS Legacy SKU Asset Check
99110B1LW,https://www.mcas.com.au/assets/full/99110B1LW.jpg,MCAS Legacy SKU Asset Check
99120B1LW,https://www.mcas.com.au/assets/full/99120B1LW.jpg,MCAS Legacy SKU Asset Check
99120B4LW,https://www.mcas.com.au/assets/full/99120B4LW.jpg,MCAS Legacy SKU Asset Check
99120DTW,https://www.mcas.com.au/assets/full/99120DTW.jpg,MCAS Legacy SKU Asset Check
99130B1LW,https://www.mcas.com.au/assets/full/99130B1LW.jpg,MCAS Legacy SKU Asset Check
99130B4LW,https://www.mcas.com.au/assets/full/99130B4LW.jpg,MCAS Legacy SKU Asset Check
99130DTW,https://www.mcas.com.au/assets/full/99130DTW.jpg,MCAS Legacy SKU Asset Check
99131B1LW,https://www.mcas.com.au/assets/full/99131B1LW.jpg,MCAS Legacy SKU Asset Check
99160B1LW,https://www.mcas.com.au/assets/full/99160B1LW.jpg,MCAS Legacy SKU Asset Check
99160B4LW,https://www.mcas.com.au/assets/full/99160B4LW.jpg,MCAS Legacy SKU Asset Check
99161B1LW,https://www.mcas.com.au/assets/full/99161B1LW.jpg,MCAS Legacy SKU Asset Check
99161B4LW,https://www.mcas.com.au/assets/full/99161B4LW.webp,MCAS Legacy SKU Asset Check
99180A400W,https://www.mcas.com.au/assets/full/99180A400W.jpg,MCAS Legacy SKU Asset Check
99190B1LW,https://www.mcas.com.au/assets/full/99190B1LW.jpg,MCAS Legacy SKU Asset Check
99200A400W,https://www.mcas.com.au/assets/full/99200A400W.jpg,MCAS Legacy SKU Asset Check
99230B1LW,https://www.mcas.com.au/assets/full/99230B1LW.jpg,MCAS Legacy SKU Asset Check
99234B1LW,https://www.mcas.com.au/assets/full/99234B1LW.jpg,MCAS Legacy SKU Asset Check
99234DTW,https://www.mcas.com.au/assets/full/99234DTW.jpg,MCAS Legacy SKU Asset Check
99240B1LW,https://www.mcas.com.au/assets/full/99240B1LW.jpg,MCAS Legacy SKU Asset Check
99250B1LW,https://www.mcas.com.au/assets/full/99250B1LW.jpg,MCAS Legacy SKU Asset Check
99260B1LW,https://www.mcas.com.au/assets/full/99260B1LW.jpg,MCAS Legacy SKU Asset Check
99280B1LW,https://www.mcas.com.au/assets/full/99280B1LW.jpg,MCAS Legacy SKU Asset Check
99300B1LW,https://www.mcas.com.au/assets/full/99300B1LW.jpg,MCAS Legacy SKU Asset Check
99310B1LW,https://www.mcas.com.au/assets/full/99310B1LW.jpg,MCAS Legacy SKU Asset Check
99320B1LW,https://www.mcas.com.au/assets/full/99320B1LW.jpg,MCAS Legacy SKU Asset Check
99330B1LW,https://www.mcas.com.au/assets/full/99330B1LW.jpg,MCAS Legacy SKU Asset Check
99340B1LW,https://www.mcas.com.au/assets/full/99340B1LW.jpg,MCAS Legacy SKU Asset Check
99350B1LW,https://www.mcas.com.au/assets/full/99350B1LW.jpg,MCAS Legacy SKU Asset Check
99360DTW,https://www.mcas.com.au/assets/full/99360DTW.webp,MCAS Legacy SKU Asset Check
99390B1LW,https://www.mcas.com.au/assets/full/99390B1LW.jpg,MCAS Legacy SKU Asset Check
99401BT1LA,https://www.mcas.com.au/assets/full/99401BT1LA.webp,MCAS Legacy SKU Asset Check
99405BT1LA,https://www.mcas.com.au/assets/full/99405BT1LA.webp,MCAS Legacy SKU Asset Check
99410B1LW,https://www.mcas.com.au/assets/full/99410B1LW.jpg,MCAS Legacy SKU Asset Check
99440B1LW,https://www.mcas.com.au/assets/full/99440B1LW.jpg,MCAS Legacy SKU Asset Check
99460B1LW,https://www.mcas.com.au/assets/full/99460B1LW.jpg,MCAS Legacy SKU Asset Check
99470A175W,https://www.mcas.com.au/assets/full/99470A175W.jpg,MCAS Legacy SKU Asset Check
99470A400W,https://www.mcas.com.au/assets/full/99470A400W.jpg,MCAS Legacy SKU Asset Check
99510B1LW,https://www.mcas.com.au/assets/full/99510B1LW.jpg,MCAS Legacy SKU Asset Check
99520B1LW,https://www.mcas.com.au/assets/full/99520B1LW.jpg,MCAS Legacy SKU Asset Check
99520B4LW,https://www.mcas.com.au/assets/full/99520B4LW.jpg,MCAS Legacy SKU Asset Check
99530B1LW,https://www.mcas.com.au/assets/full/99530B1LW.jpg,MCAS Legacy SKU Asset Check
99530B4LW,https://www.mcas.com.au/assets/full/99530B4LW.jpg,MCAS Legacy SKU Asset Check
99530CTTP,https://www.mcas.com.au/assets/full/99530CTTP.webp,MCAS Legacy SKU Asset Check
99540TB16W,https://www.mcas.com.au/assets/full/99540TB16W.jpg,MCAS Legacy SKU Asset Check
99550B1LW,https://www.mcas.com.au/assets/full/99550B1LW.jpg,MCAS Legacy SKU Asset Check
99550B4LW,https://www.mcas.com.au/assets/full/99550B4LW.jpg,MCAS Legacy SKU Asset Check
99551B1LW,https://www.mcas.com.au/assets/full/99551B1LW.jpg,MCAS Legacy SKU Asset Check
ACC00008,https://www.mcas.com.au/assets/full/ACC00008.jpg,MCAS Legacy SKU Asset Check
ACC00009,https://www.mcas.com.au/assets/full/ACC00009.jpg,MCAS Legacy SKU Asset Check
ACC00010,https://www.mcas.com.au/assets/full/ACC00010.jpg,MCAS Legacy SKU Asset Check
ACC00011,https://www.mcas.com.au/assets/full/ACC00011.jpg,MCAS Legacy SKU Asset Check
ACC00012,https://www.mcas.com.au/assets/full/ACC00012.png,MCAS Legacy SKU Asset Check
ACC00013,https://www.mcas.com.au/assets/full/ACC00013.jpg,MCAS Legacy SKU Asset Check
ACC00014,https://www.mcas.com.au/assets/full/ACC00014.jpg,MCAS Legacy SKU Asset Check
ACC00015,https://www.mcas.com.au/assets/full/ACC00015.jpg,MCAS Legacy SKU Asset Check
ACC00016,https://www.mcas.com.au/assets/full/ACC00016.jpg,MCAS Legacy SKU Asset Check
ACC00017,https://www.mcas.com.au/assets/full/ACC00017.jpg,MCAS Legacy SKU Asset Check
ACC00021,https://www.mcas.com.au/assets/full/ACC00021.jpg,MCAS Legacy SKU Asset Check
ACC00022,https://www.mcas.com.au/assets/full/ACC00022.jpg,MCAS Legacy SKU Asset Check
ACC00024,https://www.mcas.com.au/assets/full/ACC00024.jpg,MCAS Legacy SKU Asset Check
ADPA010004,https://www.mcas.com.au/assets/full/ADPA010004.webp,MCAS Legacy SKU Asset Check
AF01013109,https://www.mcas.com.au/assets/full/AF01013109.webp,MCAS Legacy SKU Asset Check
AF01013110,https://www.mcas.com.au/assets/full/AF01013110.webp,MCAS Legacy SKU Asset Check
AF01013207,https://www.mcas.com.au/assets/full/AF01013207.webp,MCAS Legacy SKU Asset Check
AF01026505,https://www.mcas.com.au/assets/full/AF01026505.webp,MCAS Legacy SKU Asset Check
AF01030131,https://www.mcas.com.au/assets/full/AF01030131.webp,MCAS Legacy SKU Asset Check
AF01059161,https://www.mcas.com.au/assets/full/AF01059161.webp,MCAS Legacy SKU Asset Check
AF01089131,https://www.mcas.com.au/assets/full/AF01089131.webp,MCAS Legacy SKU Asset Check
AF01089247,https://www.mcas.com.au/assets/full/AF01089247.webp,MCAS Legacy SKU Asset Check
AF01089248,https://www.mcas.com.au/assets/full/AF01089248.webp,MCAS Legacy SKU Asset Check
AF01092161,https://www.mcas.com.au/assets/full/AF01092161.webp,MCAS Legacy SKU Asset Check
AF01092204,https://www.mcas.com.au/assets/full/AF01092204.webp,MCAS Legacy SKU Asset Check
AF01215203,https://www.mcas.com.au/assets/full/AF01215203.webp,MCAS Legacy SKU Asset Check
AF01226165,https://www.mcas.com.au/assets/full/AF01226165.webp,MCAS Legacy SKU Asset Check
AF01270248,https://www.mcas.com.au/assets/full/AF01270248.webp,MCAS Legacy SKU Asset Check
AF01275202,https://www.mcas.com.au/assets/full/AF01275202.webp,MCAS Legacy SKU Asset Check
AF01275241,https://www.mcas.com.au/assets/full/AF01275241.webp,MCAS Legacy SKU Asset Check
AF01289135,https://www.mcas.com.au/assets/full/AF01289135.webp,MCAS Legacy SKU Asset Check
AF01289253,https://www.mcas.com.au/assets/full/AF01289253.webp,MCAS Legacy SKU Asset Check
AF01443636,https://www.mcas.com.au/assets/full/AF01443636.webp,MCAS Legacy SKU Asset Check
AF01477251,https://www.mcas.com.au/assets/full/AF01477251.webp,MCAS Legacy SKU Asset Check
AF01489244,https://www.mcas.com.au/assets/full/AF01489244.webp,MCAS Legacy SKU Asset Check
AF01489245,https://www.mcas.com.au/assets/full/AF01489245.webp,MCAS Legacy SKU Asset Check
AF01489553,https://www.mcas.com.au/assets/full/AF01489553.webp,MCAS Legacy SKU Asset Check
AF01490551,https://www.mcas.com.au/assets/full/AF01490551.webp,MCAS Legacy SKU Asset Check
AF01490552,https://www.mcas.com.au/assets/full/AF01490552.webp,MCAS Legacy SKU Asset Check
AF01497241,https://www.mcas.com.au/assets/full/AF01497241.webp,MCAS Legacy SKU Asset Check
AF01498200,https://www.mcas.com.au/assets/full/AF01498200.webp,MCAS Legacy SKU Asset Check
AF01626202,https://www.mcas.com.au/assets/full/AF01626202.webp,MCAS Legacy SKU Asset Check
AF01630551,https://www.mcas.com.au/assets/full/AF01630551.webp,MCAS Legacy SKU Asset Check
AF01670250,https://www.mcas.com.au/assets/full/AF01670250.webp,MCAS Legacy SKU Asset Check
AF01686206,https://www.mcas.com.au/assets/full/AF01686206.webp,MCAS Legacy SKU Asset Check
AF01689217,https://www.mcas.com.au/assets/full/AF01689217.webp,MCAS Legacy SKU Asset Check
AF01689220,https://www.mcas.com.au/assets/full/AF01689220.webp,MCAS Legacy SKU Asset Check
AF01689246,https://www.mcas.com.au/assets/full/AF01689246.webp,MCAS Legacy SKU Asset Check
AF01689247,https://www.mcas.com.au/assets/full/AF01689247.webp,MCAS Legacy SKU Asset Check
AF01689249,https://www.mcas.com.au/assets/full/AF01689249.webp,MCAS Legacy SKU Asset Check
AF01695241,https://www.mcas.com.au/assets/full/AF01695241.webp,MCAS Legacy SKU Asset Check
AF01698202,https://www.mcas.com.au/assets/full/AF01698202.webp,MCAS Legacy SKU Asset Check
AF05092100,https://www.mcas.com.au/assets/full/AF05092100.webp,MCAS Legacy SKU Asset Check
AF05095163,https://www.mcas.com.au/assets/full/AF05095163.webp,MCAS Legacy SKU Asset Check
AF05097200,https://www.mcas.com.au/assets/full/AF05097200.webp,MCAS Legacy SKU Asset Check
AF07141242,https://www.mcas.com.au/assets/full/AF07141242.webp,MCAS Legacy SKU Asset Check
AF08674242,https://www.mcas.com.au/assets/full/AF08674242.webp,MCAS Legacy SKU Asset Check
AF08678202,https://www.mcas.com.au/assets/full/AF08678202.webp,MCAS Legacy SKU Asset Check
AF08680200,https://www.mcas.com.au/assets/full/AF08680200.webp,MCAS Legacy SKU Asset Check
AF08690552,https://www.mcas.com.au/assets/full/AF08690552.webp,MCAS Legacy SKU Asset Check
AF08695101,https://www.mcas.com.au/assets/full/AF08695101.webp,MCAS Legacy SKU Asset Check
AF08695131,https://www.mcas.com.au/assets/full/AF08695131.webp,MCAS Legacy SKU Asset Check
AF08695132,https://www.mcas.com.au/assets/full/AF08695132.webp,MCAS Legacy SKU Asset Check
AF10030012,https://www.mcas.com.au/assets/full/AF10030012.jpg,MCAS Legacy SKU Asset Check
AF1011046,https://www.mcas.com.au/assets/full/AF1011046.jpg,MCAS Legacy SKU Asset Check
AF1011049,https://www.mcas.com.au/assets/full/AF1011049.jpg,MCAS Legacy SKU Asset Check
AF1021245,https://www.mcas.com.au/assets/full/AF1021245.jpg,MCAS Legacy SKU Asset Check
AF1021248,https://www.mcas.com.au/assets/full/AF1021248.jpg,MCAS Legacy SKU Asset Check
AF1021249,https://www.mcas.com.au/assets/full/AF1021249.webp,MCAS Legacy SKU Asset Check
AF1021250,https://www.mcas.com.au/assets/full/AF1021250.jpg,MCAS Legacy SKU Asset Check
AF1021251,https://www.mcas.com.au/assets/full/AF1021251.jpg,MCAS Legacy SKU Asset Check
AF1022341,https://www.mcas.com.au/assets/full/AF1022341.jpg,MCAS Legacy SKU Asset Check
AF1022342,https://www.mcas.com.au/assets/full/AF1022342.jpg,MCAS Legacy SKU Asset Check
AF1022343,https://www.mcas.com.au/assets/full/AF1022343.jpg,MCAS Legacy SKU Asset Check
AF1030448,https://www.mcas.com.au/assets/full/AF1030448.jpg,MCAS Legacy SKU Asset Check
AF1030449,https://www.mcas.com.au/assets/full/AF1030449.jpg,MCAS Legacy SKU Asset Check
AF1030450,https://www.mcas.com.au/assets/full/AF1030450.jpg,MCAS Legacy SKU Asset Check
AF1030451,https://www.mcas.com.au/assets/full/AF1030451.jpg,MCAS Legacy SKU Asset Check
AF10318-38,https://www.mcas.com.au/assets/full/AF10318-38.webp,MCAS Legacy SKU Asset Check
AF1032040,https://www.mcas.com.au/assets/full/AF1032040.jpg,MCAS Legacy SKU Asset Check
AF1033738,https://www.mcas.com.au/assets/full/AF1033738.webp,MCAS Legacy SKU Asset Check
AF1050839,https://www.mcas.com.au/assets/full/AF1050839.jpg,MCAS Legacy SKU Asset Check
AF1050843,https://www.mcas.com.au/assets/full/AF1050843.jpg,MCAS Legacy SKU Asset Check
AF1050844,https://www.mcas.com.au/assets/full/AF1050844.jpg,MCAS Legacy SKU Asset Check
AF1060543,https://www.mcas.com.au/assets/full/AF1060543.jpg,MCAS Legacy SKU Asset Check
AF1060743,https://www.mcas.com.au/assets/full/AF1060743.jpg,MCAS Legacy SKU Asset Check
AF1060840,https://www.mcas.com.au/assets/full/AF1060840.jpg,MCAS Legacy SKU Asset Check
AF1060845,https://www.mcas.com.au/assets/full/AF1060845.jpg,MCAS Legacy SKU Asset Check
AF1060846,https://www.mcas.com.au/assets/full/AF1060846.jpg,MCAS Legacy SKU Asset Check
AF1061343,https://www.mcas.com.au/assets/full/AF1061343.jpg,MCAS Legacy SKU Asset Check
AF1061344,https://www.mcas.com.au/assets/full/AF1061344.jpg,MCAS Legacy SKU Asset Check
AF1061347,https://www.mcas.com.au/assets/full/AF1061347.jpg,MCAS Legacy SKU Asset Check
AF1061640,https://www.mcas.com.au/assets/full/AF1061640.jpg,MCAS Legacy SKU Asset Check
AF1061642,https://www.mcas.com.au/assets/full/AF1061642.jpg,MCAS Legacy SKU Asset Check
AF1061741,https://www.mcas.com.au/assets/full/AF1061741.webp,MCAS Legacy SKU Asset Check
AF1061742,https://www.mcas.com.au/assets/full/AF1061742.jpg,MCAS Legacy SKU Asset Check
AF1061743,https://www.mcas.com.au/assets/full/AF1061743.jpg,MCAS Legacy SKU Asset Check
AF1061746,https://www.mcas.com.au/assets/full/AF1061746.jpg,MCAS Legacy SKU Asset Check
AF1061943,https://www.mcas.com.au/assets/full/AF1061943.jpg,MCAS Legacy SKU Asset Check
AF1062743,https://www.mcas.com.au/assets/full/AF1062743.webp,MCAS Legacy SKU Asset Check
AF1080242,https://www.mcas.com.au/assets/full/AF1080242.webp,MCAS Legacy SKU Asset Check
AF1110136,https://www.mcas.com.au/assets/full/AF1110136.jpg,MCAS Legacy SKU Asset Check
AF1110448SC,https://www.mcas.com.au/assets/full/AF1110448SC.webp,MCAS Legacy SKU Asset Check
AF1110449SC,https://www.mcas.com.au/assets/full/AF1110449SC.jpg,MCAS Legacy SKU Asset Check
AF1110451SC,https://www.mcas.com.au/assets/full/AF1110451SC.jpg,MCAS Legacy SKU Asset Check
AF1110454SC,https://www.mcas.com.au/assets/full/AF1110454SC.jpg,MCAS Legacy SKU Asset Check
AF1110455SC,https://www.mcas.com.au/assets/full/AF1110455SC.jpg,MCAS Legacy SKU Asset Check
AF1110456SC,https://www.mcas.com.au/assets/full/AF1110456SC.jpg,MCAS Legacy SKU Asset Check
AF11110-52,https://www.mcas.com.au/assets/full/AF11110-52.webp,MCAS Legacy SKU Asset Check
AF1111052SC,https://www.mcas.com.au/assets/full/AF1111052SC.jpg,MCAS Legacy SKU Asset Check
AF1111337,https://www.mcas.com.au/assets/full/AF1111337.jpg,MCAS Legacy SKU Asset Check
AF11212-46,https://www.mcas.com.au/assets/full/AF11212-46.webp,MCAS Legacy SKU Asset Check
AF11212-47,https://www.mcas.com.au/assets/full/AF11212-47.webp,MCAS Legacy SKU Asset Check
AF1130438,https://www.mcas.com.au/assets/full/AF1130438.jpg,MCAS Legacy SKU Asset Check
AF1130440,https://www.mcas.com.au/assets/full/AF1130440.jpg,MCAS Legacy SKU Asset Check
AF1130441,https://www.mcas.com.au/assets/full/AF1130441.jpg,MCAS Legacy SKU Asset Check
AF1130443,https://www.mcas.com.au/assets/full/AF1130443.jpg,MCAS Legacy SKU Asset Check
AF1141039,https://www.mcas.com.au/assets/full/AF1141039.jpg,MCAS Legacy SKU Asset Check
AF1150944,https://www.mcas.com.au/assets/full/AF1150944.jpg,MCAS Legacy SKU Asset Check
AF1150946,https://www.mcas.com.au/assets/full/AF1150946.jpg,MCAS Legacy SKU Asset Check
AF1150949,https://www.mcas.com.au/assets/full/AF1150949.jpg,MCAS Legacy SKU Asset Check
AF1160143,https://www.mcas.com.au/assets/full/AF1160143.webp,MCAS Legacy SKU Asset Check
AF1161843,https://www.mcas.com.au/assets/full/AF1161843.jpg,MCAS Legacy SKU Asset Check
AF1161844,https://www.mcas.com.au/assets/full/AF1161844.jpg,MCAS Legacy SKU Asset Check
AF1161845,https://www.mcas.com.au/assets/full/AF1161845.jpg,MCAS Legacy SKU Asset Check
AF1161846,https://www.mcas.com.au/assets/full/AF1161846.webp,MCAS Legacy SKU Asset Check
AF1161847,https://www.mcas.com.au/assets/full/AF1161847.jpg,MCAS Legacy SKU Asset Check
AF1162441,https://www.mcas.com.au/assets/full/AF1162441.jpg,MCAS Legacy SKU Asset Check
AF1222449,https://www.mcas.com.au/assets/full/AF1222449.jpg,MCAS Legacy SKU Asset Check
AF1222454,https://www.mcas.com.au/assets/full/AF1222454.jpg,MCAS Legacy SKU Asset Check
AF1222748,https://www.mcas.com.au/assets/full/AF1222748.jpg,MCAS Legacy SKU Asset Check
AF1230546,https://www.mcas.com.au/assets/full/AF1230546.jpg,MCAS Legacy SKU Asset Check
AF1230547,https://www.mcas.com.au/assets/full/AF1230547.jpg,MCAS Legacy SKU Asset Check
AF1230548,https://www.mcas.com.au/assets/full/AF1230548.jpg,MCAS Legacy SKU Asset Check
AF1240740,https://www.mcas.com.au/assets/full/AF1240740.jpg,MCAS Legacy SKU Asset Check
AF1250240,https://www.mcas.com.au/assets/full/AF1250240.jpg,MCAS Legacy SKU Asset Check
AF1250241,https://www.mcas.com.au/assets/full/AF1250241.jpg,MCAS Legacy SKU Asset Check
AF1250242,https://www.mcas.com.au/assets/full/AF1250242.jpg,MCAS Legacy SKU Asset Check
AF1250545,https://www.mcas.com.au/assets/full/AF1250545.webp,MCAS Legacy SKU Asset Check
AF1250546,https://www.mcas.com.au/assets/full/AF1250546.jpg,MCAS Legacy SKU Asset Check
AF1250846,https://www.mcas.com.au/assets/full/AF1250846.jpg,MCAS Legacy SKU Asset Check
AF1250848,https://www.mcas.com.au/assets/full/AF1250848.jpg,MCAS Legacy SKU Asset Check
AF1250850,https://www.mcas.com.au/assets/full/AF1250850.jpg,MCAS Legacy SKU Asset Check
AF1260145,https://www.mcas.com.au/assets/full/AF1260145.jpg,MCAS Legacy SKU Asset Check
AF1260343,https://www.mcas.com.au/assets/full/AF1260343.jpg,MCAS Legacy SKU Asset Check
AF1260344,https://www.mcas.com.au/assets/full/AF1260344.jpg,MCAS Legacy SKU Asset Check
AF12604-46,https://www.mcas.com.au/assets/full/AF12604-46.webp,MCAS Legacy SKU Asset Check
AF1260639,https://www.mcas.com.au/assets/full/AF1260639.jpg,MCAS Legacy SKU Asset Check
AF1260642,https://www.mcas.com.au/assets/full/AF1260642.webp,MCAS Legacy SKU Asset Check
AF1260646,https://www.mcas.com.au/assets/full/AF1260646.webp,MCAS Legacy SKU Asset Check
AF1260748,https://www.mcas.com.au/assets/full/AF1260748.jpg,MCAS Legacy SKU Asset Check
AF1280138,https://www.mcas.com.au/assets/full/AF1280138.jpg,MCAS Legacy SKU Asset Check
AF1280139,https://www.mcas.com.au/assets/full/AF1280139.jpg,MCAS Legacy SKU Asset Check
AF1280143,https://www.mcas.com.au/assets/full/AF1280143.jpg,MCAS Legacy SKU Asset Check
AF1280146,https://www.mcas.com.au/assets/full/AF1280146.jpg,MCAS Legacy SKU Asset Check
AF1280147,https://www.mcas.com.au/assets/full/AF1280147.jpg,MCAS Legacy SKU Asset Check
AF1280148,https://www.mcas.com.au/assets/full/AF1280148.jpg,MCAS Legacy SKU Asset Check
AF1281342,https://www.mcas.com.au/assets/full/AF1281342.jpg,MCAS Legacy SKU Asset Check
AF1281343,https://www.mcas.com.au/assets/full/AF1281343.jpg,MCAS Legacy SKU Asset Check
AF1281344,https://www.mcas.com.au/assets/full/AF1281344.jpg,MCAS Legacy SKU Asset Check
AF1281348,https://www.mcas.com.au/assets/full/AF1281348.jpg,MCAS Legacy SKU Asset Check
AF1281544,https://www.mcas.com.au/assets/full/AF1281544.webp,MCAS Legacy SKU Asset Check
AF1281641,https://www.mcas.com.au/assets/full/AF1281641.jpg,MCAS Legacy SKU Asset Check
AF12817RLK-43,https://www.mcas.com.au/assets/full/AF12817RLK-43.webp,MCAS Legacy SKU Asset Check
AF1310846,https://www.mcas.com.au/assets/full/AF1310846.jpg,MCAS Legacy SKU Asset Check
AF1330152,https://www.mcas.com.au/assets/full/AF1330152.webp,MCAS Legacy SKU Asset Check
AF1350040,https://www.mcas.com.au/assets/full/AF1350040.jpg,MCAS Legacy SKU Asset Check
AF1350042,https://www.mcas.com.au/assets/full/AF1350042.jpg,MCAS Legacy SKU Asset Check
AF1350044,https://www.mcas.com.au/assets/full/AF1350044.jpg,MCAS Legacy SKU Asset Check
AF1350046,https://www.mcas.com.au/assets/full/AF1350046.jpg,MCAS Legacy SKU Asset Check
AF1350849,https://www.mcas.com.au/assets/full/AF1350849.webp,MCAS Legacy SKU Asset Check
AF1350851,https://www.mcas.com.au/assets/full/AF1350851.jpg,MCAS Legacy SKU Asset Check
AF1381439,https://www.mcas.com.au/assets/full/AF1381439.webp,MCAS Legacy SKU Asset Check
AF1381440,https://www.mcas.com.au/assets/full/AF1381440.jpg,MCAS Legacy SKU Asset Check
AF1381441,https://www.mcas.com.au/assets/full/AF1381441.jpg,MCAS Legacy SKU Asset Check
AF1381442,https://www.mcas.com.au/assets/full/AF1381442.jpg,MCAS Legacy SKU Asset Check
AF1381443,https://www.mcas.com.au/assets/full/AF1381443.jpg,MCAS Legacy SKU Asset Check
AF1381444,https://www.mcas.com.au/assets/full/AF1381444.jpg,MCAS Legacy SKU Asset Check
AF1381445,https://www.mcas.com.au/assets/full/AF1381445.jpg,MCAS Legacy SKU Asset Check
AF1381447,https://www.mcas.com.au/assets/full/AF1381447.jpg,MCAS Legacy SKU Asset Check
AF1381448,https://www.mcas.com.au/assets/full/AF1381448.webp,MCAS Legacy SKU Asset Check
AF1381449,https://www.mcas.com.au/assets/full/AF1381449.webp,MCAS Legacy SKU Asset Check
AF1410037,https://www.mcas.com.au/assets/full/AF1410037.jpg,MCAS Legacy SKU Asset Check
AF1410038,https://www.mcas.com.au/assets/full/AF1410038.jpg,MCAS Legacy SKU Asset Check
AF1420344,https://www.mcas.com.au/assets/full/AF1420344.jpg,MCAS Legacy SKU Asset Check
AF1420347,https://www.mcas.com.au/assets/full/AF1420347.jpg,MCAS Legacy SKU Asset Check
AF1420348,https://www.mcas.com.au/assets/full/AF1420348.jpg,MCAS Legacy SKU Asset Check
AF1420349,https://www.mcas.com.au/assets/full/AF1420349.jpg,MCAS Legacy SKU Asset Check
AF1420350,https://www.mcas.com.au/assets/full/AF1420350.jpg,MCAS Legacy SKU Asset Check
AF1420351,https://www.mcas.com.au/assets/full/AF1420351.jpg,MCAS Legacy SKU Asset Check
AF1420643,https://www.mcas.com.au/assets/full/AF1420643.webp,MCAS Legacy SKU Asset Check
AF1431039,https://www.mcas.com.au/assets/full/AF1431039.webp,MCAS Legacy SKU Asset Check
AF1431040,https://www.mcas.com.au/assets/full/AF1431040.webp,MCAS Legacy SKU Asset Check
AF1431241,https://www.mcas.com.au/assets/full/AF1431241.webp,MCAS Legacy SKU Asset Check
AF1440444,https://www.mcas.com.au/assets/full/AF1440444.jpg,MCAS Legacy SKU Asset Check
AF1440445,https://www.mcas.com.au/assets/full/AF1440445.jpg,MCAS Legacy SKU Asset Check
AF1440448,https://www.mcas.com.au/assets/full/AF1440448.jpg,MCAS Legacy SKU Asset Check
AF1440546,https://www.mcas.com.au/assets/full/AF1440546.webp,MCAS Legacy SKU Asset Check
AF1450641,https://www.mcas.com.au/assets/full/AF1450641.jpg,MCAS Legacy SKU Asset Check
AF1450643,https://www.mcas.com.au/assets/full/AF1450643.jpg,MCAS Legacy SKU Asset Check
AF1450744,https://www.mcas.com.au/assets/full/AF1450744.jpg,MCAS Legacy SKU Asset Check
AF1450745,https://www.mcas.com.au/assets/full/AF1450745.jpg,MCAS Legacy SKU Asset Check
AF1450746,https://www.mcas.com.au/assets/full/AF1450746.jpg,MCAS Legacy SKU Asset Check
AF1460145,https://www.mcas.com.au/assets/full/AF1460145.jpg,MCAS Legacy SKU Asset Check
AF1460147,https://www.mcas.com.au/assets/full/AF1460147.jpg,MCAS Legacy SKU Asset Check
AF1460441,https://www.mcas.com.au/assets/full/AF1460441.jpg,MCAS Legacy SKU Asset Check
AF1460442,https://www.mcas.com.au/assets/full/AF1460442.jpg,MCAS Legacy SKU Asset Check
AF1460445,https://www.mcas.com.au/assets/full/AF1460445.jpg,MCAS Legacy SKU Asset Check
AF1460447,https://www.mcas.com.au/assets/full/AF1460447.jpg,MCAS Legacy SKU Asset Check
AF1490242,https://www.mcas.com.au/assets/full/AF1490242.jpg,MCAS Legacy SKU Asset Check
AF1490243,https://www.mcas.com.au/assets/full/AF1490243.jpg,MCAS Legacy SKU Asset Check
AF1490244,https://www.mcas.com.au/assets/full/AF1490244.jpg,MCAS Legacy SKU Asset Check
AF1490245,https://www.mcas.com.au/assets/full/AF1490245.jpg,MCAS Legacy SKU Asset Check
AF1490248,https://www.mcas.com.au/assets/full/AF1490248.jpg,MCAS Legacy SKU Asset Check
AF1491141,https://www.mcas.com.au/assets/full/AF1491141.jpg,MCAS Legacy SKU Asset Check
AF1510446,https://www.mcas.com.au/assets/full/AF1510446.webp,MCAS Legacy SKU Asset Check
AF1510447,https://www.mcas.com.au/assets/full/AF1510447.webp,MCAS Legacy SKU Asset Check
AF1510449,https://www.mcas.com.au/assets/full/AF1510449.jpg,MCAS Legacy SKU Asset Check
AF1510451SC,https://www.mcas.com.au/assets/full/AF1510451SC.jpg,MCAS Legacy SKU Asset Check
AF1520347,https://www.mcas.com.au/assets/full/AF1520347.jpg,MCAS Legacy SKU Asset Check
AF1520349,https://www.mcas.com.au/assets/full/AF1520349.webp,MCAS Legacy SKU Asset Check
AF1541237,https://www.mcas.com.au/assets/full/AF1541237.jpg,MCAS Legacy SKU Asset Check
AF1541238,https://www.mcas.com.au/assets/full/AF1541238.jpg,MCAS Legacy SKU Asset Check
AF1541239,https://www.mcas.com.au/assets/full/AF1541239.jpg,MCAS Legacy SKU Asset Check
AF1560440,https://www.mcas.com.au/assets/full/AF1560440.jpg,MCAS Legacy SKU Asset Check
AF1560442,https://www.mcas.com.au/assets/full/AF1560442.jpg,MCAS Legacy SKU Asset Check
AF1560443,https://www.mcas.com.au/assets/full/AF1560443.jpg,MCAS Legacy SKU Asset Check
AF1560444,https://www.mcas.com.au/assets/full/AF1560444.jpg,MCAS Legacy SKU Asset Check
AF1560446,https://www.mcas.com.au/assets/full/AF1560446.jpg,MCAS Legacy SKU Asset Check
AF1560447,https://www.mcas.com.au/assets/full/AF1560447.jpg,MCAS Legacy SKU Asset Check
AF1560538,https://www.mcas.com.au/assets/full/AF1560538.webp,MCAS Legacy SKU Asset Check
AF1560539,https://www.mcas.com.au/assets/full/AF1560539.webp,MCAS Legacy SKU Asset Check
AF1560541,https://www.mcas.com.au/assets/full/AF1560541.webp,MCAS Legacy SKU Asset Check
AF1560546,https://www.mcas.com.au/assets/full/AF1560546.jpg,MCAS Legacy SKU Asset Check
AF1560548,https://www.mcas.com.au/assets/full/AF1560548.jpg,MCAS Legacy SKU Asset Check
AF1620448,https://www.mcas.com.au/assets/full/AF1620448.jpg,MCAS Legacy SKU Asset Check
AF1620449,https://www.mcas.com.au/assets/full/AF1620449.jpg,MCAS Legacy SKU Asset Check
AF1620450,https://www.mcas.com.au/assets/full/AF1620450.jpg,MCAS Legacy SKU Asset Check
AF1640636,https://www.mcas.com.au/assets/full/AF1640636.webp,MCAS Legacy SKU Asset Check
AF1640638,https://www.mcas.com.au/assets/full/AF1640638.jpg,MCAS Legacy SKU Asset Check
AF16431131,https://www.mcas.com.au/assets/full/AF16431131.webp,MCAS Legacy SKU Asset Check
AF16489551,https://www.mcas.com.au/assets/full/AF16489551.webp,MCAS Legacy SKU Asset Check
AF16489552,https://www.mcas.com.au/assets/full/AF16489552.webp,MCAS Legacy SKU Asset Check
AF1650440,https://www.mcas.com.au/assets/full/AF1650440.jpg,MCAS Legacy SKU Asset Check
AF16580042,https://www.mcas.com.au/assets/full/AF16580042.webp,MCAS Legacy SKU Asset Check
AF16580044,https://www.mcas.com.au/assets/full/AF16580044.jpg,MCAS Legacy SKU Asset Check
AF16580046,https://www.mcas.com.au/assets/full/AF16580046.jpg,MCAS Legacy SKU Asset Check
AF16580140,https://www.mcas.com.au/assets/full/AF16580140.jpg,MCAS Legacy SKU Asset Check
AF16580141,https://www.mcas.com.au/assets/full/AF16580141.jpg,MCAS Legacy SKU Asset Check
AF16580142,https://www.mcas.com.au/assets/full/AF16580142.jpg,MCAS Legacy SKU Asset Check
AF16580145,https://www.mcas.com.au/assets/full/AF16580145.jpg,MCAS Legacy SKU Asset Check
AF16580146,https://www.mcas.com.au/assets/full/AF16580146.jpg,MCAS Legacy SKU Asset Check
AF16580342,https://www.mcas.com.au/assets/full/AF16580342.jpg,MCAS Legacy SKU Asset Check
AF1660042,https://www.mcas.com.au/assets/full/AF1660042.jpg,MCAS Legacy SKU Asset Check
AF1660338,https://www.mcas.com.au/assets/full/AF1660338.jpg,MCAS Legacy SKU Asset Check
AF1660339,https://www.mcas.com.au/assets/full/AF1660339.jpg,MCAS Legacy SKU Asset Check
AF1660340,https://www.mcas.com.au/assets/full/AF1660340.jpg,MCAS Legacy SKU Asset Check
AF1660343,https://www.mcas.com.au/assets/full/AF1660343.jpg,MCAS Legacy SKU Asset Check
AF1660345,https://www.mcas.com.au/assets/full/AF1660345.jpg,MCAS Legacy SKU Asset Check
AF1660348,https://www.mcas.com.au/assets/full/AF1660348.jpg,MCAS Legacy SKU Asset Check
AF1660441,https://www.mcas.com.au/assets/full/AF1660441.jpg,MCAS Legacy SKU Asset Check
AF1660442,https://www.mcas.com.au/assets/full/AF1660442.jpg,MCAS Legacy SKU Asset Check
AF1660444,https://www.mcas.com.au/assets/full/AF1660444.jpg,MCAS Legacy SKU Asset Check
AF1660445,https://www.mcas.com.au/assets/full/AF1660445.jpg,MCAS Legacy SKU Asset Check
AF1660539,https://www.mcas.com.au/assets/full/AF1660539.jpg,MCAS Legacy SKU Asset Check
AF1660540,https://www.mcas.com.au/assets/full/AF1660540.jpg,MCAS Legacy SKU Asset Check
AF1660643,https://www.mcas.com.au/assets/full/AF1660643.jpg,MCAS Legacy SKU Asset Check
AF1660645,https://www.mcas.com.au/assets/full/AF1660645.webp,MCAS Legacy SKU Asset Check
AF1661040,https://www.mcas.com.au/assets/full/AF1661040.webp,MCAS Legacy SKU Asset Check
AF16680015,https://www.mcas.com.au/assets/full/AF16680015.jpg,MCAS Legacy SKU Asset Check
AF16680017,https://www.mcas.com.au/assets/full/AF16680017.jpg,MCAS Legacy SKU Asset Check
AF16680217,https://www.mcas.com.au/assets/full/AF16680217.jpg,MCAS Legacy SKU Asset Check
AF1670144,https://www.mcas.com.au/assets/full/AF1670144.jpg,MCAS Legacy SKU Asset Check
AF1670145,https://www.mcas.com.au/assets/full/AF1670145.jpg,MCAS Legacy SKU Asset Check
AF1710044,https://www.mcas.com.au/assets/full/AF1710044.webp,MCAS Legacy SKU Asset Check
AF1710449,https://www.mcas.com.au/assets/full/AF1710449.jpg,MCAS Legacy SKU Asset Check
AF1710450SC,https://www.mcas.com.au/assets/full/AF1710450SC.jpg,MCAS Legacy SKU Asset Check
AF1710451SC,https://www.mcas.com.au/assets/full/AF1710451SC.jpg,MCAS Legacy SKU Asset Check
AF1710746,https://www.mcas.com.au/assets/full/AF1710746.jpg,MCAS Legacy SKU Asset Check
AF1710747,https://www.mcas.com.au/assets/full/AF1710747.webp,MCAS Legacy SKU Asset Check
AF1720450,https://www.mcas.com.au/assets/full/AF1720450.jpg,MCAS Legacy SKU Asset Check
AF1720647,https://www.mcas.com.au/assets/full/AF1720647.webp,MCAS Legacy SKU Asset Check
AF1720651,https://www.mcas.com.au/assets/full/AF1720651.webp,MCAS Legacy SKU Asset Check
AF1720652,https://www.mcas.com.au/assets/full/AF1720652.webp,MCAS Legacy SKU Asset Check
AF1740442,https://www.mcas.com.au/assets/full/AF1740442.jpg,MCAS Legacy SKU Asset Check
AF1740443,https://www.mcas.com.au/assets/full/AF1740443.jpg,MCAS Legacy SKU Asset Check
AF1740444,https://www.mcas.com.au/assets/full/AF1740444.jpg,MCAS Legacy SKU Asset Check
AF1750043,https://www.mcas.com.au/assets/full/AF1750043.jpg,MCAS Legacy SKU Asset Check
AF1750044,https://www.mcas.com.au/assets/full/AF1750044.jpg,MCAS Legacy SKU Asset Check
AF1760642,https://www.mcas.com.au/assets/full/AF1760642.webp,MCAS Legacy SKU Asset Check
AF1760643,https://www.mcas.com.au/assets/full/AF1760643.jpg,MCAS Legacy SKU Asset Check
AF19180200,https://www.mcas.com.au/assets/full/AF19180200.webp,MCAS Legacy SKU Asset Check
AF2010514,https://www.mcas.com.au/assets/full/AF2010514.jpg,MCAS Legacy SKU Asset Check
AF2010515,https://www.mcas.com.au/assets/full/AF2010515.jpg,MCAS Legacy SKU Asset Check
AF2010714,https://www.mcas.com.au/assets/full/AF2010714.jpg,MCAS Legacy SKU Asset Check
AF2010715,https://www.mcas.com.au/assets/full/AF2010715.jpg,MCAS Legacy SKU Asset Check
AF2010814,https://www.mcas.com.au/assets/full/AF2010814.jpg,MCAS Legacy SKU Asset Check
AF2011213,https://www.mcas.com.au/assets/full/AF2011213.jpg,MCAS Legacy SKU Asset Check
AF2011413,https://www.mcas.com.au/assets/full/AF2011413.jpg,MCAS Legacy SKU Asset Check
AF2020612,https://www.mcas.com.au/assets/full/AF2020612.webp,MCAS Legacy SKU Asset Check
AF2020612SC,https://www.mcas.com.au/assets/full/AF2020612SC.jpg,MCAS Legacy SKU Asset Check
AF2020613,https://www.mcas.com.au/assets/full/AF2020613.webp,MCAS Legacy SKU Asset Check
AF2020613SC,https://www.mcas.com.au/assets/full/AF2020613SC.jpg,MCAS Legacy SKU Asset Check
AF2020614,https://www.mcas.com.au/assets/full/AF2020614.webp,MCAS Legacy SKU Asset Check
AF2020614SC,https://www.mcas.com.au/assets/full/AF2020614SC.jpg,MCAS Legacy SKU Asset Check
AF2020914,https://www.mcas.com.au/assets/full/AF2020914.jpg,MCAS Legacy SKU Asset Check
AF2020915,https://www.mcas.com.au/assets/full/AF2020915.jpg,MCAS Legacy SKU Asset Check
AF2021013,https://www.mcas.com.au/assets/full/AF2021013.jpg,MCAS Legacy SKU Asset Check
AF2021014,https://www.mcas.com.au/assets/full/AF2021014.jpg,MCAS Legacy SKU Asset Check
AF2021115,https://www.mcas.com.au/assets/full/AF2021115.jpg,MCAS Legacy SKU Asset Check
AF2021215,https://www.mcas.com.au/assets/full/AF2021215.jpg,MCAS Legacy SKU Asset Check
AF2030513,https://www.mcas.com.au/assets/full/AF2030513.jpg,MCAS Legacy SKU Asset Check
AF2031013,https://www.mcas.com.au/assets/full/AF2031013.jpg,MCAS Legacy SKU Asset Check
AF2031113,https://www.mcas.com.au/assets/full/AF2031113.jpg,MCAS Legacy SKU Asset Check
AF2031114,https://www.mcas.com.au/assets/full/AF2031114.jpg,MCAS Legacy SKU Asset Check
AF2031313,https://www.mcas.com.au/assets/full/AF2031313.jpg,MCAS Legacy SKU Asset Check
AF2031414,https://www.mcas.com.au/assets/full/AF2031414.jpg,MCAS Legacy SKU Asset Check
AF2032013,https://www.mcas.com.au/assets/full/AF2032013.jpg,MCAS Legacy SKU Asset Check
AF2032413,https://www.mcas.com.au/assets/full/AF2032413.jpg,MCAS Legacy SKU Asset Check
AF2040616,https://www.mcas.com.au/assets/full/AF2040616.webp,MCAS Legacy SKU Asset Check
AF2040715,https://www.mcas.com.au/assets/full/AF2040715.jpg,MCAS Legacy SKU Asset Check
AF2050217,https://www.mcas.com.au/assets/full/AF2050217.webp,MCAS Legacy SKU Asset Check
AF2050415,https://www.mcas.com.au/assets/full/AF2050415.jpg,MCAS Legacy SKU Asset Check
AF2050714,https://www.mcas.com.au/assets/full/AF2050714.jpg,MCAS Legacy SKU Asset Check
AF2050915,https://www.mcas.com.au/assets/full/AF2050915.jpg,MCAS Legacy SKU Asset Check
AF2051014,https://www.mcas.com.au/assets/full/AF2051014.jpg,MCAS Legacy SKU Asset Check
AF2051015,https://www.mcas.com.au/assets/full/AF2051015.jpg,MCAS Legacy SKU Asset Check
AF2051514,https://www.mcas.com.au/assets/full/AF2051514.jpg,MCAS Legacy SKU Asset Check
AF2051515,https://www.mcas.com.au/assets/full/AF2051515.jpg,MCAS Legacy SKU Asset Check
AF2051714,https://www.mcas.com.au/assets/full/AF2051714.jpg,MCAS Legacy SKU Asset Check
AF2051715,https://www.mcas.com.au/assets/full/AF2051715.jpg,MCAS Legacy SKU Asset Check
AF2060218,https://www.mcas.com.au/assets/full/AF2060218.jpg,MCAS Legacy SKU Asset Check
AF2061015,https://www.mcas.com.au/assets/full/AF2061015.webp,MCAS Legacy SKU Asset Check
AF2061016,https://www.mcas.com.au/assets/full/AF2061016.webp,MCAS Legacy SKU Asset Check
AF2061115,https://www.mcas.com.au/assets/full/AF2061115.jpg,MCAS Legacy SKU Asset Check
AF2061315,https://www.mcas.com.au/assets/full/AF2061315.webp,MCAS Legacy SKU Asset Check
AF2061716,https://www.mcas.com.au/assets/full/AF2061716.webp,MCAS Legacy SKU Asset Check
AF2061717,https://www.mcas.com.au/assets/full/AF2061717.webp,MCAS Legacy SKU Asset Check
AF2120214SC,https://www.mcas.com.au/assets/full/AF2120214SC.webp,MCAS Legacy SKU Asset Check
AF2120312,https://www.mcas.com.au/assets/full/AF2120312.jpg,MCAS Legacy SKU Asset Check
AF2120313,https://www.mcas.com.au/assets/full/AF2120313.jpg,MCAS Legacy SKU Asset Check
AF2120314,https://www.mcas.com.au/assets/full/AF2120314.jpg,MCAS Legacy SKU Asset Check
AF2120314SC,https://www.mcas.com.au/assets/full/AF2120314SC.webp,MCAS Legacy SKU Asset Check
AF2120713,https://www.mcas.com.au/assets/full/AF2120713.jpg,MCAS Legacy SKU Asset Check
AF2120714,https://www.mcas.com.au/assets/full/AF2120714.jpg,MCAS Legacy SKU Asset Check
AF2120814,https://www.mcas.com.au/assets/full/AF2120814.jpg,MCAS Legacy SKU Asset Check
AF2130013,https://www.mcas.com.au/assets/full/AF2130013.jpg,MCAS Legacy SKU Asset Check
AF2130014,https://www.mcas.com.au/assets/full/AF2130014.jpg,MCAS Legacy SKU Asset Check
AF2130614,https://www.mcas.com.au/assets/full/AF2130614.jpg,MCAS Legacy SKU Asset Check
AF2130912,https://www.mcas.com.au/assets/full/AF2130912.jpg,MCAS Legacy SKU Asset Check
AF2130913,https://www.mcas.com.au/assets/full/AF2130913.jpg,MCAS Legacy SKU Asset Check
AF2130914,https://www.mcas.com.au/assets/full/AF2130914.jpg,MCAS Legacy SKU Asset Check
AF2131214,https://www.mcas.com.au/assets/full/AF2131214.jpg,MCAS Legacy SKU Asset Check
AF2140313,https://www.mcas.com.au/assets/full/AF2140313.jpg,MCAS Legacy SKU Asset Check
AF2140314,https://www.mcas.com.au/assets/full/AF2140314.jpg,MCAS Legacy SKU Asset Check
AF2150415,https://www.mcas.com.au/assets/full/AF2150415.jpg,MCAS Legacy SKU Asset Check
AF2150616,https://www.mcas.com.au/assets/full/AF2150616.webp,MCAS
AF2151114,https://www.mcas.com.au/assets/full/AF2151114.jpg,MCAS Legacy SKU Asset Check
AF2151116,https://www.mcas.com.au/assets/full/AF2151116.jpg,MCAS Legacy SKU Asset Check
AF2151216,https://www.mcas.com.au/assets/full/AF2151216.webp,MCAS
AF2160114,https://www.mcas.com.au/assets/full/AF2160114.webp,MCAS
AF2160115,https://www.mcas.com.au/assets/full/AF2160115.jpg,MCAS Legacy SKU Asset Check
AF2160116,https://www.mcas.com.au/assets/full/AF2160116.jpg,MCAS Legacy SKU Asset Check
AF2160117,https://www.mcas.com.au/assets/full/AF2160117.jpg,MCAS Legacy SKU Asset Check
AF2160216,https://www.mcas.com.au/assets/full/AF2160216.jpg,MCAS
AF2160217,https://www.mcas.com.au/assets/full/AF2160217.jpg,MCAS
AF2160313,https://www.mcas.com.au/assets/full/AF2160313.webp,MCAS
AF2160314,https://www.mcas.com.au/assets/full/AF2160314.webp,MCAS
AF2160316,https://www.mcas.com.au/assets/full/AF2160316.webp,MCAS
AF2160317,https://www.mcas.com.au/assets/full/AF2160317.jpg,MCAS
AF2160813,https://www.mcas.com.au/assets/full/AF2160813.webp,MCAS
AF2161115,https://www.mcas.com.au/assets/full/AF2161115.jpg,MCAS
AF2161116,https://www.mcas.com.au/assets/full/AF2161116.jpg,MCAS
AF2180116,https://www.mcas.com.au/assets/full/AF2180116.jpg,MCAS
AF2180117,https://www.mcas.com.au/assets/full/AF2180117.jpg,MCAS
AF2180118,https://www.mcas.com.au/assets/full/AF2180118.jpg,MCAS
AF2180415,https://www.mcas.com.au/assets/full/AF2180415.jpg,MCAS
AF2180416,https://www.mcas.com.au/assets/full/AF2180416.jpg,MCAS
AF2220312,https://www.mcas.com.au/assets/full/AF2220312.jpg,MCAS
AF2220313,https://www.mcas.com.au/assets/full/AF2220313.jpg,MCAS
AF2230114,https://www.mcas.com.au/assets/full/AF2230114.jpg,MCAS
AF2230312,https://www.mcas.com.au/assets/full/AF2230312.jpg,MCAS
AF2230313,https://www.mcas.com.au/assets/full/AF2230313.jpg,MCAS
AF2230314,https://www.mcas.com.au/assets/full/AF2230314.jpg,MCAS
AF2230315,https://www.mcas.com.au/assets/full/AF2230315.jpg,MCAS
AF2230913,https://www.mcas.com.au/assets/full/AF2230913.jpg,MCAS
AF2231113,https://www.mcas.com.au/assets/full/AF2231113.jpg,MCAS
AF2240114,https://www.mcas.com.au/assets/full/AF2240114.jpg,MCAS
AF2240514,https://www.mcas.com.au/assets/full/AF2240514.jpg,MCAS
AF2240515,https://www.mcas.com.au/assets/full/AF2240515.jpg,MCAS
AF2240613,https://www.mcas.com.au/assets/full/AF2240613.jpg,MCAS
AF2240614,https://www.mcas.com.au/assets/full/AF2240614.jpg,MCAS
AF2240615,https://www.mcas.com.au/assets/full/AF2240615.jpg,MCAS
AF2240713,https://www.mcas.com.au/assets/full/AF2240713.jpg,MCAS
AF2240714,https://www.mcas.com.au/assets/full/AF2240714.jpg,MCAS
AF2240715,https://www.mcas.com.au/assets/full/AF2240715.jpg,MCAS
AF2240813,https://www.mcas.com.au/assets/full/AF2240813.jpg,MCAS
AF2250515,https://www.mcas.com.au/assets/full/AF2250515.jpg,MCAS
AF2280015,https://www.mcas.com.au/assets/full/AF2280015.jpg,MCAS
AF2280016,https://www.mcas.com.au/assets/full/AF2280016.jpg,MCAS
AF2280215,https://www.mcas.com.au/assets/full/AF2280215.webp,MCAS
AF2280217,https://www.mcas.com.au/assets/full/AF2280217.jpg,MCAS
AF2290016,https://www.mcas.com.au/assets/full/AF2290016.jpg,MCAS
AF2290017,https://www.mcas.com.au/assets/full/AF2290017.webp,MCAS
AF2290018,https://www.mcas.com.au/assets/full/AF2290018.jpg,MCAS
AF2290215,https://www.mcas.com.au/assets/full/AF2290215.webp,MCAS
AF2290216,https://www.mcas.com.au/assets/full/AF2290216.jpg,MCAS
AF2290217,https://www.mcas.com.au/assets/full/AF2290217.jpg,MCAS
AF2410013,https://www.mcas.com.au/assets/full/AF2410013.jpg,MCAS
AF2410014,https://www.mcas.com.au/assets/full/AF2410014.jpg,MCAS
AF2410115,https://www.mcas.com.au/assets/full/AF2410115.webp,MCAS
AF2420113,https://www.mcas.com.au/assets/full/AF2420113.jpg,MCAS
AF2430214,https://www.mcas.com.au/assets/full/AF2430214.jpg,MCAS
AF2430215,https://www.mcas.com.au/assets/full/AF2430215.jpg,MCAS
AF2430413,https://www.mcas.com.au/assets/full/AF2430413.jpg,MCAS
AF2430413SC,https://www.mcas.com.au/assets/full/AF2430413SC.jpg,MCAS
AF2430414,https://www.mcas.com.au/assets/full/AF2430414.jpg,MCAS
AF2430414SC,https://www.mcas.com.au/assets/full/AF2430414SC.jpg,MCAS
AF2430513,https://www.mcas.com.au/assets/full/AF2430513.jpg,MCAS
AF2430514,https://www.mcas.com.au/assets/full/AF2430514.jpg,MCAS
AF2450117,https://www.mcas.com.au/assets/full/AF2450117.jpg,MCAS
AF2450214,https://www.mcas.com.au/assets/full/AF2450214.jpg,MCAS
AF2450615,https://www.mcas.com.au/assets/full/AF2450615.jpg,MCAS
AF2450714,https://www.mcas.com.au/assets/full/AF2450714.jpg,MCAS
AF2450715,https://www.mcas.com.au/assets/full/AF2450715.jpg,MCAS
AF2450814,https://www.mcas.com.au/assets/full/AF2450814.webp,MCAS
AF2450815,https://www.mcas.com.au/assets/full/AF2450815.jpg,MCAS
AF2450914,https://www.mcas.com.au/assets/full/AF2450914.webp,MCAS
AF2451015,https://www.mcas.com.au/assets/full/AF2451015.jpg,MCAS
AF2451114,https://www.mcas.com.au/assets/full/AF2451114.jpg,MCAS
AF2460116,https://www.mcas.com.au/assets/full/AF2460116.jpg,MCAS
AF2460117,https://www.mcas.com.au/assets/full/AF2460117.jpg,MCAS
AF2460118,https://www.mcas.com.au/assets/full/AF2460118.jpg,MCAS
AF2460215,https://www.mcas.com.au/assets/full/AF2460215.jpg,MCAS
AF2460315,https://www.mcas.com.au/assets/full/AF2460315.jpg,MCAS
AF2480617,https://www.mcas.com.au/assets/full/AF2480617.jpg,MCAS
AF2490017,https://www.mcas.com.au/assets/full/AF2490017.jpg,MCAS
AF2750013,https://www.mcas.com.au/assets/full/AF2750013.jpg,MCAS
AF2750014,https://www.mcas.com.au/assets/full/AF2750014.jpg,MCAS
AF2750015,https://www.mcas.com.au/assets/full/AF2750015.jpg,MCAS
AF2750213,https://www.mcas.com.au/assets/full/AF2750213.jpg,MCAS
AF2750214,https://www.mcas.com.au/assets/full/AF2750214.jpg,MCAS
AF2820010,https://www.mcas.com.au/assets/full/AF2820010.webp,MCAS
AF2820011,https://www.mcas.com.au/assets/full/AF2820011.webp,MCAS
AF2820012,https://www.mcas.com.au/assets/full/AF2820012.jpg,MCAS
AF2820013,https://www.mcas.com.au/assets/full/AF2820013.jpg,MCAS
AF2820013SC,https://www.mcas.com.au/assets/full/AF2820013SC.jpg,MCAS
AF2820014,https://www.mcas.com.au/assets/full/AF2820014.jpg,MCAS
AF2820015,https://www.mcas.com.au/assets/full/AF2820015.webp,MCAS
AF2840015,https://www.mcas.com.au/assets/full/AF2840015.jpg,MCAS
AF2840016,https://www.mcas.com.au/assets/full/AF2840016.jpg,MCAS
AF2840114,https://www.mcas.com.au/assets/full/AF2840114.jpg,MCAS
AF2840115,https://www.mcas.com.au/assets/full/AF2840115.jpg,MCAS
AF2840117,https://www.mcas.com.au/assets/full/AF2840117.jpg,MCAS
AF2840213,https://www.mcas.com.au/assets/full/AF2840213.jpg,MCAS
AF2840214,https://www.mcas.com.au/assets/full/AF2840214.webp,MCAS
AF2840217,https://www.mcas.com.au/assets/full/AF2840217.webp,MCAS
AF2840415,https://www.mcas.com.au/assets/full/AF2840415.jpg,MCAS
AF2840416,https://www.mcas.com.au/assets/full/AF2840416.jpg,MCAS
AF2840516,https://www.mcas.com.au/assets/full/AF2840516.jpg,MCAS
AF3010013,https://www.mcas.com.au/assets/full/AF3010013.jpg,MCAS
AF3010014,https://www.mcas.com.au/assets/full/AF3010014.jpg,MCAS
AF3010015,https://www.mcas.com.au/assets/full/AF3010015.jpg,MCAS
AF30100A12,https://www.mcas.com.au/assets/full/AF30100A12.jpg,MCAS
AF30100A13,https://www.mcas.com.au/assets/full/AF30100A13.jpg,MCAS
AF30100A14,https://www.mcas.com.au/assets/full/AF30100A14.jpg,MCAS
AF3020012,https://www.mcas.com.au/assets/full/AF3020012.jpg,MCAS
AF3020013,https://www.mcas.com.au/assets/full/AF3020013.jpg,MCAS
AF3030012,https://www.mcas.com.au/assets/full/AF3030012.jpg,MCAS
AF3030013,https://www.mcas.com.au/assets/full/AF3030013.jpg,MCAS
AF3030013SC,https://www.mcas.com.au/assets/full/AF3030013SC.jpg,MCAS
AF3030014,https://www.mcas.com.au/assets/full/AF3030014.jpg,MCAS
AF3030015,https://www.mcas.com.au/assets/full/AF3030015.webp,MCAS
AF3530447,https://www.mcas.com.au/assets/full/AF3530447.webp,MCAS
AF3580040,https://www.mcas.com.au/assets/full/AF3580040.jpg,MCAS
AF3580041,https://www.mcas.com.au/assets/full/AF3580041.jpg,MCAS
AF3580042,https://www.mcas.com.au/assets/full/AF3580042.jpg,MCAS
AF3580043,https://www.mcas.com.au/assets/full/AF3580043.jpg,MCAS
AF3580045,https://www.mcas.com.au/assets/full/AF3580045.jpg,MCAS
AF3580147,https://www.mcas.com.au/assets/full/AF3580147.webp,MCAS
AF3580740,https://www.mcas.com.au/assets/full/AF3580740.webp,MCAS
AF35808RLK40,https://www.mcas.com.au/assets/full/AF35808RLK40.jpg,MCAS
AF35808RLK44,https://www.mcas.com.au/assets/full/AF35808RLK44.jpg,MCAS
AF3640046,https://www.mcas.com.au/assets/full/AF3640046.jpg,MCAS
AF3680041,https://www.mcas.com.au/assets/full/AF3680041.jpg,MCAS
AF3680042,https://www.mcas.com.au/assets/full/AF3680042.jpg,MCAS
AF3680140,https://www.mcas.com.au/assets/full/AF3680140.jpg,MCAS
AF3680144,https://www.mcas.com.au/assets/full/AF3680144.webp,MCAS
AF3680145,https://www.mcas.com.au/assets/full/AF3680145.jpg,MCAS
AF3680243,https://www.mcas.com.au/assets/full/AF3680243.webp,MCAS
AF3740015,https://www.mcas.com.au/assets/full/AF3740015.jpg,MCAS
AF3760015,https://www.mcas.com.au/assets/full/AF3760015.jpg,MCAS
AF3760117,https://www.mcas.com.au/assets/full/AF3760117.jpg,MCAS
AF4330213,https://www.mcas.com.au/assets/full/AF4330213.jpg,MCAS
AF4330313,https://www.mcas.com.au/assets/full/AF4330313.jpg,MCAS
AF4330413,https://www.mcas.com.au/assets/full/AF4330413.jpg,MCAS
AF4330414,https://www.mcas.com.au/assets/full/AF4330414.jpg,MCAS
AF4330512,https://www.mcas.com.au/assets/full/AF4330512.jpg,MCAS
AF4330513,https://www.mcas.com.au/assets/full/AF4330513.jpg,MCAS
AF4330514,https://www.mcas.com.au/assets/full/AF4330514.jpg,MCAS
AF4340013,https://www.mcas.com.au/assets/full/AF4340013.jpg,MCAS
AF4340014,https://www.mcas.com.au/assets/full/AF4340014.jpg,MCAS
AF4910114,https://www.mcas.com.au/assets/full/AF4910114.webp,MCAS
AF4910213,https://www.mcas.com.au/assets/full/AF4910213.jpg,MCAS
AF4910214,https://www.mcas.com.au/assets/full/AF4910214.jpg,MCAS
AF5060138,https://www.mcas.com.au/assets/full/AF5060138.jpg,MCAS
AF5060140,https://www.mcas.com.au/assets/full/AF5060140.jpg,MCAS
AF5060141,https://www.mcas.com.au/assets/full/AF5060141.jpg,MCAS
AF5060236,https://www.mcas.com.au/assets/full/AF5060236.jpg,MCAS
AF5060237,https://www.mcas.com.au/assets/full/AF5060237.jpg,MCAS
AF5060238,https://www.mcas.com.au/assets/full/AF5060238.jpg,MCAS
AF5060240,https://www.mcas.com.au/assets/full/AF5060240.jpg,MCAS
AF5060241,https://www.mcas.com.au/assets/full/AF5060241.jpg,MCAS
AF5060242,https://www.mcas.com.au/assets/full/AF5060242.jpg,MCAS
AF5060243,https://www.mcas.com.au/assets/full/AF5060243.jpg,MCAS
AF5060245,https://www.mcas.com.au/assets/full/AF5060245.jpg,MCAS
AF5060246,https://www.mcas.com.au/assets/full/AF5060246.jpg,MCAS
AF5060247,https://www.mcas.com.au/assets/full/AF5060247.jpg,MCAS
AF5060536,https://www.mcas.com.au/assets/full/AF5060536.jpg,MCAS
AF5060736,https://www.mcas.com.au/assets/full/AF5060736.jpg,MCAS
AF5060738,https://www.mcas.com.au/assets/full/AF5060738.webp,MCAS
AF5060742,https://www.mcas.com.au/assets/full/AF5060742.jpg,MCAS
AF5060838,https://www.mcas.com.au/assets/full/AF5060838.webp,MCAS
AF5060937,https://www.mcas.com.au/assets/full/AF5060937.jpg,MCAS
AF5060938,https://www.mcas.com.au/assets/full/AF5060938.jpg,MCAS
AF5060939,https://www.mcas.com.au/assets/full/AF5060939.jpg,MCAS
AF5060942,https://www.mcas.com.au/assets/full/AF5060942.jpg,MCAS
AF5061137,https://www.mcas.com.au/assets/full/AF5061137.jpg,MCAS
AF5061138,https://www.mcas.com.au/assets/full/AF5061138.jpg,MCAS
AF5061236,https://www.mcas.com.au/assets/full/AF5061236.jpg,MCAS
AF5061343,https://www.mcas.com.au/assets/full/AF5061343.jpg,MCAS
AF5061344,https://www.mcas.com.au/assets/full/AF5061344.jpg,MCAS
AF5061346,https://www.mcas.com.au/assets/full/AF5061346.jpg,MCAS
AF5061441,https://www.mcas.com.au/assets/full/AF5061441.jpg,MCAS
AF5080041,https://www.mcas.com.au/assets/full/AF5080041.jpg,MCAS
AF5080338,https://www.mcas.com.au/assets/full/AF5080338.jpg,MCAS
AF5080339,https://www.mcas.com.au/assets/full/AF5080339.jpg,MCAS
AF5080438,https://www.mcas.com.au/assets/full/AF5080438.jpg,MCAS
AF5090040,https://www.mcas.com.au/assets/full/AF5090040.jpg,MCAS
AF5090139,https://www.mcas.com.au/assets/full/AF5090139.jpg,MCAS
AF5090342,https://www.mcas.com.au/assets/full/AF5090342.jpg,MCAS
AF5160036,https://www.mcas.com.au/assets/full/AF5160036.jpg,MCAS
AF5160236,https://www.mcas.com.au/assets/full/AF5160236.jpg,MCAS
AF5160244,https://www.mcas.com.au/assets/full/AF5160244.jpg,MCAS
AF5160246,https://www.mcas.com.au/assets/full/AF5160246.jpg,MCAS
AF5160738,https://www.mcas.com.au/assets/full/AF5160738.jpg,MCAS
AF5160739,https://www.mcas.com.au/assets/full/AF5160739.jpg,MCAS
AF5160740,https://www.mcas.com.au/assets/full/AF5160740.jpg,MCAS
AF5160741,https://www.mcas.com.au/assets/full/AF5160741.jpg,MCAS
AF5160742,https://www.mcas.com.au/assets/full/AF5160742.jpg,MCAS
AF5160837,https://www.mcas.com.au/assets/full/AF5160837.jpg,MCAS
AF5160839,https://www.mcas.com.au/assets/full/AF5160839.jpg,MCAS
AF5160841,https://www.mcas.com.au/assets/full/AF5160841.jpg,MCAS
AF5160842,https://www.mcas.com.au/assets/full/AF5160842.jpg,MCAS
AF5161238,https://www.mcas.com.au/assets/full/AF5161238.jpg,MCAS
AF5161240,https://www.mcas.com.au/assets/full/AF5161240.jpg,MCAS
AF5161336,https://www.mcas.com.au/assets/full/AF5161336.jpg,MCAS
AF5161337,https://www.mcas.com.au/assets/full/AF5161337.jpg,MCAS
AF5161339,https://www.mcas.com.au/assets/full/AF5161339.webp,MCAS
AF5161340,https://www.mcas.com.au/assets/full/AF5161340.jpg,MCAS
AF5161341,https://www.mcas.com.au/assets/full/AF5161341.jpg,MCAS
AF5180137,https://www.mcas.com.au/assets/full/AF5180137.jpg,MCAS
AF5180238,https://www.mcas.com.au/assets/full/AF5180238.webp,MCAS
AF5180239,https://www.mcas.com.au/assets/full/AF5180239.jpg,MCAS
AF5180338,https://www.mcas.com.au/assets/full/AF5180338.jpg,MCAS
AF5180339,https://www.mcas.com.au/assets/full/AF5180339.jpg,MCAS
AF5180340,https://www.mcas.com.au/assets/full/AF5180340.jpg,MCAS
AF5180341,https://www.mcas.com.au/assets/full/AF5180341.jpg,MCAS
AF5180342,https://www.mcas.com.au/assets/full/AF5180342.jpg,MCAS
AF5180440,https://www.mcas.com.au/assets/full/AF5180440.jpg,MCAS
AF5180441,https://www.mcas.com.au/assets/full/AF5180441.jpg,MCAS
AF5180442,https://www.mcas.com.au/assets/full/AF5180442.jpg,MCAS
AF5260715,https://www.mcas.com.au/assets/full/AF5260715.jpg,MCAS
AF5260814,https://www.mcas.com.au/assets/full/AF5260814.jpg,MCAS
AF5261114,https://www.mcas.com.au/assets/full/AF5261114.webp,MCAS
AF5261214,https://www.mcas.com.au/assets/full/AF5261214.webp,MCAS
AF5261215,https://www.mcas.com.au/assets/full/AF5261215.jpg,MCAS
AF5261315,https://www.mcas.com.au/assets/full/AF5261315.jpg,MCAS
AF5261414,https://www.mcas.com.au/assets/full/AF5261414.jpg,MCAS
AF5261415,https://www.mcas.com.au/assets/full/AF5261415.jpg,MCAS
AF5261814,https://www.mcas.com.au/assets/full/AF5261814.jpg,MCAS
AF5290014,https://www.mcas.com.au/assets/full/AF5290014.jpg,MCAS
AF5290015,https://www.mcas.com.au/assets/full/AF5290015.jpg,MCAS
AF5290114,https://www.mcas.com.au/assets/full/AF5290114.jpg,MCAS
AF5290115,https://www.mcas.com.au/assets/full/AF5290115.jpg,MCAS
AF5290116,https://www.mcas.com.au/assets/full/AF5290116.jpg,MCAS
AF5290215,https://www.mcas.com.au/assets/full/AF5290215.jpg,MCAS
AF6130114,https://www.mcas.com.au/assets/full/AF6130114.jpg,MCAS
AF6130115,https://www.mcas.com.au/assets/full/AF6130115.webp,MCAS
AF6130116,https://www.mcas.com.au/assets/full/AF6130116.jpg,MCAS
AF6160015,https://www.mcas.com.au/assets/full/AF6160015.jpg,MCAS
AF6160016,https://www.mcas.com.au/assets/full/AF6160016.jpg,MCAS
AF6160017,https://www.mcas.com.au/assets/full/AF6160017.jpg,MCAS
AF6180016,https://www.mcas.com.au/assets/full/AF6180016.jpg,MCAS
AF6180017,https://www.mcas.com.au/assets/full/AF6180017.jpg,MCAS
AF6180116,https://www.mcas.com.au/assets/full/AF6180116.webp,MCAS
AF6180215,https://www.mcas.com.au/assets/full/AF6180215.webp,MCAS
AF6420012,https://www.mcas.com.au/assets/full/AF6420012.jpg,MCAS
AF6420112,https://www.mcas.com.au/assets/full/AF6420112.jpg,MCAS
AF6420113,https://www.mcas.com.au/assets/full/AF6420113.jpg,MCAS
AF6430214,https://www.mcas.com.au/assets/full/AF6430214.jpg,MCAS
AF6430215,https://www.mcas.com.au/assets/full/AF6430215.jpg,MCAS
AF6430216,https://www.mcas.com.au/assets/full/AF6430216.jpg,MCAS
AF6430513,https://www.mcas.com.au/assets/full/AF6430513.jpg,MCAS
AF6450013,https://www.mcas.com.au/assets/full/AF6450013.jpg,MCAS
AF6450014,https://www.mcas.com.au/assets/full/AF6450014.jpg,MCAS
AF6450015,https://www.mcas.com.au/assets/full/AF6450015.jpg,MCAS
AF7130450,https://www.mcas.com.au/assets/full/AF7130450.jpg,MCAS
AF7180141,https://www.mcas.com.au/assets/full/AF7180141.jpg,MCAS
AF7190038,https://www.mcas.com.au/assets/full/AF7190038.webp,MCAS
AF7210145,https://www.mcas.com.au/assets/full/AF7210145.webp,MCAS
AF7210146,https://www.mcas.com.au/assets/full/AF7210146.jpg,MCAS
AF7210147,https://www.mcas.com.au/assets/full/AF7210147.webp,MCAS
AF7210150,https://www.mcas.com.au/assets/full/AF7210150.webp,MCAS
AF7210247SC,https://www.mcas.com.au/assets/full/AF7210247SC.jpg,MCAS
AF7210249,https://www.mcas.com.au/assets/full/AF7210249.jpg,MCAS
AF7210444,https://www.mcas.com.au/assets/full/AF7210444.webp,MCAS
AF7210540,https://www.mcas.com.au/assets/full/AF7210540.jpg,MCAS
AF7210640,https://www.mcas.com.au/assets/full/AF7210640.jpg,MCAS
AF7230438,https://www.mcas.com.au/assets/full/AF7230438.webp,MCAS
AF7230646,https://www.mcas.com.au/assets/full/AF7230646.jpg,MCAS
AF7230648,https://www.mcas.com.au/assets/full/AF7230648.jpg,MCAS
AF7330112,https://www.mcas.com.au/assets/full/AF7330112.jpg,MCAS
AF7330113,https://www.mcas.com.au/assets/full/AF7330113.jpg,MCAS
AF7330114,https://www.mcas.com.au/assets/full/AF7330114.jpg,MCAS
AF7330115,https://www.mcas.com.au/assets/full/AF7330115.jpg,MCAS
AF7330313,https://www.mcas.com.au/assets/full/AF7330313.jpg,MCAS
AF7330314,https://www.mcas.com.au/assets/full/AF7330314.jpg,MCAS
AF7330316,https://www.mcas.com.au/assets/full/AF7330316.jpg,MCAS
AF7330317,https://www.mcas.com.au/assets/full/AF7330317.jpg,MCAS
AF8650042,https://www.mcas.com.au/assets/full/AF8650042.jpg,MCAS
AF8660040,https://www.mcas.com.au/assets/full/AF8660040.jpg,MCAS
AF8660042,https://www.mcas.com.au/assets/full/AF8660042.jpg,MCAS
AF8660043,https://www.mcas.com.au/assets/full/AF8660043.jpg,MCAS
AF8660044,https://www.mcas.com.au/assets/full/AF8660044.jpg,MCAS
AF8660045,https://www.mcas.com.au/assets/full/AF8660045.jpg,MCAS
AF8660046,https://www.mcas.com.au/assets/full/AF8660046.jpg,MCAS
AF8660340,https://www.mcas.com.au/assets/full/AF8660340.jpg,MCAS
AF8660345,https://www.mcas.com.au/assets/full/AF8660345.jpg,MCAS
AF8660442,https://www.mcas.com.au/assets/full/AF8660442.jpg,MCAS
AF8760547,https://www.mcas.com.au/assets/full/AF8760547.jpg,MCAS
AF8860018,https://www.mcas.com.au/assets/full/AF8860018.webp,MCAS
AF8880017,https://www.mcas.com.au/assets/full/AF8880017.jpg,MCAS
AF8880018,https://www.mcas.com.au/assets/full/AF8880018.jpg,MCAS
AF8880118,https://www.mcas.com.au/assets/full/AF8880118.webp,MCAS
AF9210850,https://www.mcas.com.au/assets/full/AF9210850.jpg,MCAS
AF9240142,https://www.mcas.com.au/assets/full/AF9240142.jpg,MCAS
AF9250347,https://www.mcas.com.au/assets/full/AF9250347.webp,MCAS
AF9250540,https://www.mcas.com.au/assets/full/AF9250540.jpg,MCAS
AF9263145,https://www.mcas.com.au/assets/full/AF9263145.jpg,MCAS
AF9263441,https://www.mcas.com.au/assets/full/AF9263441.jpg,MCAS
AF9263442,https://www.mcas.com.au/assets/full/AF9263442.webp,MCAS
AF9283641,https://www.mcas.com.au/assets/full/AF9283641.jpg,MCAS
AF9283643,https://www.mcas.com.au/assets/full/AF9283643.jpg,MCAS
AF9283740,https://www.mcas.com.au/assets/full/AF9283740.jpg,MCAS
AF9320944,https://www.mcas.com.au/assets/full/AF9320944.jpg,MCAS
AF9320946,https://www.mcas.com.au/assets/full/AF9320946.webp,MCAS
AF9320950,https://www.mcas.com.au/assets/full/AF9320950.webp,MCAS
AF9331449,https://www.mcas.com.au/assets/full/AF9331449.jpg,MCAS
AF9383640,https://www.mcas.com.au/assets/full/AF9383640.jpg,MCAS
AF9383641,https://www.mcas.com.au/assets/full/AF9383641.jpg,MCAS
AF9410214,https://www.mcas.com.au/assets/full/AF9410214.webp,MCAS
AF9410611,https://www.mcas.com.au/assets/full/AF9410611.jpg,MCAS
AF9412012,https://www.mcas.com.au/assets/full/AF9412012.jpg,MCAS
AF9412013,https://www.mcas.com.au/assets/full/AF9412013.jpg,MCAS
AF9412014,https://www.mcas.com.au/assets/full/AF9412014.jpg,MCAS
AF9412410,https://www.mcas.com.au/assets/full/AF9412410.jpg,MCAS
AF9412411,https://www.mcas.com.au/assets/full/AF9412411.webp,MCAS
AF9420211,https://www.mcas.com.au/assets/full/AF9420211.jpg,MCAS
AF9420212,https://www.mcas.com.au/assets/full/AF9420212.jpg,MCAS
AF9420214,https://www.mcas.com.au/assets/full/AF9420214.jpg,MCAS
AF9421512,https://www.mcas.com.au/assets/full/AF9421512.jpg,MCAS
AF9431213,https://www.mcas.com.au/assets/full/AF9431213.jpg,MCAS
AF9431312,https://www.mcas.com.au/assets/full/AF9431312.jpg,MCAS
AF9431313,https://www.mcas.com.au/assets/full/AF9431313.jpg,MCAS
AF9431314,https://www.mcas.com.au/assets/full/AF9431314.jpg,MCAS
AF9431415,https://www.mcas.com.au/assets/full/AF9431415.jpg,MCAS
AF9450316,https://www.mcas.com.au/assets/full/AF9450316.jpg,MCAS
AF9460314,https://www.mcas.com.au/assets/full/AF9460314.jpg,MCAS
AF9460415,https://www.mcas.com.au/assets/full/AF9460415.jpg,MCAS
AF9460517,https://www.mcas.com.au/assets/full/AF9460517.jpg,MCAS
AF9480715,https://www.mcas.com.au/assets/full/AF9480715.jpg,MCAS
AF9490217,https://www.mcas.com.au/assets/full/AF9490217.jpg,MCAS
AF9530041,https://www.mcas.com.au/assets/full/AF9530041.webp,MCAS
AF9830036,https://www.mcas.com.au/assets/full/AF9830036.jpg,MCAS
AF9830038,https://www.mcas.com.au/assets/full/AF9830038.jpg,MCAS
AFDRCP2,https://www.mcas.com.au/assets/full/AFDRCP2.jpg,MCAS
AFDRCP2PIN,https://www.mcas.com.au/assets/full/AFDRCP2PIN.jpg,MCAS
AFDRCP2RIV,https://www.mcas.com.au/assets/full/AFDRCP2RIV.jpg,MCAS
AFKIT100131,https://www.mcas.com.au/assets/full/AFKIT100131.webp,MCAS
AFKIT100261,https://www.mcas.com.au/assets/full/AFKIT100261.webp,MCAS
AFKIT100271,https://www.mcas.com.au/assets/full/AFKIT100271.webp,MCAS
AFKIT100981,https://www.mcas.com.au/assets/full/AFKIT100981.webp,MCAS
AFKIT101101,https://www.mcas.com.au/assets/full/AFKIT101101.webp,MCAS
AFKIT101331,https://www.mcas.com.au/assets/full/AFKIT101331.webp,MCAS
AFKIT101401,https://www.mcas.com.au/assets/full/AFKIT101401.webp,MCAS
AFKIT101481,https://www.mcas.com.au/assets/full/AFKIT101481.webp,MCAS
AFKIT101581,https://www.mcas.com.au/assets/full/AFKIT101581.webp,MCAS
AFKIT101751,https://www.mcas.com.au/assets/full/AFKIT101751.webp,MCAS
AFKIT102501,https://www.mcas.com.au/assets/full/AFKIT102501.webp,MCAS
AFKIT102581,https://www.mcas.com.au/assets/full/AFKIT102581.webp,MCAS
AFKIT102591,https://www.mcas.com.au/assets/full/AFKIT102591.webp,MCAS
AFKIT102611,https://www.mcas.com.au/assets/full/AFKIT102611.webp,MCAS
AFKIT102691,https://www.mcas.com.au/assets/full/AFKIT102691.webp,MCAS
AFKIT102961,https://www.mcas.com.au/assets/full/AFKIT102961.webp,MCAS
AFKIT102981,https://www.mcas.com.au/assets/full/AFKIT102981.webp,MCAS
AFKIT102991,https://www.mcas.com.au/assets/full/AFKIT102991.webp,MCAS
AFKIT103141,https://www.mcas.com.au/assets/full/AFKIT103141.webp,MCAS
AFKIT103191,https://www.mcas.com.au/assets/full/AFKIT103191.webp,MCAS
AFKIT103221,https://www.mcas.com.au/assets/full/AFKIT103221.webp,MCAS
AFKIT103421,https://www.mcas.com.au/assets/full/AFKIT103421.webp,MCAS
AFKIT103431,https://www.mcas.com.au/assets/full/AFKIT103431.webp,MCAS
AFKIT103442,https://www.mcas.com.au/assets/full/AFKIT103442.webp,MCAS
AFKIT103571,https://www.mcas.com.au/assets/full/AFKIT103571.webp,MCAS
AFKIT103771,https://www.mcas.com.au/assets/full/AFKIT103771.webp,MCAS
AFKIT103821,https://www.mcas.com.au/assets/full/AFKIT103821.webp,MCAS
AFKIT103831,https://www.mcas.com.au/assets/full/AFKIT103831.webp,MCAS
AFKIT104031,https://www.mcas.com.au/assets/full/AFKIT104031.webp,MCAS
AFKIT104111,https://www.mcas.com.au/assets/full/AFKIT104111.webp,MCAS
AFKIT104131,https://www.mcas.com.au/assets/full/AFKIT104131.webp,MCAS
AFKIT104351,https://www.mcas.com.au/assets/full/AFKIT104351.webp,MCAS
AFKIT104371,https://www.mcas.com.au/assets/full/AFKIT104371.webp,MCAS
AFKIT104611,https://www.mcas.com.au/assets/full/AFKIT104611.webp,MCAS
AFKIT104631,https://www.mcas.com.au/assets/full/AFKIT104631.webp,MCAS
AFKIT105541,https://www.mcas.com.au/assets/full/AFKIT105541.webp,MCAS
AFKIT105701,https://www.mcas.com.au/assets/full/AFKIT105701.webp,MCAS
AFKIT105821,https://www.mcas.com.au/assets/full/AFKIT105821.webp,MCAS
AFKIT105831,https://www.mcas.com.au/assets/full/AFKIT105831.webp,MCAS
AFKIT105991,https://www.mcas.com.au/assets/full/AFKIT105991.webp,MCAS
AFKIT107651,https://www.mcas.com.au/assets/full/AFKIT107651.webp,MCAS
AFKIT107691,https://www.mcas.com.au/assets/full/AFKIT107691.webp,MCAS
AFKIT107731,https://www.mcas.com.au/assets/full/AFKIT107731.webp,MCAS
AFKIT107781,https://www.mcas.com.au/assets/full/AFKIT107781.webp,MCAS
AFKIT107811,https://www.mcas.com.au/assets/full/AFKIT107811.webp,MCAS
AFKIT107961,https://www.mcas.com.au/assets/full/AFKIT107961.webp,MCAS
AFKIT109731,https://www.mcas.com.au/assets/full/AFKIT109731.webp,MCAS
AFKIT109761,https://www.mcas.com.au/assets/full/AFKIT109761.webp,MCAS
AFPCD1,https://www.mcas.com.au/assets/full/AFPCD1.webp,MCAS
AFPCD3,https://www.mcas.com.au/assets/full/AFPCD3.jpg,MCAS
AG-ADV-ULX,https://www.mcas.com.au/assets/full/AG-ADV-ULX.webp,MCAS
AG-BTR-1,https://www.mcas.com.au/assets/full/AG-BTR-1.webp,MCAS
AG-BTR-2,https://www.mcas.com.au/assets/full/AG-BTR-2.webp,MCAS
AG-MSA-10A-L,https://www.mcas.com.au/assets/full/AG-MSA-10A-L.webp,MCAS
AG-MSA-10TP-L,https://www.mcas.com.au/assets/full/AG-MSA-10TP-L.webp,MCAS
AG-MSA-11SCX-HD,https://www.mcas.com.au/assets/full/AG-MSA-11SCX-HD.webp,MCAS
AG-TB-01,https://www.mcas.com.au/assets/full/AG-TB-01.webp,MCAS
AG3IN1,https://www.mcas.com.au/assets/full/AG3IN1.webp,MCAS
AG4IN1,https://www.mcas.com.au/assets/full/AG4IN1.jpg,MCAS
AG6IN1,https://www.mcas.com.au/assets/full/AG6IN1.jpg,MCAS
AGATT,https://www.mcas.com.au/assets/full/AGATT.webp,MCAS
AGFM-1,https://www.mcas.com.au/assets/full/AGFM-1.jpg,MCAS
AGMSA20A,https://www.mcas.com.au/assets/full/AGMSA20A.webp,MCAS
AGMSCXP10,https://www.mcas.com.au/assets/full/AGMSCXP10.jpg,MCAS
AGMSHK10,https://www.mcas.com.au/assets/full/AGMSHK10.jpg,MCAS
AGTA-1,https://www.mcas.com.au/assets/full/AGTA-1.webp,MCAS
AGTC-1,https://www.mcas.com.au/assets/full/AGTC-1.webp,MCAS
AGTS,https://www.mcas.com.au/assets/full/AGTS.webp,MCAS
AH011054,https://www.mcas.com.au/assets/full/AH011054.jpg,MCAS
AH011055,https://www.mcas.com.au/assets/full/AH011055.jpg,MCAS
AH011056,https://www.mcas.com.au/assets/full/AH011056.jpg,MCAS
AH011057,https://www.mcas.com.au/assets/full/AH011057.jpg,MCAS
AH011058,https://www.mcas.com.au/assets/full/AH011058.jpg,MCAS
AH011059,https://www.mcas.com.au/assets/full/AH011059.jpg,MCAS
AH011063,https://www.mcas.com.au/assets/full/AH011063.jpg,MCAS
AH011064,https://www.mcas.com.au/assets/full/AH011064.jpg,MCAS
AH011065,https://www.mcas.com.au/assets/full/AH011065.jpg,MCAS
AH011070,https://www.mcas.com.au/assets/full/AH011070.jpg,MCAS
AH011071,https://www.mcas.com.au/assets/full/AH011071.jpg,MCAS
AH011073,https://www.mcas.com.au/assets/full/AH011073.jpg,MCAS
AH011105,https://www.mcas.com.au/assets/full/AH011105.jpg,MCAS
AH011106,https://www.mcas.com.au/assets/full/AH011106.jpg,MCAS
AH011107,https://www.mcas.com.au/assets/full/AH011107.jpg,MCAS
AH011108,https://www.mcas.com.au/assets/full/AH011108.jpg,MCAS
AH011115,https://www.mcas.com.au/assets/full/AH011115.webp,MCAS
AH011117,https://www.mcas.com.au/assets/full/AH011117.webp,MCAS
AH011122,https://www.mcas.com.au/assets/full/AH011122.jpg,MCAS
AH011125,https://www.mcas.com.au/assets/full/AH011125.webp,MCAS
AH011132,https://www.mcas.com.au/assets/full/AH011132.jpg,MCAS
AH011137,https://www.mcas.com.au/assets/full/AH011137.webp,MCAS
AH011249,https://www.mcas.com.au/assets/full/AH011249.jpg,MCAS
AH011371,https://www.mcas.com.au/assets/full/AH011371.jpg,MCAS
AH011376,https://www.mcas.com.au/assets/full/AH011376.jpg,MCAS
AH011387,https://www.mcas.com.au/assets/full/AH011387.jpg,MCAS
AH011390,https://www.mcas.com.au/assets/full/AH011390.jpg,MCAS
AH011503,https://www.mcas.com.au/assets/full/AH011503.jpg,MCAS
AH011504,https://www.mcas.com.au/assets/full/AH011504.jpg,MCAS
AH011515,https://www.mcas.com.au/assets/full/AH011515.jpg,MCAS
AH021066,https://www.mcas.com.au/assets/full/AH021066.jpg,MCAS
AH021069,https://www.mcas.com.au/assets/full/AH021069.jpg,MCAS
AH021080,https://www.mcas.com.au/assets/full/AH021080.jpg,MCAS
AH021085,https://www.mcas.com.au/assets/full/AH021085.jpg,MCAS
AH022258,https://www.mcas.com.au/assets/full/AH022258.jpg,MCAS
AH023017,https://www.mcas.com.au/assets/full/AH023017.jpg,MCAS
AH023500,https://www.mcas.com.au/assets/full/AH023500.jpg,MCAS
AH023501,https://www.mcas.com.au/assets/full/AH023501.jpg,MCAS
AH023731,https://www.mcas.com.au/assets/full/AH023731.jpg,MCAS
AH024798,https://www.mcas.com.au/assets/full/AH024798.png,MCAS
AH025402,https://www.mcas.com.au/assets/full/AH025402.jpg,MCAS
AH025404,https://www.mcas.com.au/assets/full/AH025404.jpg,MCAS
AH025406,https://www.mcas.com.au/assets/full/AH025406.jpg,MCAS
AH025428,https://www.mcas.com.au/assets/full/AH025428.jpg,MCAS
AH025432,https://www.mcas.com.au/assets/full/AH025432.jpg,MCAS
AH025433,https://www.mcas.com.au/assets/full/AH025433.jpg,MCAS
AH025443,https://www.mcas.com.au/assets/full/AH025443.jpg,MCAS
AH025445,https://www.mcas.com.au/assets/full/AH025445.jpg,MCAS
AH025448,https://www.mcas.com.au/assets/full/AH025448.jpg,MCAS
AH025455,https://www.mcas.com.au/assets/full/AH025455.jpg,MCAS
AH025457,https://www.mcas.com.au/assets/full/AH025457.jpg,MCAS
AH025458,https://www.mcas.com.au/assets/full/AH025458.jpg,MCAS
AH025466,https://www.mcas.com.au/assets/full/AH025466.jpg,MCAS
AH025467,https://www.mcas.com.au/assets/full/AH025467.jpg,MCAS
AH025470,https://www.mcas.com.au/assets/full/AH025470.jpg,MCAS
AH025471,https://www.mcas.com.au/assets/full/AH025471.jpg,MCAS
AH025472,https://www.mcas.com.au/assets/full/AH025472.jpg,MCAS
AH025473,https://www.mcas.com.au/assets/full/AH025473.jpg,MCAS
AH025474,https://www.mcas.com.au/assets/full/AH025474.jpg,MCAS
AH025480,https://www.mcas.com.au/assets/full/AH025480.jpg,MCAS
AH025521,https://www.mcas.com.au/assets/full/AH025521.jpg,MCAS
AH025707,https://www.mcas.com.au/assets/full/AH025707.jpg,MCAS
AH025724,https://www.mcas.com.au/assets/full/AH025724.jpg,MCAS
AH025725,https://www.mcas.com.au/assets/full/AH025725.jpg,MCAS
AH025856,https://www.mcas.com.au/assets/full/AH025856.jpg,MCAS
AH025859,https://www.mcas.com.au/assets/full/AH025859.jpg,MCAS
AH025861,https://www.mcas.com.au/assets/full/AH025861.jpg,MCAS
AH025865,https://www.mcas.com.au/assets/full/AH025865.jpg,MCAS
AH025866,https://www.mcas.com.au/assets/full/AH025866.jpg,MCAS
AH025871,https://www.mcas.com.au/assets/full/AH025871.jpg,MCAS
AH025872,https://www.mcas.com.au/assets/full/AH025872.jpg,MCAS
AH025877,https://www.mcas.com.au/assets/full/AH025877.jpg,MCAS
AH025879,https://www.mcas.com.au/assets/full/AH025879.jpg,MCAS
AH025880,https://www.mcas.com.au/assets/full/AH025880.jpg,MCAS
AH025887,https://www.mcas.com.au/assets/full/AH025887.jpg,MCAS
AH025888,https://www.mcas.com.au/assets/full/AH025888.jpg,MCAS
AH025889,https://www.mcas.com.au/assets/full/AH025889.jpg,MCAS
AH025890,https://www.mcas.com.au/assets/full/AH025890.jpg,MCAS
AH025892,https://www.mcas.com.au/assets/full/AH025892.jpg,MCAS
AH025893,https://www.mcas.com.au/assets/full/AH025893.jpg,MCAS
AH025895,https://www.mcas.com.au/assets/full/AH025895.jpg,MCAS
AH031004,https://www.mcas.com.au/assets/full/AH031004.jpg,MCAS
AH031100,https://www.mcas.com.au/assets/full/AH031100.jpg,MCAS
AH031101,https://www.mcas.com.au/assets/full/AH031101.jpg,MCAS
AH031120,https://www.mcas.com.au/assets/full/AH031120.jpg,MCAS
AH031121,https://www.mcas.com.au/assets/full/AH031121.jpg,MCAS
AH031122,https://www.mcas.com.au/assets/full/AH031122.jpg,MCAS
AH031123,https://www.mcas.com.au/assets/full/AH031123.jpg,MCAS
AH031422,https://www.mcas.com.au/assets/full/AH031422.jpg,MCAS
AH031427,https://www.mcas.com.au/assets/full/AH031427.png,MCAS
AH031428,https://www.mcas.com.au/assets/full/AH031428.jpg,MCAS
AH031430,https://www.mcas.com.au/assets/full/AH031430.jpg,MCAS
AH031431,https://www.mcas.com.au/assets/full/AH031431.jpg,MCAS
AH031432,https://www.mcas.com.au/assets/full/AH031432.jpg,MCAS
AH031445,https://www.mcas.com.au/assets/full/AH031445.jpg,MCAS
AH031446,https://www.mcas.com.au/assets/full/AH031446.jpg,MCAS
AH031447,https://www.mcas.com.au/assets/full/AH031447.jpg,MCAS
AH042177,https://www.mcas.com.au/assets/full/AH042177.jpg,MCAS
AH043090,https://www.mcas.com.au/assets/full/AH043090.png,MCAS
AH043092,https://www.mcas.com.au/assets/full/AH043092.jpg,MCAS
AH043093,https://www.mcas.com.au/assets/full/AH043093.jpg,MCAS
AH043094,https://www.mcas.com.au/assets/full/AH043094.jpg,MCAS
AH043202,https://www.mcas.com.au/assets/full/AH043202.jpg,MCAS
AH043203,https://www.mcas.com.au/assets/full/AH043203.jpg,MCAS
AH054396,https://www.mcas.com.au/assets/full/AH054396.png,MCAS
AH054398,https://www.mcas.com.au/assets/full/AH054398.png,MCAS
AH054473,https://www.mcas.com.au/assets/full/AH054473.jpg,MCAS
AH054474,https://www.mcas.com.au/assets/full/AH054474.jpg,MCAS
AH054475,https://www.mcas.com.au/assets/full/AH054475.jpg,MCAS
AH054476,https://www.mcas.com.au/assets/full/AH054476.jpg,MCAS
AH054477,https://www.mcas.com.au/assets/full/AH054477.jpg,MCAS
AH054478,https://www.mcas.com.au/assets/full/AH054478.jpg,MCAS
AH055384,https://www.mcas.com.au/assets/full/AH055384.jpg,MCAS
AH055385,https://www.mcas.com.au/assets/full/AH055385.jpg,MCAS
AH055386,https://www.mcas.com.au/assets/full/AH055386.jpg,MCAS
AH055387,https://www.mcas.com.au/assets/full/AH055387.jpg,MCAS
AH055388,https://www.mcas.com.au/assets/full/AH055388.jpg,MCAS
AH055402,https://www.mcas.com.au/assets/full/AH055402.jpg,MCAS
AH055403,https://www.mcas.com.au/assets/full/AH055403.jpg,MCAS
AH055404,https://www.mcas.com.au/assets/full/AH055404.jpg,MCAS
AH055405,https://www.mcas.com.au/assets/full/AH055405.jpg,MCAS
AH055406,https://www.mcas.com.au/assets/full/AH055406.png,MCAS
AH055407,https://www.mcas.com.au/assets/full/AH055407.png,MCAS
AH055616,https://www.mcas.com.au/assets/full/AH055616.jpg,MCAS
AH055617,https://www.mcas.com.au/assets/full/AH055617.jpg,MCAS
AH055618,https://www.mcas.com.au/assets/full/AH055618.jpg,MCAS
AH055619,https://www.mcas.com.au/assets/full/AH055619.jpg,MCAS
AH055620,https://www.mcas.com.au/assets/full/AH055620.jpg,MCAS
AH055661,https://www.mcas.com.au/assets/full/AH055661.jpg,MCAS
AH055662,https://www.mcas.com.au/assets/full/AH055662.jpg,MCAS
AH055663,https://www.mcas.com.au/assets/full/AH055663.jpg,MCAS
AH055664,https://www.mcas.com.au/assets/full/AH055664.jpg,MCAS
AH055698,https://www.mcas.com.au/assets/full/AH055698.jpg,MCAS
AH055699,https://www.mcas.com.au/assets/full/AH055699.jpg,MCAS
AH055700,https://www.mcas.com.au/assets/full/AH055700.jpg,MCAS
AH055701,https://www.mcas.com.au/assets/full/AH055701.jpg,MCAS
AH055702,https://www.mcas.com.au/assets/full/AH055702.jpg,MCAS
AH055710,https://www.mcas.com.au/assets/full/AH055710.jpg,MCAS
AH055711,https://www.mcas.com.au/assets/full/AH055711.jpg,MCAS
AH055712,https://www.mcas.com.au/assets/full/AH055712.jpg,MCAS
AH055713,https://www.mcas.com.au/assets/full/AH055713.jpg,MCAS
AH055714,https://www.mcas.com.au/assets/full/AH055714.jpg,MCAS
AH055715,https://www.mcas.com.au/assets/full/AH055715.jpg,MCAS
AH055732,https://www.mcas.com.au/assets/full/AH055732.jpg,MCAS
AH055733,https://www.mcas.com.au/assets/full/AH055733.jpg,MCAS
AH055734,https://www.mcas.com.au/assets/full/AH055734.jpg,MCAS
AH055735,https://www.mcas.com.au/assets/full/AH055735.jpg,MCAS
AH055737,https://www.mcas.com.au/assets/full/AH055737.jpg,MCAS
AH055743,https://www.mcas.com.au/assets/full/AH055743.jpg,MCAS
AH055744,https://www.mcas.com.au/assets/full/AH055744.jpg,MCAS
AH055745,https://www.mcas.com.au/assets/full/AH055745.jpg,MCAS
AH055746,https://www.mcas.com.au/assets/full/AH055746.jpg,MCAS
AH055747,https://www.mcas.com.au/assets/full/AH055747.jpg,MCAS
AH055842,https://www.mcas.com.au/assets/full/AH055842.jpg,MCAS
AH055843,https://www.mcas.com.au/assets/full/AH055843.jpg,MCAS
AH055844,https://www.mcas.com.au/assets/full/AH055844.jpg,MCAS
AH055845,https://www.mcas.com.au/assets/full/AH055845.jpg,MCAS
AH055846,https://www.mcas.com.au/assets/full/AH055846.jpg,MCAS
AH065795,https://www.mcas.com.au/assets/full/AH065795.jpg,MCAS
AH065796,https://www.mcas.com.au/assets/full/AH065796.jpg,MCAS
AH065798,https://www.mcas.com.au/assets/full/AH065798.jpg,MCAS
AH072759,https://www.mcas.com.au/assets/full/AH072759.png,MCAS
AH073606,https://www.mcas.com.au/assets/full/AH073606.png,MCAS
AH073616,https://www.mcas.com.au/assets/full/AH073616.jpg,MCAS
AH074004,https://www.mcas.com.au/assets/full/AH074004.jpg,MCAS
AH074008,https://www.mcas.com.au/assets/full/AH074008.jpg,MCAS
AH074010,https://www.mcas.com.au/assets/full/AH074010.jpg,MCAS
AH074011,https://www.mcas.com.au/assets/full/AH074011.jpg,MCAS
AH074014,https://www.mcas.com.au/assets/full/AH074014.jpg,MCAS
AH074015,https://www.mcas.com.au/assets/full/AH074015.jpg,MCAS
AH074348,https://www.mcas.com.au/assets/full/AH074348.png,MCAS
AH074352,https://www.mcas.com.au/assets/full/AH074352.jpg,MCAS
AH074382,https://www.mcas.com.au/assets/full/AH074382.jpg,MCAS
AH074383,https://www.mcas.com.au/assets/full/AH074383.jpg,MCAS
AH074384,https://www.mcas.com.au/assets/full/AH074384.jpg,MCAS
AH074385,https://www.mcas.com.au/assets/full/AH074385.jpg,MCAS
AH074386,https://www.mcas.com.au/assets/full/AH074386.jpg,MCAS
AH074387,https://www.mcas.com.au/assets/full/AH074387.jpg,MCAS
AH074388,https://www.mcas.com.au/assets/full/AH074388.jpg,MCAS
AH074389,https://www.mcas.com.au/assets/full/AH074389.jpg,MCAS
AH074390,https://www.mcas.com.au/assets/full/AH074390.jpg,MCAS
AH074391,https://www.mcas.com.au/assets/full/AH074391.jpg,MCAS
AH074392,https://www.mcas.com.au/assets/full/AH074392.jpg,MCAS
AH075410,https://www.mcas.com.au/assets/full/AH075410.jpg,MCAS
AH075411,https://www.mcas.com.au/assets/full/AH075411.jpg,MCAS
AH075412,https://www.mcas.com.au/assets/full/AH075412.jpg,MCAS
AH075465,https://www.mcas.com.au/assets/full/AH075465.jpg,MCAS
AH075466,https://www.mcas.com.au/assets/full/AH075466.jpg,MCAS
AH075474,https://www.mcas.com.au/assets/full/AH075474.jpg,MCAS
AH075475,https://www.mcas.com.au/assets/full/AH075475.jpg,MCAS
AH075476,https://www.mcas.com.au/assets/full/AH075476.jpg,MCAS
AH075477,https://www.mcas.com.au/assets/full/AH075477.jpg,MCAS
AH075478,https://www.mcas.com.au/assets/full/AH075478.jpg,MCAS
AH075479,https://www.mcas.com.au/assets/full/AH075479.jpg,MCAS
AH075480,https://www.mcas.com.au/assets/full/AH075480.jpg,MCAS
AH075560,https://www.mcas.com.au/assets/full/AH075560.jpg,MCAS
AH075561,https://www.mcas.com.au/assets/full/AH075561.jpg,MCAS
AH075563,https://www.mcas.com.au/assets/full/AH075563.jpg,MCAS
AH075564,https://www.mcas.com.au/assets/full/AH075564.jpg,MCAS
AH075565,https://www.mcas.com.au/assets/full/AH075565.jpg,MCAS
AH075566,https://www.mcas.com.au/assets/full/AH075566.png,MCAS
AH075567,https://www.mcas.com.au/assets/full/AH075567.jpg,MCAS
AH075568,https://www.mcas.com.au/assets/full/AH075568.png,MCAS
AH075569,https://www.mcas.com.au/assets/full/AH075569.jpg,MCAS
AH075570,https://www.mcas.com.au/assets/full/AH075570.jpg,MCAS
AH075571,https://www.mcas.com.au/assets/full/AH075571.jpg,MCAS
AH075572,https://www.mcas.com.au/assets/full/AH075572.jpg,MCAS
AH075682,https://www.mcas.com.au/assets/full/AH075682.jpg,MCAS
AH075683,https://www.mcas.com.au/assets/full/AH075683.jpg,MCAS
AH075684,https://www.mcas.com.au/assets/full/AH075684.jpg,MCAS
AH075685,https://www.mcas.com.au/assets/full/AH075685.jpg,MCAS
AH075686,https://www.mcas.com.au/assets/full/AH075686.jpg,MCAS
AH075687,https://www.mcas.com.au/assets/full/AH075687.jpg,MCAS
AH075688,https://www.mcas.com.au/assets/full/AH075688.jpg,MCAS
AH075690,https://www.mcas.com.au/assets/full/AH075690.jpg,MCAS
AH075691,https://www.mcas.com.au/assets/full/AH075691.jpg,MCAS
AH075692,https://www.mcas.com.au/assets/full/AH075692.jpg,MCAS
AH075694,https://www.mcas.com.au/assets/full/AH075694.jpg,MCAS
AH075695,https://www.mcas.com.au/assets/full/AH075695.jpg,MCAS
AH075708,https://www.mcas.com.au/assets/full/AH075708.jpg,MCAS
AH075709,https://www.mcas.com.au/assets/full/AH075709.jpg,MCAS
AH075830,https://www.mcas.com.au/assets/full/AH075830.jpg,MCAS
AH075831,https://www.mcas.com.au/assets/full/AH075831.jpg,MCAS
AH075832,https://www.mcas.com.au/assets/full/AH075832.jpg,MCAS
AH075833,https://www.mcas.com.au/assets/full/AH075833.jpg,MCAS
AH075834,https://www.mcas.com.au/assets/full/AH075834.jpg,MCAS
AH075835,https://www.mcas.com.au/assets/full/AH075835.jpg,MCAS
AH075837,https://www.mcas.com.au/assets/full/AH075837.jpg,MCAS
AH075839,https://www.mcas.com.au/assets/full/AH075839.jpg,MCAS
AH075840,https://www.mcas.com.au/assets/full/AH075840.jpg,MCAS
AH075841,https://www.mcas.com.au/assets/full/AH075841.jpg,MCAS
AH075845,https://www.mcas.com.au/assets/full/AH075845.jpg,MCAS
AH075846,https://www.mcas.com.au/assets/full/AH075846.jpg,MCAS
AH075847,https://www.mcas.com.au/assets/full/AH075847.jpg,MCAS
AH075848,https://www.mcas.com.au/assets/full/AH075848.jpg,MCAS
AH075849,https://www.mcas.com.au/assets/full/AH075849.jpg,MCAS
AH075850,https://www.mcas.com.au/assets/full/AH075850.jpg,MCAS
AH075851,https://www.mcas.com.au/assets/full/AH075851.jpg,MCAS
AH075852,https://www.mcas.com.au/assets/full/AH075852.jpg,MCAS
AH075853,https://www.mcas.com.au/assets/full/AH075853.jpg,MCAS
AH075854,https://www.mcas.com.au/assets/full/AH075854.jpg,MCAS
AH075855,https://www.mcas.com.au/assets/full/AH075855.jpg,MCAS
AH082356,https://www.mcas.com.au/assets/full/AH082356.jpg,MCAS
AH082365,https://www.mcas.com.au/assets/full/AH082365.jpg,MCAS
AH082370,https://www.mcas.com.au/assets/full/AH082370.png,MCAS
AH082391,https://www.mcas.com.au/assets/full/AH082391.png,MCAS
AH082392,https://www.mcas.com.au/assets/full/AH082392.jpg,MCAS
AH092093,https://www.mcas.com.au/assets/full/AH092093.jpg,MCAS
AH092094,https://www.mcas.com.au/assets/full/AH092094.jpg,MCAS
AH092095,https://www.mcas.com.au/assets/full/AH092095.jpg,MCAS
AH092146,https://www.mcas.com.au/assets/full/AH092146.jpg,MCAS
AH093967,https://www.mcas.com.au/assets/full/AH093967.jpg,MCAS
AH093969,https://www.mcas.com.au/assets/full/AH093969.jpg,MCAS
AH093978,https://www.mcas.com.au/assets/full/AH093978.jpg,MCAS
AH093983,https://www.mcas.com.au/assets/full/AH093983.jpg,MCAS
AH093987,https://www.mcas.com.au/assets/full/AH093987.jpg,MCAS
AH093990,https://www.mcas.com.au/assets/full/AH093990.jpg,MCAS
AH093994,https://www.mcas.com.au/assets/full/AH093994.jpg,MCAS
AH093997,https://www.mcas.com.au/assets/full/AH093997.jpg,MCAS
AH094002,https://www.mcas.com.au/assets/full/AH094002.jpg,MCAS
AH095381,https://www.mcas.com.au/assets/full/AH095381.jpg,MCAS
AH095383,https://www.mcas.com.au/assets/full/AH095383.jpg,MCAS
AH095394,https://www.mcas.com.au/assets/full/AH095394.jpg,MCAS
AH095396,https://www.mcas.com.au/assets/full/AH095396.jpg,MCAS
AH095397,https://www.mcas.com.au/assets/full/AH095397.jpg,MCAS
AH095398,https://www.mcas.com.au/assets/full/AH095398.jpg,MCAS
AH095399,https://www.mcas.com.au/assets/full/AH095399.jpg,MCAS
AH095423,https://www.mcas.com.au/assets/full/AH095423.jpg,MCAS
AH095438,https://www.mcas.com.au/assets/full/AH095438.jpg,MCAS
AH095479,https://www.mcas.com.au/assets/full/AH095479.jpg,MCAS
AH095480,https://www.mcas.com.au/assets/full/AH095480.jpg,MCAS
AH095481,https://www.mcas.com.au/assets/full/AH095481.jpg,MCAS
AH095483,https://www.mcas.com.au/assets/full/AH095483.jpg,MCAS
AH095484,https://www.mcas.com.au/assets/full/AH095484.jpg,MCAS
AH095485,https://www.mcas.com.au/assets/full/AH095485.jpg,MCAS
AH101761,https://www.mcas.com.au/assets/full/AH101761.jpg,MCAS
AH101762,https://www.mcas.com.au/assets/full/AH101762.jpg,MCAS
AH101764,https://www.mcas.com.au/assets/full/AH101764.jpg,MCAS
AH101799,https://www.mcas.com.au/assets/full/AH101799.png,MCAS
AH102000,https://www.mcas.com.au/assets/full/AH102000.jpg,MCAS
AH102003,https://www.mcas.com.au/assets/full/AH102003.jpg,MCAS
AH102004,https://www.mcas.com.au/assets/full/AH102004.jpg,MCAS
AH102005,https://www.mcas.com.au/assets/full/AH102005.jpg,MCAS
AH102008,https://www.mcas.com.au/assets/full/AH102008.jpg,MCAS
AH102030,https://www.mcas.com.au/assets/full/AH102030.jpg,MCAS
AH102033,https://www.mcas.com.au/assets/full/AH102033.jpg,MCAS
AH102034,https://www.mcas.com.au/assets/full/AH102034.jpg,MCAS
AH102035,https://www.mcas.com.au/assets/full/AH102035.jpg,MCAS
AH102036,https://www.mcas.com.au/assets/full/AH102036.jpg,MCAS
AH102037,https://www.mcas.com.au/assets/full/AH102037.jpg,MCAS
AH102070,https://www.mcas.com.au/assets/full/AH102070.jpg,MCAS
AH102071,https://www.mcas.com.au/assets/full/AH102071.jpg,MCAS
AH102073,https://www.mcas.com.au/assets/full/AH102073.jpg,MCAS
AH102074,https://www.mcas.com.au/assets/full/AH102074.jpg,MCAS
AH102075,https://www.mcas.com.au/assets/full/AH102075.jpg,MCAS
AH102079,https://www.mcas.com.au/assets/full/AH102079.jpg,MCAS
AH102103,https://www.mcas.com.au/assets/full/AH102103.jpg,MCAS
AH102104,https://www.mcas.com.au/assets/full/AH102104.jpg,MCAS
AH102105,https://www.mcas.com.au/assets/full/AH102105.jpg,MCAS
AH102106,https://www.mcas.com.au/assets/full/AH102106.jpg,MCAS
AH103501,https://www.mcas.com.au/assets/full/AH103501.jpg,MCAS
AH103506,https://www.mcas.com.au/assets/full/AH103506.jpg,MCAS
AH103508,https://www.mcas.com.au/assets/full/AH103508.jpg,MCAS
AH103509,https://www.mcas.com.au/assets/full/AH103509.jpg,MCAS
AH103551,https://www.mcas.com.au/assets/full/AH103551.jpg,MCAS
AH103553,https://www.mcas.com.au/assets/full/AH103553.webp,MCAS
AH103559,https://www.mcas.com.au/assets/full/AH103559.jpg,MCAS
AH103897,https://www.mcas.com.au/assets/full/AH103897.jpg,MCAS
AH104114,https://www.mcas.com.au/assets/full/AH104114.jpg,MCAS
AH104115,https://www.mcas.com.au/assets/full/AH104115.jpg,MCAS
AH104116,https://www.mcas.com.au/assets/full/AH104116.jpg,MCAS
AH104117,https://www.mcas.com.au/assets/full/AH104117.jpg,MCAS
AH104118,https://www.mcas.com.au/assets/full/AH104118.jpg,MCAS
AH104119,https://www.mcas.com.au/assets/full/AH104119.jpg,MCAS
AH104120,https://www.mcas.com.au/assets/full/AH104120.jpg,MCAS
AH104121,https://www.mcas.com.au/assets/full/AH104121.jpg,MCAS
AH104122,https://www.mcas.com.au/assets/full/AH104122.jpg,MCAS
AH104123,https://www.mcas.com.au/assets/full/AH104123.jpg,MCAS
AH104124,https://www.mcas.com.au/assets/full/AH104124.jpg,MCAS
AH104131,https://www.mcas.com.au/assets/full/AH104131.jpg,MCAS
AH104132,https://www.mcas.com.au/assets/full/AH104132.jpg,MCAS
AH104134,https://www.mcas.com.au/assets/full/AH104134.jpg,MCAS
AH104135,https://www.mcas.com.au/assets/full/AH104135.jpg,MCAS
AH104140,https://www.mcas.com.au/assets/full/AH104140.jpg,MCAS
AH104144,https://www.mcas.com.au/assets/full/AH104144.jpg,MCAS
AH104153,https://www.mcas.com.au/assets/full/AH104153.png,MCAS
AH104154,https://www.mcas.com.au/assets/full/AH104154.jpg,MCAS
AH104156,https://www.mcas.com.au/assets/full/AH104156.jpg,MCAS
AH104289,https://www.mcas.com.au/assets/full/AH104289.jpg,MCAS
AH104301,https://www.mcas.com.au/assets/full/AH104301.png,MCAS
AH104311,https://www.mcas.com.au/assets/full/AH104311.jpg,MCAS
AH105040,https://www.mcas.com.au/assets/full/AH105040.jpg,MCAS
AH105120,https://www.mcas.com.au/assets/full/AH105120.jpg,MCAS
AH105121,https://www.mcas.com.au/assets/full/AH105121.webp,MCAS
AH105122,https://www.mcas.com.au/assets/full/AH105122.jpg,MCAS
AH105127,https://www.mcas.com.au/assets/full/AH105127.jpg,MCAS
AH105344,https://www.mcas.com.au/assets/full/AH105344.jpg,MCAS
AH105346,https://www.mcas.com.au/assets/full/AH105346.png,MCAS
AH105347,https://www.mcas.com.au/assets/full/AH105347.jpg,MCAS
AH105349,https://www.mcas.com.au/assets/full/AH105349.jpg,MCAS
AH105353,https://www.mcas.com.au/assets/full/AH105353.png,MCAS
AH105355,https://www.mcas.com.au/assets/full/AH105355.jpg,MCAS
AH105356,https://www.mcas.com.au/assets/full/AH105356.jpg,MCAS
AH105358,https://www.mcas.com.au/assets/full/AH105358.jpg,MCAS
AH105361,https://www.mcas.com.au/assets/full/AH105361.jpg,MCAS
AH105362,https://www.mcas.com.au/assets/full/AH105362.png,MCAS
AH105364,https://www.mcas.com.au/assets/full/AH105364.png,MCAS
AH105365,https://www.mcas.com.au/assets/full/AH105365.png,MCAS
AH105367,https://www.mcas.com.au/assets/full/AH105367.jpg,MCAS
AH105371,https://www.mcas.com.au/assets/full/AH105371.png,MCAS
AH105373,https://www.mcas.com.au/assets/full/AH105373.jpg,MCAS
AH105376,https://www.mcas.com.au/assets/full/AH105376.jpg,MCAS
AH105377,https://www.mcas.com.au/assets/full/AH105377.jpg,MCAS
AH105385,https://www.mcas.com.au/assets/full/AH105385.jpg,MCAS
AH105386,https://www.mcas.com.au/assets/full/AH105386.jpg,MCAS
AH105387,https://www.mcas.com.au/assets/full/AH105387.jpg,MCAS
AH105501,https://www.mcas.com.au/assets/full/AH105501.jpg,MCAS
AH105502,https://www.mcas.com.au/assets/full/AH105502.jpg,MCAS
AH105503,https://www.mcas.com.au/assets/full/AH105503.jpg,MCAS
AH105604,https://www.mcas.com.au/assets/full/AH105604.jpg,MCAS
AH105605,https://www.mcas.com.au/assets/full/AH105605.jpg,MCAS
AH105608,https://www.mcas.com.au/assets/full/AH105608.jpg,MCAS
AH105634,https://www.mcas.com.au/assets/full/AH105634.webp,MCAS
AH105635,https://www.mcas.com.au/assets/full/AH105635.jpg,MCAS
AH105658,https://www.mcas.com.au/assets/full/AH105658.webp,MCAS
AH105659,https://www.mcas.com.au/assets/full/AH105659.jpg,MCAS
AH105663,https://www.mcas.com.au/assets/full/AH105663.jpg,MCAS
AH105666,https://www.mcas.com.au/assets/full/AH105666.jpg,MCAS
AH105734,https://www.mcas.com.au/assets/full/AH105734.jpg,MCAS
AH105742,https://www.mcas.com.au/assets/full/AH105742.jpg,MCAS
AH105743,https://www.mcas.com.au/assets/full/AH105743.jpg,MCAS
AH105747,https://www.mcas.com.au/assets/full/AH105747.jpg,MCAS
AH105749,https://www.mcas.com.au/assets/full/AH105749.jpg,MCAS
AH105802,https://www.mcas.com.au/assets/full/AH105802.jpg,MCAS
AH105906,https://www.mcas.com.au/assets/full/AH105906.jpg,MCAS
AH105923,https://www.mcas.com.au/assets/full/AH105923.jpg,MCAS
AH105929,https://www.mcas.com.au/assets/full/AH105929.jpg,MCAS
AH105941,https://www.mcas.com.au/assets/full/AH105941.jpg,MCAS
AH105942,https://www.mcas.com.au/assets/full/AH105942.jpg,MCAS
AH105943,https://www.mcas.com.au/assets/full/AH105943.jpg,MCAS
AH105945,https://www.mcas.com.au/assets/full/AH105945.jpg,MCAS
AH105946,https://www.mcas.com.au/assets/full/AH105946.jpg,MCAS
AH105947,https://www.mcas.com.au/assets/full/AH105947.jpg,MCAS
AH105948,https://www.mcas.com.au/assets/full/AH105948.jpg,MCAS
AH105949,https://www.mcas.com.au/assets/full/AH105949.jpg,MCAS
AH105953,https://www.mcas.com.au/assets/full/AH105953.jpg,MCAS
AH105955,https://www.mcas.com.au/assets/full/AH105955.jpg,MCAS
AH105956,https://www.mcas.com.au/assets/full/AH105956.jpg,MCAS
AH105957,https://www.mcas.com.au/assets/full/AH105957.jpg,MCAS
AH105971,https://www.mcas.com.au/assets/full/AH105971.jpg,MCAS
AH105975,https://www.mcas.com.au/assets/full/AH105975.jpg,MCAS
AH105977,https://www.mcas.com.au/assets/full/AH105977.jpg,MCAS
AH105979,https://www.mcas.com.au/assets/full/AH105979.jpg,MCAS
AH105980,https://www.mcas.com.au/assets/full/AH105980.jpg,MCAS
AH105981,https://www.mcas.com.au/assets/full/AH105981.jpg,MCAS
AH105984,https://www.mcas.com.au/assets/full/AH105984.jpg,MCAS
AH106011,https://www.mcas.com.au/assets/full/AH106011.jpg,MCAS
AH106012,https://www.mcas.com.au/assets/full/AH106012.jpg,MCAS
AH106015,https://www.mcas.com.au/assets/full/AH106015.webp,MCAS
AH106017,https://www.mcas.com.au/assets/full/AH106017.jpg,MCAS
AH106032,https://www.mcas.com.au/assets/full/AH106032.jpg,MCAS
AH106036,https://www.mcas.com.au/assets/full/AH106036.jpg,MCAS
AH111010,https://www.mcas.com.au/assets/full/AH111010.jpg,MCAS
AH112451,https://www.mcas.com.au/assets/full/AH112451.jpg,MCAS
AH112480,https://www.mcas.com.au/assets/full/AH112480.jpg,MCAS
AH112481,https://www.mcas.com.au/assets/full/AH112481.jpg,MCAS
AH112483,https://www.mcas.com.au/assets/full/AH112483.jpg,MCAS
AH112488,https://www.mcas.com.au/assets/full/AH112488.jpg,MCAS
AH112511,https://www.mcas.com.au/assets/full/AH112511.jpg,MCAS
AH121505,https://www.mcas.com.au/assets/full/AH121505.jpg,MCAS
AH121600,https://www.mcas.com.au/assets/full/AH121600.jpg,MCAS
AH30VWF2,https://www.mcas.com.au/assets/full/AH30VWF2.jpg,MCAS
AH35BK2,https://www.mcas.com.au/assets/full/AH35BK2.jpg,MCAS
AH35RMB2,https://www.mcas.com.au/assets/full/AH35RMB2.jpg,MCAS
AH35RMB3,https://www.mcas.com.au/assets/full/AH35RMB3.jpg,MCAS
AH43ABSBU2,https://www.mcas.com.au/assets/full/AH43ABSBU2.webp,MCAS
AH43ABSBU3,https://www.mcas.com.au/assets/full/AH43ABSBU3.webp,MCAS
AH43ABSRD3,https://www.mcas.com.au/assets/full/AH43ABSRD3.webp,MCAS
AH43ABSRD6,https://www.mcas.com.au/assets/full/AH43ABSRD6.webp,MCAS
AH43SNWT3,https://www.mcas.com.au/assets/full/AH43SNWT3.webp,MCAS
AH44FBK3,https://www.mcas.com.au/assets/full/AH44FBK3.jpg,MCAS
AH44FBK4,https://www.mcas.com.au/assets/full/AH44FBK4.jpg,MCAS
AH44FBK7,https://www.mcas.com.au/assets/full/AH44FBK7.jpg,MCAS
AH44GWH5,https://www.mcas.com.au/assets/full/AH44GWH5.jpg,MCAS
AH44KYTCM5,https://www.mcas.com.au/assets/full/AH44KYTCM5.jpg,MCAS
AH44NGP3,https://www.mcas.com.au/assets/full/AH44NGP3.jpg,MCAS
AH44NR6,https://www.mcas.com.au/assets/full/AH44NR6.jpg,MCAS
AH44RT6,https://www.mcas.com.au/assets/full/AH44RT6.jpg,MCAS
AH55736,https://www.mcas.com.au/assets/full/AH55736.jpg,MCAS
AH55737,https://www.mcas.com.au/assets/full/AH55737.jpg,MCAS
AH74005,https://www.mcas.com.au/assets/full/AH74005.jpg,MCAS
AH74006,https://www.mcas.com.au/assets/full/AH74006.jpg,MCAS
AH74007,https://www.mcas.com.au/assets/full/AH74007.jpg,MCAS
AH74009,https://www.mcas.com.au/assets/full/AH74009.jpg,MCAS
AH74012,https://www.mcas.com.au/assets/full/AH74012.jpg,MCAS
AH74013,https://www.mcas.com.au/assets/full/AH74013.jpg,MCAS
AH999CV01,https://www.mcas.com.au/assets/full/AH999CV01.jpg,MCAS
AH999CV02,https://www.mcas.com.au/assets/full/AH999CV02.jpg,MCAS
ARAIW113,https://www.mcas.com.au/assets/full/ARAIW113.jpg,MCAS
ARAIW159A,https://www.mcas.com.au/assets/full/ARAIW159A.jpg,MCAS
ARHBAG,https://www.mcas.com.au/assets/full/ARHBAG.jpg,MCAS
ASCM0059,https://www.mcas.com.au/assets/full/ASCM0059.jpg,MCAS
ASCM0082,https://www.mcas.com.au/assets/full/ASCM0082.jpg,MCAS
ASCM0269,https://www.mcas.com.au/assets/full/ASCM0269.jpg,MCAS
ASCM0270,https://www.mcas.com.au/assets/full/ASCM0270.jpg,MCAS
AZF16,https://www.mcas.com.au/assets/full/AZF16.webp,MCAS
AZF16RYM,https://www.mcas.com.au/assets/full/AZF16RYM.webp,MCAS
AZF20,https://www.mcas.com.au/assets/full/AZF20.webp,MCAS
AZF20RYM,https://www.mcas.com.au/assets/full/AZF20RYM.webp,MCAS
AZP12,https://www.mcas.com.au/assets/full/AZP12.webp,MCAS
AZP16,https://www.mcas.com.au/assets/full/AZP16.webp,MCAS
BE2010064,https://www.mcas.com.au/assets/full/BE2010064.jpg,MCAS
BE7018138,https://www.mcas.com.au/assets/full/BE7018138.jpg,MCAS
BE7084714,https://www.mcas.com.au/assets/full/BE7084714.jpg,MCAS
BE7091727,https://www.mcas.com.au/assets/full/BE7091727.jpg,MCAS
BE7102606,https://www.mcas.com.au/assets/full/BE7102606.jpg,MCAS
BE7103531,https://www.mcas.com.au/assets/full/BE7103531.jpg,MCAS
BE7108459,https://www.mcas.com.au/assets/full/BE7108459.jpg,MCAS
BE7111403,https://www.mcas.com.au/assets/full/BE7111403.jpg,MCAS
BE7111404,https://www.mcas.com.au/assets/full/BE7111404.jpg,MCAS
BE7111405,https://www.mcas.com.au/assets/full/BE7111405.jpg,MCAS
BE7111406,https://www.mcas.com.au/assets/full/BE7111406.jpg,MCAS
BE7111410,https://www.mcas.com.au/assets/full/BE7111410.jpg,MCAS
BE7111411,https://www.mcas.com.au/assets/full/BE7111411.jpg,MCAS
BE7111412,https://www.mcas.com.au/assets/full/BE7111412.jpg,MCAS
BE7111413,https://www.mcas.com.au/assets/full/BE7111413.jpg,MCAS
BE7111414,https://www.mcas.com.au/assets/full/BE7111414.jpg,MCAS
BE7111415,https://www.mcas.com.au/assets/full/BE7111415.jpg,MCAS
BE7111624,https://www.mcas.com.au/assets/full/BE7111624.jpg,MCAS
BE7111625,https://www.mcas.com.au/assets/full/BE7111625.jpg,MCAS
BE7111628,https://www.mcas.com.au/assets/full/BE7111628.jpg,MCAS
BE7112550,https://www.mcas.com.au/assets/full/BE7112550.jpg,MCAS
BE7112551,https://www.mcas.com.au/assets/full/BE7112551.jpg,MCAS
BE7116765,https://www.mcas.com.au/assets/full/BE7116765.jpg,MCAS
BE7116766,https://www.mcas.com.au/assets/full/BE7116766.jpg,MCAS
BE7116770,https://www.mcas.com.au/assets/full/BE7116770.jpg,MCAS
BE7116771,https://www.mcas.com.au/assets/full/BE7116771.jpg,MCAS
BE7116776,https://www.mcas.com.au/assets/full/BE7116776.jpg,MCAS
BE7117068,https://www.mcas.com.au/assets/full/BE7117068.jpg,MCAS
BE7117069,https://www.mcas.com.au/assets/full/BE7117069.jpg,MCAS
BE7120194,https://www.mcas.com.au/assets/full/BE7120194.jpg,MCAS
BE7120195,https://www.mcas.com.au/assets/full/BE7120195.jpg,MCAS
BE7120196,https://www.mcas.com.au/assets/full/BE7120196.jpg,MCAS
BE7120198,https://www.mcas.com.au/assets/full/BE7120198.jpg,MCAS
BE7120199,https://www.mcas.com.au/assets/full/BE7120199.jpg,MCAS
BE7120200,https://www.mcas.com.au/assets/full/BE7120200.jpg,MCAS
BE7120380,https://www.mcas.com.au/assets/full/BE7120380.jpg,MCAS
BE7120381,https://www.mcas.com.au/assets/full/BE7120381.jpg,MCAS
BE7121788,https://www.mcas.com.au/assets/full/BE7121788.jpg,MCAS
BE7121913,https://www.mcas.com.au/assets/full/BE7121913.jpg,MCAS
BE7121937,https://www.mcas.com.au/assets/full/BE7121937.jpg,MCAS
BE7124988,https://www.mcas.com.au/assets/full/BE7124988.jpg,MCAS
BE7124989,https://www.mcas.com.au/assets/full/BE7124989.jpg,MCAS
BE7124992,https://www.mcas.com.au/assets/full/BE7124992.jpg,MCAS
BE7124993,https://www.mcas.com.au/assets/full/BE7124993.jpg,MCAS
BE7124995,https://www.mcas.com.au/assets/full/BE7124995.jpg,MCAS
BE7124998,https://www.mcas.com.au/assets/full/BE7124998.jpg,MCAS
BE7125873,https://www.mcas.com.au/assets/full/BE7125873.jpg,MCAS
BE7125874,https://www.mcas.com.au/assets/full/BE7125874.jpg,MCAS
BE7125875,https://www.mcas.com.au/assets/full/BE7125875.jpg,MCAS
BE7125876,https://www.mcas.com.au/assets/full/BE7125876.jpg,MCAS
BE7133155,https://www.mcas.com.au/assets/full/BE7133155.jpg,MCAS
BE7133156,https://www.mcas.com.au/assets/full/BE7133156.jpg,MCAS
BE7133159,https://www.mcas.com.au/assets/full/BE7133159.jpg,MCAS
BE7133160,https://www.mcas.com.au/assets/full/BE7133160.jpg,MCAS
BE7133161,https://www.mcas.com.au/assets/full/BE7133161.jpg,MCAS
BE7133336,https://www.mcas.com.au/assets/full/BE7133336.jpg,MCAS
BE7133392,https://www.mcas.com.au/assets/full/BE7133392.jpg,MCAS
BE7133393,https://www.mcas.com.au/assets/full/BE7133393.jpg,MCAS
BE7136312,https://www.mcas.com.au/assets/full/BE7136312.jpg,MCAS
BE7136596,https://www.mcas.com.au/assets/full/BE7136596.jpg,MCAS
BE7137516,https://www.mcas.com.au/assets/full/BE7137516.jpg,MCAS
BE7137517,https://www.mcas.com.au/assets/full/BE7137517.jpg,MCAS
BE7137519,https://www.mcas.com.au/assets/full/BE7137519.jpg,MCAS
BE7137520,https://www.mcas.com.au/assets/full/BE7137520.jpg,MCAS
BE7137521,https://www.mcas.com.au/assets/full/BE7137521.jpg,MCAS
BE7137523,https://www.mcas.com.au/assets/full/BE7137523.jpg,MCAS
BE7137528,https://www.mcas.com.au/assets/full/BE7137528.jpg,MCAS
BE7137530,https://www.mcas.com.au/assets/full/BE7137530.jpg,MCAS
BE7137531,https://www.mcas.com.au/assets/full/BE7137531.jpg,MCAS
BE7137532,https://www.mcas.com.au/assets/full/BE7137532.jpg,MCAS
BE7137547,https://www.mcas.com.au/assets/full/BE7137547.jpg,MCAS
BE7137548,https://www.mcas.com.au/assets/full/BE7137548.jpg,MCAS
BE7137550,https://www.mcas.com.au/assets/full/BE7137550.jpg,MCAS
BE7137551,https://www.mcas.com.au/assets/full/BE7137551.jpg,MCAS
BE7137552,https://www.mcas.com.au/assets/full/BE7137552.jpg,MCAS
BE7137554,https://www.mcas.com.au/assets/full/BE7137554.jpg,MCAS
BE7143984,https://www.mcas.com.au/assets/full/BE7143984.jpg,MCAS
BE7144837,https://www.mcas.com.au/assets/full/BE7144837.jpg,MCAS
BE7146357,https://www.mcas.com.au/assets/full/BE7146357.jpg,MCAS
BE7146358,https://www.mcas.com.au/assets/full/BE7146358.jpg,MCAS
BE7146535,https://www.mcas.com.au/assets/full/BE7146535.jpg,MCAS
BE7147383,https://www.mcas.com.au/assets/full/BE7147383.jpg,MCAS
BE7148557,https://www.mcas.com.au/assets/full/BE7148557.jpg,MCAS
BE7148858,https://www.mcas.com.au/assets/full/BE7148858.jpg,MCAS
BE7150443,https://www.mcas.com.au/assets/full/BE7150443.jpg,MCAS
BE7150444,https://www.mcas.com.au/assets/full/BE7150444.jpg,MCAS
BE7157553,https://www.mcas.com.au/assets/full/BE7157553.jpg,MCAS
BE7157557,https://www.mcas.com.au/assets/full/BE7157557.jpg,MCAS
BE7157560,https://www.mcas.com.au/assets/full/BE7157560.jpg,MCAS
BE7157564,https://www.mcas.com.au/assets/full/BE7157564.jpg,MCAS
BE7157565,https://www.mcas.com.au/assets/full/BE7157565.jpg,MCAS
BE7157570,https://www.mcas.com.au/assets/full/BE7157570.jpg,MCAS
BE7157571,https://www.mcas.com.au/assets/full/BE7157571.jpg,MCAS
BE7157572,https://www.mcas.com.au/assets/full/BE7157572.jpg,MCAS
BE7157573,https://www.mcas.com.au/assets/full/BE7157573.jpg,MCAS
BE7157574,https://www.mcas.com.au/assets/full/BE7157574.jpg,MCAS
BE7157575,https://www.mcas.com.au/assets/full/BE7157575.jpg,MCAS
BE7157578,https://www.mcas.com.au/assets/full/BE7157578.jpg,MCAS
BE7157579,https://www.mcas.com.au/assets/full/BE7157579.jpg,MCAS
BE7161571,https://www.mcas.com.au/assets/full/BE7161571.jpg,MCAS
BE7161573,https://www.mcas.com.au/assets/full/BE7161573.webp,MCAS
BE7164441,https://www.mcas.com.au/assets/full/BE7164441.webp,MCAS
BE7164445,https://www.mcas.com.au/assets/full/BE7164445.webp,MCAS
BE7164449,https://www.mcas.com.au/assets/full/BE7164449.webp,MCAS
BE7164468,https://www.mcas.com.au/assets/full/BE7164468.webp,MCAS
BE7164469,https://www.mcas.com.au/assets/full/BE7164469.webp,MCAS
BE7164473,https://www.mcas.com.au/assets/full/BE7164473.webp,MCAS
BE8013379,https://www.mcas.com.au/assets/full/BE8013379.jpg,MCAS
BE8013387,https://www.mcas.com.au/assets/full/BE8013387.jpg,MCAS
BE8013390,https://www.mcas.com.au/assets/full/BE8013390.jpg,MCAS
BE8013391,https://www.mcas.com.au/assets/full/BE8013391.jpg,MCAS
BE8054911,https://www.mcas.com.au/assets/full/BE8054911.webp,MCAS
BE8054912,https://www.mcas.com.au/assets/full/BE8054912.webp,MCAS
BE8054914,https://www.mcas.com.au/assets/full/BE8054914.webp,MCAS
BE8054915,https://www.mcas.com.au/assets/full/BE8054915.webp,MCAS
BE8054945,https://www.mcas.com.au/assets/full/BE8054945.webp,MCAS
BE8055075,https://www.mcas.com.au/assets/full/BE8055075.jpg,MCAS
BE8055076,https://www.mcas.com.au/assets/full/BE8055076.jpg,MCAS
BE8055371,https://www.mcas.com.au/assets/full/BE8055371.jpg,MCAS
BG1319B,https://www.mcas.com.au/assets/full/BG1319B.jpg,MCAS
BG1440U,https://www.mcas.com.au/assets/full/BG1440U.jpg,MCAS
BG1513C,https://www.mcas.com.au/assets/full/BG1513C.jpg,MCAS
BG1515D,https://www.mcas.com.au/assets/full/BG1515D.jpg,MCAS
BG1536U,https://www.mcas.com.au/assets/full/BG1536U.jpg,MCAS
BG1564U,https://www.mcas.com.au/assets/full/BG1564U.jpg,MCAS
BG1568U,https://www.mcas.com.au/assets/full/BG1568U.jpg,MCAS
BG1583UU,https://www.mcas.com.au/assets/full/BG1583UU.webp,MCAS
BG1584U,https://www.mcas.com.au/assets/full/BG1584U.jpg,MCAS
BG1614U,https://www.mcas.com.au/assets/full/BG1614U.jpg,MCAS
BG1617B,https://www.mcas.com.au/assets/full/BG1617B.jpg,MCAS
BG1629U,https://www.mcas.com.au/assets/full/BG1629U.jpg,MCAS
BG1651H,https://www.mcas.com.au/assets/full/BG1651H.jpg,MCAS
BG1651I,https://www.mcas.com.au/assets/full/BG1651I.jpg,MCAS
BG1651L,https://www.mcas.com.au/assets/full/BG1651L.jpg,MCAS
BG1651U,https://www.mcas.com.au/assets/full/BG1651U.jpg,MCAS
BG1662U,https://www.mcas.com.au/assets/full/BG1662U.jpg,MCAS
BG1669U,https://www.mcas.com.au/assets/full/BG1669U.jpg,MCAS
BG1676U,https://www.mcas.com.au/assets/full/BG1676U.jpg,MCAS
BG1681U,https://www.mcas.com.au/assets/full/BG1681U.jpg,MCAS
BG1689E,https://www.mcas.com.au/assets/full/BG1689E.jpg,MCAS
BG1691A,https://www.mcas.com.au/assets/full/BG1691A.jpg,MCAS
BG1693U,https://www.mcas.com.au/assets/full/BG1693U.jpg,MCAS
BG1704U,https://www.mcas.com.au/assets/full/BG1704U.jpg,MCAS
BG1705U,https://www.mcas.com.au/assets/full/BG1705U.jpg,MCAS
BG1709C,https://www.mcas.com.au/assets/full/BG1709C.jpg,MCAS
BG1709D,https://www.mcas.com.au/assets/full/BG1709D.jpg,MCAS
BG1709U,https://www.mcas.com.au/assets/full/BG1709U.jpg,MCAS
BG1710B,https://www.mcas.com.au/assets/full/BG1710B.jpg,MCAS
BG1712D,https://www.mcas.com.au/assets/full/BG1712D.jpg,MCAS
BG1712U,https://www.mcas.com.au/assets/full/BG1712U.jpg,MCAS
BG1719U,https://www.mcas.com.au/assets/full/BG1719U.jpg,MCAS
BG1721U,https://www.mcas.com.au/assets/full/BG1721U.jpg,MCAS
BG1724U,https://www.mcas.com.au/assets/full/BG1724U.jpg,MCAS
BG1732A,https://www.mcas.com.au/assets/full/BG1732A.jpg,MCAS
BG1732U,https://www.mcas.com.au/assets/full/BG1732U.jpg,MCAS
BG1735A,https://www.mcas.com.au/assets/full/BG1735A.jpg,MCAS
BG1738U,https://www.mcas.com.au/assets/full/BG1738U.jpg,MCAS
BG1744U,https://www.mcas.com.au/assets/full/BG1744U.jpg,MCAS
BG1745A,https://www.mcas.com.au/assets/full/BG1745A.jpg,MCAS
BG1745U,https://www.mcas.com.au/assets/full/BG1745U.jpg,MCAS
BG1748A,https://www.mcas.com.au/assets/full/BG1748A.jpg,MCAS
BG1748U,https://www.mcas.com.au/assets/full/BG1748U.jpg,MCAS
BG1749U,https://www.mcas.com.au/assets/full/BG1749U.jpg,MCAS
BG1750U,https://www.mcas.com.au/assets/full/BG1750U.jpg,MCAS
BG1751U,https://www.mcas.com.au/assets/full/BG1751U.jpg,MCAS
BG1752U,https://www.mcas.com.au/assets/full/BG1752U.jpg,MCAS
BG1753U,https://www.mcas.com.au/assets/full/BG1753U.jpg,MCAS
BG1757A,https://www.mcas.com.au/assets/full/BG1757A.jpg,MCAS
BG1757U,https://www.mcas.com.au/assets/full/BG1757U.jpg,MCAS
BG1763U,https://www.mcas.com.au/assets/full/BG1763U.jpg,MCAS
BG1764U,https://www.mcas.com.au/assets/full/BG1764U.jpg,MCAS
BG1766A,https://www.mcas.com.au/assets/full/BG1766A.jpg,MCAS
BG1771U,https://www.mcas.com.au/assets/full/BG1771U.jpg,MCAS
BG1772U,https://www.mcas.com.au/assets/full/BG1772U.jpg,MCAS
BG1773B,https://www.mcas.com.au/assets/full/BG1773B.jpg,MCAS
BG1782U,https://www.mcas.com.au/assets/full/BG1782U.jpg,MCAS
BG1786A,https://www.mcas.com.au/assets/full/BG1786A.jpg,MCAS
BG1791U,https://www.mcas.com.au/assets/full/BG1791U.jpg,MCAS
BG1794U,https://www.mcas.com.au/assets/full/BG1794U.jpg,MCAS
BG1796U,https://www.mcas.com.au/assets/full/BG1796U.jpg,MCAS
BG1797U,https://www.mcas.com.au/assets/full/BG1797U.jpg,MCAS
BG1800U,https://www.mcas.com.au/assets/full/BG1800U.jpg,MCAS
BG1801U,https://www.mcas.com.au/assets/full/BG1801U.jpg,MCAS
BG1802U,https://www.mcas.com.au/assets/full/BG1802U.jpg,MCAS
BG1803U,https://www.mcas.com.au/assets/full/BG1803U.jpg,MCAS
BG1805A,https://www.mcas.com.au/assets/full/BG1805A.jpg,MCAS
BG1807U,https://www.mcas.com.au/assets/full/BG1807U.jpg,MCAS
BG1808U,https://www.mcas.com.au/assets/full/BG1808U.jpg,MCAS
BG1811U,https://www.mcas.com.au/assets/full/BG1811U.jpg,MCAS
BG1815A,https://www.mcas.com.au/assets/full/BG1815A.jpg,MCAS
BG1815U,https://www.mcas.com.au/assets/full/BG1815U.jpg,MCAS
BG1817U,https://www.mcas.com.au/assets/full/BG1817U.jpg,MCAS
BG1819U,https://www.mcas.com.au/assets/full/BG1819U.jpg,MCAS
BG1821U,https://www.mcas.com.au/assets/full/BG1821U.jpg,MCAS
BG4951,https://www.mcas.com.au/assets/full/BG4951.webp,MCAS
BG4985,https://www.mcas.com.au/assets/full/BG4985.webp,MCAS
BG4986,https://www.mcas.com.au/assets/full/BG4986.webp,MCAS
BG5338A,https://www.mcas.com.au/assets/full/BG5338A.webp,MCAS
BG5342A,https://www.mcas.com.au/assets/full/BG5342A.webp,MCAS
BG5358A,https://www.mcas.com.au/assets/full/BG5358A.webp,MCAS
BG5358AG,https://www.mcas.com.au/assets/full/BG5358AG.webp,MCAS
BG5364A,https://www.mcas.com.au/assets/full/BG5364A.webp,MCAS
BG5365A,https://www.mcas.com.au/assets/full/BG5365A.webp,MCAS
BG5365AG,https://www.mcas.com.au/assets/full/BG5365AG.webp,MCAS
BG5370A,https://www.mcas.com.au/assets/full/BG5370A.webp,MCAS
BG5373A10,https://www.mcas.com.au/assets/full/BG5373A10.webp,MCAS
BG5374A,https://www.mcas.com.au/assets/full/BG5374A.webp,MCAS
BG5833CU,https://www.mcas.com.au/assets/full/BG5833CU.webp,MCAS
BG5845CB,https://www.mcas.com.au/assets/full/BG5845CB.webp,MCAS
BG5854,https://www.mcas.com.au/assets/full/BG5854.webp,MCAS
BG5856,https://www.mcas.com.au/assets/full/BG5856.webp,MCAS
BG5858,https://www.mcas.com.au/assets/full/BG5858.webp,MCAS
BG5860NB,https://www.mcas.com.au/assets/full/BG5860NB.webp,MCAS
BG5860NBL,https://www.mcas.com.au/assets/full/BG5860NBL.webp,MCAS
BG5865N,https://www.mcas.com.au/assets/full/BG5865N.webp,MCAS
BG5866NO,https://www.mcas.com.au/assets/full/BG5866NO.webp,MCAS
BG5868NO,https://www.mcas.com.au/assets/full/BG5868NO.webp,MCAS
BG5873B,https://www.mcas.com.au/assets/full/BG5873B.webp,MCAS
BG5879N,https://www.mcas.com.au/assets/full/BG5879N.webp,MCAS
BG5881N,https://www.mcas.com.au/assets/full/BG5881N.webp,MCAS
BGVPDET0003,https://www.mcas.com.au/assets/full/BGVPDET0003.webp,MCAS
BGVPDET0004,https://www.mcas.com.au/assets/full/BGVPDET0004.webp,MCAS
BGVPDET0005,https://www.mcas.com.au/assets/full/BGVPDET0005.webp,MCAS
BGVPDET0010,https://www.mcas.com.au/assets/full/BGVPDET0010.webp,MCAS
BGVPDET0012,https://www.mcas.com.au/assets/full/BGVPDET0012.webp,MCAS
BGVPDET0013,https://www.mcas.com.au/assets/full/BGVPDET0013.webp,MCAS
BGVPDET0014,https://www.mcas.com.au/assets/full/BGVPDET0014.webp,MCAS
BGVPDET0017,https://www.mcas.com.au/assets/full/BGVPDET0017.webp,MCAS
BGVPDET0018,https://www.mcas.com.au/assets/full/BGVPDET0018.webp,MCAS
BGVPDET0022,https://www.mcas.com.au/assets/full/BGVPDET0022.webp,MCAS
BGVPDET0023,https://www.mcas.com.au/assets/full/BGVPDET0023.webp,MCAS
BGVPDET0024,https://www.mcas.com.au/assets/full/BGVPDET0024.webp,MCAS
BGVPDET0025,https://www.mcas.com.au/assets/full/BGVPDET0025.webp,MCAS
BGVPDET0026,https://www.mcas.com.au/assets/full/BGVPDET0026.webp,MCAS
BGXAC040,https://www.mcas.com.au/assets/full/BGXAC040.webp,MCAS
BGXAC240,https://www.mcas.com.au/assets/full/BGXAC240.webp,MCAS
BGXAC250,https://www.mcas.com.au/assets/full/BGXAC250.webp,MCAS
BGXAC260,https://www.mcas.com.au/assets/full/BGXAC260.webp,MCAS
BGXAC280,https://www.mcas.com.au/assets/full/BGXAC280.webp,MCAS
BGXAC300,https://www.mcas.com.au/assets/full/BGXAC300.webp,MCAS
BGXAC370,https://www.mcas.com.au/assets/full/BGXAC370.webp,MCAS
BGXAC500,https://www.mcas.com.au/assets/full/BGXAC500.webp,MCAS
BGXSD178,https://www.mcas.com.au/assets/full/BGXSD178.webp,MCAS
BGXSR040,https://www.mcas.com.au/assets/full/BGXSR040.webp,MCAS
BGXSR050,https://www.mcas.com.au/assets/full/BGXSR050.webp,MCAS
BGXSR090,https://www.mcas.com.au/assets/full/BGXSR090.webp,MCAS
BGXSR170,https://www.mcas.com.au/assets/full/BGXSR170.webp,MCAS
BGXSR259,https://www.mcas.com.au/assets/full/BGXSR259.webp,MCAS
BGXSR260,https://www.mcas.com.au/assets/full/BGXSR260.webp,MCAS
BGXSR329,https://www.mcas.com.au/assets/full/BGXSR329.jpg,MCAS
BGXSR340,https://www.mcas.com.au/assets/full/BGXSR340.webp,MCAS
BGXSR350,https://www.mcas.com.au/assets/full/BGXSR350.webp,MCAS
BGXSS020,https://www.mcas.com.au/assets/full/BGXSS020.webp,MCAS
BGXSS040,https://www.mcas.com.au/assets/full/BGXSS040.webp,MCAS
BGXSS069,https://www.mcas.com.au/assets/full/BGXSS069.webp,MCAS
BGXSS079,https://www.mcas.com.au/assets/full/BGXSS079.webp,MCAS
BGXTP020,https://www.mcas.com.au/assets/full/BGXTP020.webp,MCAS
BGXTP040,https://www.mcas.com.au/assets/full/BGXTP040.jpg,MCAS
BL6020200,https://www.mcas.com.au/assets/full/BL6020200.png,MCAS
BL6020201,https://www.mcas.com.au/assets/full/BL6020201.png,MCAS
BL6020202,https://www.mcas.com.au/assets/full/BL6020202.png,MCAS
BL6020800,https://www.mcas.com.au/assets/full/BL6020800.png,MCAS
BL6020802,https://www.mcas.com.au/assets/full/BL6020802.png,MCAS
BL6020803,https://www.mcas.com.au/assets/full/BL6020803.png,MCAS
BL6020810,https://www.mcas.com.au/assets/full/BL6020810.jpg,MCAS
BL6020811,https://www.mcas.com.au/assets/full/BL6020811.jpg,MCAS
BL6020812,https://www.mcas.com.au/assets/full/BL6020812.jpg,MCAS
BL6020813,https://www.mcas.com.au/assets/full/BL6020813.jpg,MCAS
BL6020814,https://www.mcas.com.au/assets/full/BL6020814.jpg,MCAS
BL6020815,https://www.mcas.com.au/assets/full/BL6020815.jpg,MCAS
BL6020817,https://www.mcas.com.au/assets/full/BL6020817.webp,MCAS
BL6020820,https://www.mcas.com.au/assets/full/BL6020820.webp,MCAS
BL6020821,https://www.mcas.com.au/assets/full/BL6020821.webp,MCAS
BL6023310,https://www.mcas.com.au/assets/full/BL6023310.jpg,MCAS
BL6023311,https://www.mcas.com.au/assets/full/BL6023311.jpg,MCAS
BL6023312,https://www.mcas.com.au/assets/full/BL6023312.jpg,MCAS
BL6023313,https://www.mcas.com.au/assets/full/BL6023313.jpg,MCAS
BL6023314,https://www.mcas.com.au/assets/full/BL6023314.jpg,MCAS
BL6023900,https://www.mcas.com.au/assets/full/BL6023900.jpg,MCAS
BL6023910,https://www.mcas.com.au/assets/full/BL6023910.jpg,MCAS
BL6023911,https://www.mcas.com.au/assets/full/BL6023911.jpg,MCAS
BL6023912,https://www.mcas.com.au/assets/full/BL6023912.jpg,MCAS
BL6023913,https://www.mcas.com.au/assets/full/BL6023913.jpg,MCAS
BL6023914,https://www.mcas.com.au/assets/full/BL6023914.jpg,MCAS
BL6023988,https://www.mcas.com.au/assets/full/BL6023988.jpg,MCAS
BL6023989,https://www.mcas.com.au/assets/full/BL6023989.jpg,MCAS
BL6023990,https://www.mcas.com.au/assets/full/BL6023990.jpg,MCAS
BL6023991,https://www.mcas.com.au/assets/full/BL6023991.jpg,MCAS
BL6023992,https://www.mcas.com.au/assets/full/BL6023992.jpg,MCAS
BL6024200,https://www.mcas.com.au/assets/full/BL6024200.jpg,MCAS
BL6024201,https://www.mcas.com.au/assets/full/BL6024201.jpg,MCAS
BL6024202,https://www.mcas.com.au/assets/full/BL6024202.jpg,MCAS
BL6024203,https://www.mcas.com.au/assets/full/BL6024203.jpg,MCAS
BL6024205,https://www.mcas.com.au/assets/full/BL6024205.jpg,MCAS
BL6024206,https://www.mcas.com.au/assets/full/BL6024206.jpg,MCAS
BL6024800,https://www.mcas.com.au/assets/full/BL6024800.png,MCAS
BL6024801,https://www.mcas.com.au/assets/full/BL6024801.png,MCAS
BL6024802,https://www.mcas.com.au/assets/full/BL6024802.png,MCAS
BL6024803,https://www.mcas.com.au/assets/full/BL6024803.png,MCAS
BL6024901,https://www.mcas.com.au/assets/full/BL6024901.jpg,MCAS
BL6024902,https://www.mcas.com.au/assets/full/BL6024902.jpg,MCAS
BL6024903,https://www.mcas.com.au/assets/full/BL6024903.png,MCAS
BL6024904,https://www.mcas.com.au/assets/full/BL6024904.jpg,MCAS
BL6024905,https://www.mcas.com.au/assets/full/BL6024905.jpg,MCAS
BL6024906,https://www.mcas.com.au/assets/full/BL6024906.jpg,MCAS
BL6024930,https://www.mcas.com.au/assets/full/BL6024930.jpg,MCAS
BL6024931,https://www.mcas.com.au/assets/full/BL6024931.jpg,MCAS
BL6030110,https://www.mcas.com.au/assets/full/BL6030110.jpg,MCAS
BL6030111,https://www.mcas.com.au/assets/full/BL6030111.jpg,MCAS
BL6030112,https://www.mcas.com.au/assets/full/BL6030112.jpg,MCAS
BL6030113,https://www.mcas.com.au/assets/full/BL6030113.jpg,MCAS
BL6030114,https://www.mcas.com.au/assets/full/BL6030114.jpg,MCAS
BL6030115,https://www.mcas.com.au/assets/full/BL6030115.jpg,MCAS
BL6030116,https://www.mcas.com.au/assets/full/BL6030116.jpg,MCAS
BL6030117,https://www.mcas.com.au/assets/full/BL6030117.jpg,MCAS
BL6030900,https://www.mcas.com.au/assets/full/BL6030900.jpg,MCAS
BL6030901,https://www.mcas.com.au/assets/full/BL6030901.jpg,MCAS
BL6037110,https://www.mcas.com.au/assets/full/BL6037110.jpg,MCAS
BL6037111,https://www.mcas.com.au/assets/full/BL6037111.jpg,MCAS
BL6037112,https://www.mcas.com.au/assets/full/BL6037112.jpg,MCAS
BL6037113,https://www.mcas.com.au/assets/full/BL6037113.jpg,MCAS
BL6037900,https://www.mcas.com.au/assets/full/BL6037900.png,MCAS
BL6037901,https://www.mcas.com.au/assets/full/BL6037901.png,MCAS
BL6037902,https://www.mcas.com.au/assets/full/BL6037902.jpg,MCAS
BL6037903,https://www.mcas.com.au/assets/full/BL6037903.jpg,MCAS
BL6037910,https://www.mcas.com.au/assets/full/BL6037910.jpg,MCAS
BL6037911,https://www.mcas.com.au/assets/full/BL6037911.jpg,MCAS
BS10040,https://www.mcas.com.au/assets/full/BS10040.jpg,MCAS Legacy SKU Asset Check
BS10050,https://www.mcas.com.au/assets/full/BS10050.webp,MCAS Legacy SKU Asset Check
BS10066,https://www.mcas.com.au/assets/full/BS10066.jpg,MCAS Legacy SKU Asset Check
BS10067,https://www.mcas.com.au/assets/full/BS10067.webp,MCAS Legacy SKU Asset Check
BS10140,https://www.mcas.com.au/assets/full/BS10140.jpg,MCAS Legacy SKU Asset Check
BS300932,https://www.mcas.com.au/assets/full/BS300932.webp,MCAS Legacy SKU Asset Check
BS300935,https://www.mcas.com.au/assets/full/BS300935.webp,MCAS Legacy SKU Asset Check
BS30140,https://www.mcas.com.au/assets/full/BS30140.jpg,MCAS Legacy SKU Asset Check
BS30175,https://www.mcas.com.au/assets/full/BS30175.jpg,MCAS Legacy SKU Asset Check
BS30220,https://www.mcas.com.au/assets/full/BS30220.jpg,MCAS Legacy SKU Asset Check
BS30245,https://www.mcas.com.au/assets/full/BS30245.jpg,MCAS Legacy SKU Asset Check
BS30295,https://www.mcas.com.au/assets/full/BS30295.jpg,MCAS Legacy SKU Asset Check
BS30305,https://www.mcas.com.au/assets/full/BS30305.jpg,MCAS Legacy SKU Asset Check
BS30310,https://www.mcas.com.au/assets/full/BS30310.jpg,MCAS Legacy SKU Asset Check
BS30360,https://www.mcas.com.au/assets/full/BS30360.jpg,MCAS Legacy SKU Asset Check
BS30385,https://www.mcas.com.au/assets/full/BS30385.jpg,MCAS Legacy SKU Asset Check
BS30400,https://www.mcas.com.au/assets/full/BS30400.jpg,MCAS Legacy SKU Asset Check
BS30480,https://www.mcas.com.au/assets/full/BS30480.jpg,MCAS Legacy SKU Asset Check
BS40060,https://www.mcas.com.au/assets/full/BS40060.jpg,MCAS Legacy SKU Asset Check
BS40075,https://www.mcas.com.au/assets/full/BS40075.jpg,MCAS Legacy SKU Asset Check
BS40145,https://www.mcas.com.au/assets/full/BS40145.jpg,MCAS Legacy SKU Asset Check
BS40150,https://www.mcas.com.au/assets/full/BS40150.jpg,MCAS Legacy SKU Asset Check
BS40155,https://www.mcas.com.au/assets/full/BS40155.jpg,MCAS Legacy SKU Asset Check
BS40160,https://www.mcas.com.au/assets/full/BS40160.jpg,MCAS Legacy SKU Asset Check
BS40195,https://www.mcas.com.au/assets/full/BS40195.jpg,MCAS Legacy SKU Asset Check
BS40230,https://www.mcas.com.au/assets/full/BS40230.jpg,MCAS Legacy SKU Asset Check
BS40270,https://www.mcas.com.au/assets/full/BS40270.jpg,MCAS Legacy SKU Asset Check
BS40275,https://www.mcas.com.au/assets/full/BS40275.jpg,MCAS Legacy SKU Asset Check
BS40280,https://www.mcas.com.au/assets/full/BS40280.jpg,MCAS Legacy SKU Asset Check
BS40295,https://www.mcas.com.au/assets/full/BS40295.jpg,MCAS Legacy SKU Asset Check
BS40310,https://www.mcas.com.au/assets/full/BS40310.jpg,MCAS Legacy SKU Asset Check
BS40320,https://www.mcas.com.au/assets/full/BS40320.jpg,MCAS Legacy SKU Asset Check
BS40321,https://www.mcas.com.au/assets/full/BS40321.jpg,MCAS Legacy SKU Asset Check
BS40380,https://www.mcas.com.au/assets/full/BS40380.jpg,MCAS Legacy SKU Asset Check
BS40415,https://www.mcas.com.au/assets/full/BS40415.jpg,MCAS Legacy SKU Asset Check
BS40420,https://www.mcas.com.au/assets/full/BS40420.jpg,MCAS Legacy SKU Asset Check
BS40425,https://www.mcas.com.au/assets/full/BS40425.jpg,MCAS Legacy SKU Asset Check
BS40480,https://www.mcas.com.au/assets/full/BS40480.jpg,MCAS Legacy SKU Asset Check
BS80055,https://www.mcas.com.au/assets/full/BS80055.jpg,MCAS Legacy SKU Asset Check
BS80060,https://www.mcas.com.au/assets/full/BS80060.jpg,MCAS Legacy SKU Asset Check
BS80075,https://www.mcas.com.au/assets/full/BS80075.jpg,MCAS Legacy SKU Asset Check
BS80145,https://www.mcas.com.au/assets/full/BS80145.jpg,MCAS Legacy SKU Asset Check
BS80150,https://www.mcas.com.au/assets/full/BS80150.jpg,MCAS Legacy SKU Asset Check
BS80155,https://www.mcas.com.au/assets/full/BS80155.jpg,MCAS Legacy SKU Asset Check
BS80160,https://www.mcas.com.au/assets/full/BS80160.jpg,MCAS Legacy SKU Asset Check
BS80190,https://www.mcas.com.au/assets/full/BS80190.jpg,MCAS Legacy SKU Asset Check
BS80195,https://www.mcas.com.au/assets/full/BS80195.jpg,MCAS Legacy SKU Asset Check
BS80230,https://www.mcas.com.au/assets/full/BS80230.jpg,MCAS Legacy SKU Asset Check
BS80245,https://www.mcas.com.au/assets/full/BS80245.jpg,MCAS Legacy SKU Asset Check
BS80270,https://www.mcas.com.au/assets/full/BS80270.jpg,MCAS Legacy SKU Asset Check
BS80280,https://www.mcas.com.au/assets/full/BS80280.jpg,MCAS Legacy SKU Asset Check
BS80285,https://www.mcas.com.au/assets/full/BS80285.jpg,MCAS Legacy SKU Asset Check
BS80305,https://www.mcas.com.au/assets/full/BS80305.jpg,MCAS Legacy SKU Asset Check
BS80310,https://www.mcas.com.au/assets/full/BS80310.jpg,MCAS Legacy SKU Asset Check
BS80320,https://www.mcas.com.au/assets/full/BS80320.jpg,MCAS Legacy SKU Asset Check
BS80321,https://www.mcas.com.au/assets/full/BS80321.jpg,MCAS Legacy SKU Asset Check
BS80325,https://www.mcas.com.au/assets/full/BS80325.jpg,MCAS Legacy SKU Asset Check
BS80330,https://www.mcas.com.au/assets/full/BS80330.jpg,MCAS Legacy SKU Asset Check
BS80415,https://www.mcas.com.au/assets/full/BS80415.jpg,MCAS Legacy SKU Asset Check
BS80420,https://www.mcas.com.au/assets/full/BS80420.jpg,MCAS Legacy SKU Asset Check
BS80425,https://www.mcas.com.au/assets/full/BS80425.jpg,MCAS Legacy SKU Asset Check
BS80440,https://www.mcas.com.au/assets/full/BS80440.jpg,MCAS Legacy SKU Asset Check
BS900109,https://www.mcas.com.au/assets/full/BS900109.webp,MCAS Legacy SKU Asset Check
BS90370,https://www.mcas.com.au/assets/full/BS90370.jpg,MCAS Legacy SKU Asset Check
BS90374,https://www.mcas.com.au/assets/full/BS90374.jpg,MCAS Legacy SKU Asset Check
BS90377,https://www.mcas.com.au/assets/full/BS90377.jpg,MCAS Legacy SKU Asset Check
BS90480,https://www.mcas.com.au/assets/full/BS90480.jpg,MCAS Legacy SKU Asset Check
BSCM,https://www.mcas.com.au/assets/full/BSCM.jpg,MCAS Legacy SKU Asset Check
BSDS,https://www.mcas.com.au/assets/full/BSDS.jpg,MCAS Legacy SKU Asset Check
BSLI01,https://www.mcas.com.au/assets/full/BSLI01.jpg,MCAS Legacy SKU Asset Check
BSLI02,https://www.mcas.com.au/assets/full/BSLI02.png,MCAS Legacy SKU Asset Check
BSLI02MAX,https://www.mcas.com.au/assets/full/BSLI02MAX.jpg,MCAS Legacy SKU Asset Check
BSLI03,https://www.mcas.com.au/assets/full/BSLI03.jpg,MCAS Legacy SKU Asset Check
BSLI07,https://www.mcas.com.au/assets/full/BSLI07.jpg,MCAS Legacy SKU Asset Check
BSLI08,https://www.mcas.com.au/assets/full/BSLI08.jpg,MCAS Legacy SKU Asset Check
BSLI09,https://www.mcas.com.au/assets/full/BSLI09.jpg,MCAS Legacy SKU Asset Check
BSLI10,https://www.mcas.com.au/assets/full/BSLI10.png,MCAS Legacy SKU Asset Check
BSLI10MAX,https://www.mcas.com.au/assets/full/BSLI10MAX.webp,MCAS Legacy SKU Asset Check
BSLI12,https://www.mcas.com.au/assets/full/BSLI12.jpg,MCAS Legacy SKU Asset Check
BSLI12MAX,https://www.mcas.com.au/assets/full/BSLI12MAX.webp,MCAS Legacy SKU Asset Check
BSLI13,https://www.mcas.com.au/assets/full/BSLI13.png,MCAS Legacy SKU Asset Check
BSU,https://www.mcas.com.au/assets/full/BSU.jpg,MCAS Legacy SKU Asset Check
BTC0800W,https://www.mcas.com.au/assets/full/BTC0800W.jpg,MCAS Legacy SKU Asset Check
BTCA12,https://www.mcas.com.au/assets/full/BTCA12.jpg,MCAS Legacy SKU Asset Check
BTCA25,https://www.mcas.com.au/assets/full/BTCA25.jpg,MCAS Legacy SKU Asset Check
BTCA4,https://www.mcas.com.au/assets/full/BTCA4.jpg,MCAS Legacy SKU Asset Check
CBL00037,https://www.mcas.com.au/assets/full/CBL00037.jpg,MCAS Legacy SKU Asset Check
CBRRCGGT,https://www.mcas.com.au/assets/full/CBRRCGGT.jpg,MCAS Legacy SKU Asset Check
CHR00002,https://www.mcas.com.au/assets/full/CHR00002.jpg,MCAS Legacy SKU Asset Check
CHR00005,https://www.mcas.com.au/assets/full/CHR00005.jpg,MCAS Legacy SKU Asset Check
CHR00107,https://www.mcas.com.au/assets/full/CHR00107.jpg,MCAS Legacy SKU Asset Check
CHR00112,https://www.mcas.com.au/assets/full/CHR00112.jpg,MCAS Legacy SKU Asset Check
CHR00125,https://www.mcas.com.au/assets/full/CHR00125.jpg,MCAS Legacy SKU Asset Check
CT200097,https://www.mcas.com.au/assets/full/CT200097.jpg,MCAS Legacy SKU Asset Check
CT207210,https://www.mcas.com.au/assets/full/CT207210.jpg,MCAS Legacy SKU Asset Check
CT207222,https://www.mcas.com.au/assets/full/CT207222.jpg,MCAS Legacy SKU Asset Check
CT208506,https://www.mcas.com.au/assets/full/CT208506.jpg,MCAS Legacy SKU Asset Check
CT210002,https://www.mcas.com.au/assets/full/CT210002.jpg,MCAS Legacy SKU Asset Check
CT210003,https://www.mcas.com.au/assets/full/CT210003.jpg,MCAS Legacy SKU Asset Check
CT220066,https://www.mcas.com.au/assets/full/CT220066.jpg,MCAS Legacy SKU Asset Check
CT220072,https://www.mcas.com.au/assets/full/CT220072.jpg,MCAS Legacy SKU Asset Check
CT220076,https://www.mcas.com.au/assets/full/CT220076.jpg,MCAS Legacy SKU Asset Check
CT220078,https://www.mcas.com.au/assets/full/CT220078.jpg,MCAS Legacy SKU Asset Check
CT220079,https://www.mcas.com.au/assets/full/CT220079.jpg,MCAS Legacy SKU Asset Check
CT220080,https://www.mcas.com.au/assets/full/CT220080.jpg,MCAS Legacy SKU Asset Check
CT220083,https://www.mcas.com.au/assets/full/CT220083.jpg,MCAS Legacy SKU Asset Check
CT220085,https://www.mcas.com.au/assets/full/CT220085.jpg,MCAS Legacy SKU Asset Check
CT220090,https://www.mcas.com.au/assets/full/CT220090.jpg,MCAS Legacy SKU Asset Check
CT220091,https://www.mcas.com.au/assets/full/CT220091.jpg,MCAS Legacy SKU Asset Check
CT220099,https://www.mcas.com.au/assets/full/CT220099.webp,MCAS Legacy SKU Asset Check
CT220100,https://www.mcas.com.au/assets/full/CT220100.webp,MCAS Legacy SKU Asset Check
CT220101,https://www.mcas.com.au/assets/full/CT220101.webp,MCAS Legacy SKU Asset Check
CT240285,https://www.mcas.com.au/assets/full/CT240285.jpg,MCAS Legacy SKU Asset Check
CT240289,https://www.mcas.com.au/assets/full/CT240289.jpg,MCAS Legacy SKU Asset Check
CT240294,https://www.mcas.com.au/assets/full/CT240294.jpg,MCAS Legacy SKU Asset Check
CT240304,https://www.mcas.com.au/assets/full/CT240304.jpg,MCAS Legacy SKU Asset Check
CT240306,https://www.mcas.com.au/assets/full/CT240306.jpg,MCAS Legacy SKU Asset Check
CT240307,https://www.mcas.com.au/assets/full/CT240307.jpg,MCAS Legacy SKU Asset Check
CT240331,https://www.mcas.com.au/assets/full/CT240331.jpg,MCAS Legacy SKU Asset Check
CT240332,https://www.mcas.com.au/assets/full/CT240332.jpg,MCAS Legacy SKU Asset Check
CT240333,https://www.mcas.com.au/assets/full/CT240333.jpg,MCAS Legacy SKU Asset Check
CT240334,https://www.mcas.com.au/assets/full/CT240334.jpg,MCAS Legacy SKU Asset Check
CT240335,https://www.mcas.com.au/assets/full/CT240335.webp,MCAS Legacy SKU Asset Check
CT240399,https://www.mcas.com.au/assets/full/CT240399.jpg,MCAS Legacy SKU Asset Check
CT240408,https://www.mcas.com.au/assets/full/CT240408.jpg,MCAS Legacy SKU Asset Check
CT240415,https://www.mcas.com.au/assets/full/CT240415.jpg,MCAS Legacy SKU Asset Check
CT244710,https://www.mcas.com.au/assets/full/CT244710.jpg,MCAS Legacy SKU Asset Check
CT244717,https://www.mcas.com.au/assets/full/CT244717.jpg,MCAS Legacy SKU Asset Check
CT244718,https://www.mcas.com.au/assets/full/CT244718.webp,MCAS Legacy SKU Asset Check
CT244773,https://www.mcas.com.au/assets/full/CT244773.webp,MCAS Legacy SKU Asset Check
CT244774,https://www.mcas.com.au/assets/full/CT244774.webp,MCAS Legacy SKU Asset Check
CT244775,https://www.mcas.com.au/assets/full/CT244775.webp,MCAS Legacy SKU Asset Check
CT244776,https://www.mcas.com.au/assets/full/CT244776.webp,MCAS Legacy SKU Asset Check
CT244777,https://www.mcas.com.au/assets/full/CT244777.webp,MCAS Legacy SKU Asset Check
CT247113,https://www.mcas.com.au/assets/full/CT247113.jpg,MCAS Legacy SKU Asset Check
CT280092,https://www.mcas.com.au/assets/full/CT280092.jpg,MCAS Legacy SKU Asset Check
CT280096,https://www.mcas.com.au/assets/full/CT280096.jpg,MCAS Legacy SKU Asset Check
CT283260,https://www.mcas.com.au/assets/full/CT283260.jpg,MCAS Legacy SKU Asset Check
CTA07,https://www.mcas.com.au/assets/full/CTA07.jpg,MCAS Legacy SKU Asset Check
CTA10,https://www.mcas.com.au/assets/full/CTA10.jpg,MCAS Legacy SKU Asset Check
CTA30,https://www.mcas.com.au/assets/full/CTA30.jpg,MCAS Legacy SKU Asset Check
CTA40,https://www.mcas.com.au/assets/full/CTA40.jpg,MCAS Legacy SKU Asset Check
DEIK16,https://www.mcas.com.au/assets/full/DEIK16.jpg,MCAS Legacy SKU Asset Check
DEIK20,https://www.mcas.com.au/assets/full/DEIK20.jpg,MCAS Legacy SKU Asset Check
DEIK22,https://www.mcas.com.au/assets/full/DEIK22.jpg,MCAS Legacy SKU Asset Check
DEIK24,https://www.mcas.com.au/assets/full/DEIK24.jpg,MCAS Legacy SKU Asset Check
DEIK24C11,https://www.mcas.com.au/assets/full/DEIK24C11.jpg,MCAS Legacy SKU Asset Check
DEIK27C11,https://www.mcas.com.au/assets/full/DEIK27C11.jpg,MCAS Legacy SKU Asset Check
DEIK31,https://www.mcas.com.au/assets/full/DEIK31.jpg,MCAS Legacy SKU Asset Check
DEIKH16,https://www.mcas.com.au/assets/full/DEIKH16.jpg,MCAS Legacy SKU Asset Check
DEIQ16,https://www.mcas.com.au/assets/full/DEIQ16.jpg,MCAS Legacy SKU Asset Check
DEIQ20,https://www.mcas.com.au/assets/full/DEIQ20.jpg,MCAS Legacy SKU Asset Check
DEIQ22,https://www.mcas.com.au/assets/full/DEIQ22.jpg,MCAS Legacy SKU Asset Check
DEIQ24,https://www.mcas.com.au/assets/full/DEIQ24.jpg,MCAS Legacy SKU Asset Check
DEIQ31,https://www.mcas.com.au/assets/full/DEIQ31.jpg,MCAS Legacy SKU Asset Check
DEIT20,https://www.mcas.com.au/assets/full/DEIT20.jpg,MCAS Legacy SKU Asset Check
DEIU01-24,https://www.mcas.com.au/assets/full/DEIU01-24.webp,MCAS Legacy SKU Asset Check
DEIU20,https://www.mcas.com.au/assets/full/DEIU20.jpg,MCAS Legacy SKU Asset Check
DEIU22,https://www.mcas.com.au/assets/full/DEIU22.jpg,MCAS Legacy SKU Asset Check
DEIU24,https://www.mcas.com.au/assets/full/DEIU24.jpg,MCAS Legacy SKU Asset Check
DEIU24A,https://www.mcas.com.au/assets/full/DEIU24A.jpg,MCAS Legacy SKU Asset Check
DEIU24D,https://www.mcas.com.au/assets/full/DEIU24D.jpg,MCAS Legacy SKU Asset Check
DEIU27,https://www.mcas.com.au/assets/full/DEIU27.jpg,MCAS Legacy SKU Asset Check
DEIU27A,https://www.mcas.com.au/assets/full/DEIU27A.jpg,MCAS Legacy SKU Asset Check
DEIU27D,https://www.mcas.com.au/assets/full/DEIU27D.jpg,MCAS Legacy SKU Asset Check
DEIU31,https://www.mcas.com.au/assets/full/DEIU31.jpg,MCAS Legacy SKU Asset Check
DEIU31A,https://www.mcas.com.au/assets/full/DEIU31A.jpg,MCAS Legacy SKU Asset Check
DEIUF22,https://www.mcas.com.au/assets/full/DEIUF22.jpg,MCAS Legacy SKU Asset Check
DEIUH24,https://www.mcas.com.au/assets/full/DEIUH24.jpg,MCAS Legacy SKU Asset Check
DEIUH27,https://www.mcas.com.au/assets/full/DEIUH27.jpg,MCAS Legacy SKU Asset Check
DEIUH27D,https://www.mcas.com.au/assets/full/DEIUH27D.jpg,MCAS Legacy SKU Asset Check
DEIW16,https://www.mcas.com.au/assets/full/DEIW16.jpg,MCAS Legacy SKU Asset Check
DEIW20,https://www.mcas.com.au/assets/full/DEIW20.jpg,MCAS Legacy SKU Asset Check
DEIW22,https://www.mcas.com.au/assets/full/DEIW22.jpg,MCAS Legacy SKU Asset Check
DEIW24,https://www.mcas.com.au/assets/full/DEIW24.jpg,MCAS Legacy SKU Asset Check
DEIW27,https://www.mcas.com.au/assets/full/DEIW27.jpg,MCAS Legacy SKU Asset Check
DEIW29,https://www.mcas.com.au/assets/full/DEIW29.jpg,MCAS Legacy SKU Asset Check
DEIW31,https://www.mcas.com.au/assets/full/DEIW31.jpg,MCAS Legacy SKU Asset Check
DEIWF22,https://www.mcas.com.au/assets/full/DEIWF22.jpg,MCAS Legacy SKU Asset Check
DEIWF24,https://www.mcas.com.au/assets/full/DEIWF24.jpg,MCAS Legacy SKU Asset Check
DEIWF27,https://www.mcas.com.au/assets/full/DEIWF27.jpg,MCAS Legacy SKU Asset Check
DEIWM24,https://www.mcas.com.au/assets/full/DEIWM24.jpg,MCAS Legacy SKU Asset Check
DEIWM27,https://www.mcas.com.au/assets/full/DEIWM27.jpg,MCAS Legacy SKU Asset Check
DEIWM31,https://www.mcas.com.au/assets/full/DEIWM31.jpg,MCAS Legacy SKU Asset Check
DEIX22B,https://www.mcas.com.au/assets/full/DEIX22B.webp,MCAS Legacy SKU Asset Check
DEIX24,https://www.mcas.com.au/assets/full/DEIX24.jpg,MCAS Legacy SKU Asset Check
DEIX24B,https://www.mcas.com.au/assets/full/DEIX24B.jpg,MCAS Legacy SKU Asset Check
DEIX27,https://www.mcas.com.au/assets/full/DEIX27.jpg,MCAS Legacy SKU Asset Check
DEIX27B,https://www.mcas.com.au/assets/full/DEIX27B.jpg,MCAS Legacy SKU Asset Check
DEIXG24,https://www.mcas.com.au/assets/full/DEIXG24.jpg,MCAS Legacy SKU Asset Check
DEIXU22,https://www.mcas.com.au/assets/full/DEIXU22.jpg,MCAS Legacy SKU Asset Check
DEIXU24,https://www.mcas.com.au/assets/full/DEIXU24.jpg,MCAS Legacy SKU Asset Check
DEIXU27,https://www.mcas.com.au/assets/full/DEIXU27.jpg,MCAS Legacy SKU Asset Check
DEJ16ARU11,https://www.mcas.com.au/assets/full/DEJ16ARU11.jpg,MCAS Legacy SKU Asset Check
DEK16PRU,https://www.mcas.com.au/assets/full/DEK16PRU.jpg,MCAS Legacy SKU Asset Check
DEK16PRU11,https://www.mcas.com.au/assets/full/DEK16PRU11.jpg,MCAS Legacy SKU Asset Check
DEK20HRU11,https://www.mcas.com.au/assets/full/DEK20HRU11.jpg,MCAS Legacy SKU Asset Check
DEK20PBR,https://www.mcas.com.au/assets/full/DEK20PBR.jpg,MCAS Legacy SKU Asset Check
DEK20PRU,https://www.mcas.com.au/assets/full/DEK20PRU.jpg,MCAS Legacy SKU Asset Check
DEK20PRU11,https://www.mcas.com.au/assets/full/DEK20PRU11.jpg,MCAS Legacy SKU Asset Check
DEK22PB,https://www.mcas.com.au/assets/full/DEK22PB.jpg,MCAS Legacy SKU Asset Check
DEK22PRU,https://www.mcas.com.au/assets/full/DEK22PRU.jpg,MCAS Legacy SKU Asset Check
DEK22PRU11,https://www.mcas.com.au/assets/full/DEK22PRU11.jpg,MCAS Legacy SKU Asset Check
DEK22TMR11,https://www.mcas.com.au/assets/full/DEK22TMR11.jpg,MCAS Legacy SKU Asset Check
DEM17,https://www.mcas.com.au/assets/full/DEM17.jpg,MCAS Legacy SKU Asset Check
DEP16PR-11,https://www.mcas.com.au/assets/full/DEP16PR-11.webp,MCAS Legacy SKU Asset Check
DEQ16PRU,https://www.mcas.com.au/assets/full/DEQ16PRU.jpg,MCAS Legacy SKU Asset Check
DEQ16PRU11,https://www.mcas.com.au/assets/full/DEQ16PRU11.jpg,MCAS Legacy SKU Asset Check
DET20MPU,https://www.mcas.com.au/assets/full/DET20MPU.jpg,MCAS Legacy SKU Asset Check
DET20MU,https://www.mcas.com.au/assets/full/DET20MU.jpg,MCAS Legacy SKU Asset Check
DET20PU,https://www.mcas.com.au/assets/full/DET20PU.jpg,MCAS Legacy SKU Asset Check
DEU16FSRU,https://www.mcas.com.au/assets/full/DEU16FSRU.jpg,MCAS Legacy SKU Asset Check
DEU16FSRUB,https://www.mcas.com.au/assets/full/DEU16FSRUB.jpg,MCAS Legacy SKU Asset Check
DEU20ESRN,https://www.mcas.com.au/assets/full/DEU20ESRN.jpg,MCAS Legacy SKU Asset Check
DEU20FSRU,https://www.mcas.com.au/assets/full/DEU20FSRU.jpg,MCAS Legacy SKU Asset Check
DEU20FSU,https://www.mcas.com.au/assets/full/DEU20FSU.jpg,MCAS Legacy SKU Asset Check
DEU22ESRN,https://www.mcas.com.au/assets/full/DEU22ESRN.jpg,MCAS Legacy SKU Asset Check
DEU22ETR,https://www.mcas.com.au/assets/full/DEU22ETR.jpg,MCAS Legacy SKU Asset Check
DEU22FSZU,https://www.mcas.com.au/assets/full/DEU22FSZU.jpg,MCAS Legacy SKU Asset Check
DEU24ESN,https://www.mcas.com.au/assets/full/DEU24ESN.jpg,MCAS Legacy SKU Asset Check
DEU24ESRN,https://www.mcas.com.au/assets/full/DEU24ESRN.jpg,MCAS Legacy SKU Asset Check
DEU24ESRNB,https://www.mcas.com.au/assets/full/DEU24ESRNB.jpg,MCAS Legacy SKU Asset Check
DEU24ETR,https://www.mcas.com.au/assets/full/DEU24ETR.jpg,MCAS Legacy SKU Asset Check
DEU24FER9,https://www.mcas.com.au/assets/full/DEU24FER9.jpg,MCAS Legacy SKU Asset Check
DEU24FSRU,https://www.mcas.com.au/assets/full/DEU24FSRU.jpg,MCAS Legacy SKU Asset Check
DEU24FSU,https://www.mcas.com.au/assets/full/DEU24FSU.jpg,MCAS Legacy SKU Asset Check
DEU24FSZU,https://www.mcas.com.au/assets/full/DEU24FSZU.jpg,MCAS Legacy SKU Asset Check
DEU27ESN,https://www.mcas.com.au/assets/full/DEU27ESN.jpg,MCAS Legacy SKU Asset Check
DEU27ESNZU,https://www.mcas.com.au/assets/full/DEU27ESNZU.jpg,MCAS Legacy SKU Asset Check
DEU27ESRN,https://www.mcas.com.au/assets/full/DEU27ESRN.jpg,MCAS Legacy SKU Asset Check
DEU27ESRN-B,https://www.mcas.com.au/assets/full/DEU27ESRN-B.webp,MCAS Legacy SKU Asset Check
DEU27FER9,https://www.mcas.com.au/assets/full/DEU27FER9.jpg,MCAS Legacy SKU Asset Check
DEU31ESNZU,https://www.mcas.com.au/assets/full/DEU31ESNZU.jpg,MCAS Legacy SKU Asset Check
DEU31ESR-PT,https://www.mcas.com.au/assets/full/DEU31ESR-PT.webp,MCAS Legacy SKU Asset Check
DEU31ESRN,https://www.mcas.com.au/assets/full/DEU31ESRN.jpg,MCAS Legacy SKU Asset Check
DEU31ETR,https://www.mcas.com.au/assets/full/DEU31ETR.jpg,MCAS Legacy SKU Asset Check
DEU31FER9,https://www.mcas.com.au/assets/full/DEU31FER9.jpg,MCAS Legacy SKU Asset Check
DEU31FERZU9,https://www.mcas.com.au/assets/full/DEU31FERZU9.jpg,MCAS Legacy SKU Asset Check
DEU31FEZU9,https://www.mcas.com.au/assets/full/DEU31FEZU9.jpg,MCAS Legacy SKU Asset Check
DEU31FSZU,https://www.mcas.com.au/assets/full/DEU31FSZU.jpg,MCAS Legacy SKU Asset Check
DEVK24PRZ11,https://www.mcas.com.au/assets/full/DEVK24PRZ11.jpg,MCAS Legacy SKU Asset Check
DEVKH16,https://www.mcas.com.au/assets/full/DEVKH16.jpg,MCAS Legacy SKU Asset Check
DEVNH27Z,https://www.mcas.com.au/assets/full/DEVNH27Z.jpg,MCAS Legacy SKU Asset Check
DEVUH24D,https://www.mcas.com.au/assets/full/DEVUH24D.jpg,MCAS Legacy SKU Asset Check
DEVUH27ES,https://www.mcas.com.au/assets/full/DEVUH27ES.jpg,MCAS Legacy SKU Asset Check
DEW14EPRU,https://www.mcas.com.au/assets/full/DEW14EPRU.jpg,MCAS Legacy SKU Asset Check
DEW14EPU,https://www.mcas.com.au/assets/full/DEW14EPU.jpg,MCAS Legacy SKU Asset Check
DEW14EXRU,https://www.mcas.com.au/assets/full/DEW14EXRU.jpg,MCAS Legacy SKU Asset Check
DEW14FPRUL,https://www.mcas.com.au/assets/full/DEW14FPRUL.jpg,MCAS Legacy SKU Asset Check
DEW14FPU,https://www.mcas.com.au/assets/full/DEW14FPU.jpg,MCAS Legacy SKU Asset Check
DEW14FPUL,https://www.mcas.com.au/assets/full/DEW14FPUL.jpg,MCAS Legacy SKU Asset Check
DEW14FRU,https://www.mcas.com.au/assets/full/DEW14FRU.jpg,MCAS Legacy SKU Asset Check
DEW14MPU10,https://www.mcas.com.au/assets/full/DEW14MPU10.jpg,MCAS Legacy SKU Asset Check
DEW14MRU,https://www.mcas.com.au/assets/full/DEW14MRU.jpg,MCAS Legacy SKU Asset Check
DEW16EPRU,https://www.mcas.com.au/assets/full/DEW16EPRU.jpg,MCAS Legacy SKU Asset Check
DEW16EPRU11,https://www.mcas.com.au/assets/full/DEW16EPRU11.jpg,MCAS Legacy SKU Asset Check
DEW16EPU,https://www.mcas.com.au/assets/full/DEW16EPU.jpg,MCAS Legacy SKU Asset Check
DEW16EPU11,https://www.mcas.com.au/assets/full/DEW16EPU11.jpg,MCAS Legacy SKU Asset Check
DEW16ESU,https://www.mcas.com.au/assets/full/DEW16ESU.jpg,MCAS Legacy SKU Asset Check
DEW16EXU,https://www.mcas.com.au/assets/full/DEW16EXU.jpg,MCAS Legacy SKU Asset Check
DEW16FPRU,https://www.mcas.com.au/assets/full/DEW16FPRU.jpg,MCAS Legacy SKU Asset Check
DEW16FPU,https://www.mcas.com.au/assets/full/DEW16FPU.jpg,MCAS Legacy SKU Asset Check
DEW16FSU,https://www.mcas.com.au/assets/full/DEW16FSU.jpg,MCAS Legacy SKU Asset Check
DEW16LS,https://www.mcas.com.au/assets/full/DEW16LS.jpg,MCAS Legacy SKU Asset Check
DEW16PRU,https://www.mcas.com.au/assets/full/DEW16PRU.jpg,MCAS Legacy SKU Asset Check
DEW16PU,https://www.mcas.com.au/assets/full/DEW16PU.jpg,MCAS Legacy SKU Asset Check
DEW20EPRU,https://www.mcas.com.au/assets/full/DEW20EPRU.jpg,MCAS Legacy SKU Asset Check
DEW20EPRUA,https://www.mcas.com.au/assets/full/DEW20EPRUA.jpg,MCAS Legacy SKU Asset Check
DEW20EPU,https://www.mcas.com.au/assets/full/DEW20EPU.jpg,MCAS Legacy SKU Asset Check
DEW20ESRU,https://www.mcas.com.au/assets/full/DEW20ESRU.jpg,MCAS Legacy SKU Asset Check
DEW20ESU,https://www.mcas.com.au/assets/full/DEW20ESU.jpg,MCAS Legacy SKU Asset Check
DEW20EXU,https://www.mcas.com.au/assets/full/DEW20EXU.jpg,MCAS Legacy SKU Asset Check
DEW20FPRU,https://www.mcas.com.au/assets/full/DEW20FPRU.jpg,MCAS Legacy SKU Asset Check
DEW20FPU,https://www.mcas.com.au/assets/full/DEW20FPU.jpg,MCAS Legacy SKU Asset Check
DEW20FRL,https://www.mcas.com.au/assets/full/DEW20FRL.jpg,MCAS Legacy SKU Asset Check
DEW20FSRU,https://www.mcas.com.au/assets/full/DEW20FSRU.jpg,MCAS Legacy SKU Asset Check
DEW20FSU,https://www.mcas.com.au/assets/full/DEW20FSU.jpg,MCAS Legacy SKU Asset Check
DEW20MPRU10,https://www.mcas.com.au/assets/full/DEW20MPRU10.jpg,MCAS Legacy SKU Asset Check
DEW20MPU,https://www.mcas.com.au/assets/full/DEW20MPU.jpg,MCAS Legacy SKU Asset Check
DEW20MRU,https://www.mcas.com.au/assets/full/DEW20MRU.jpg,MCAS Legacy SKU Asset Check
DEW20MU,https://www.mcas.com.au/assets/full/DEW20MU.jpg,MCAS Legacy SKU Asset Check
DEW20SU,https://www.mcas.com.au/assets/full/DEW20SU.jpg,MCAS Legacy SKU Asset Check
DEW22EPU,https://www.mcas.com.au/assets/full/DEW22EPU.jpg,MCAS Legacy SKU Asset Check
DEW22EPZU,https://www.mcas.com.au/assets/full/DEW22EPZU.jpg,MCAS Legacy SKU Asset Check
DEW22ESZU,https://www.mcas.com.au/assets/full/DEW22ESZU.jpg,MCAS Legacy SKU Asset Check
DEW22FPRU,https://www.mcas.com.au/assets/full/DEW22FPRU.jpg,MCAS Legacy SKU Asset Check
DEW22FPU,https://www.mcas.com.au/assets/full/DEW22FPU.jpg,MCAS Legacy SKU Asset Check
DEW22FSR,https://www.mcas.com.au/assets/full/DEW22FSR.jpg,MCAS Legacy SKU Asset Check
DEW22FSZU,https://www.mcas.com.au/assets/full/DEW22FSZU.jpg,MCAS Legacy SKU Asset Check
DEW22MPRU,https://www.mcas.com.au/assets/full/DEW22MPRU.jpg,MCAS Legacy SKU Asset Check
DEW22MPU,https://www.mcas.com.au/assets/full/DEW22MPU.jpg,MCAS Legacy SKU Asset Check
DEW22MU,https://www.mcas.com.au/assets/full/DEW22MU.jpg,MCAS Legacy SKU Asset Check
DEW24EPRU,https://www.mcas.com.au/assets/full/DEW24EPRU.jpg,MCAS Legacy SKU Asset Check
DEW24EPU,https://www.mcas.com.au/assets/full/DEW24EPU.jpg,MCAS Legacy SKU Asset Check
DEW24ESRU,https://www.mcas.com.au/assets/full/DEW24ESRU.webp,MCAS Legacy SKU Asset Check
DEW24ESRV,https://www.mcas.com.au/assets/full/DEW24ESRV.webp,MCAS Legacy SKU Asset Check
DEW24ESUS,https://www.mcas.com.au/assets/full/DEW24ESUS.jpg,MCAS Legacy SKU Asset Check
DEW24FPR,https://www.mcas.com.au/assets/full/DEW24FPR.jpg,MCAS Legacy SKU Asset Check
DEW24FPRU10,https://www.mcas.com.au/assets/full/DEW24FPRU10.jpg,MCAS Legacy SKU Asset Check
DEW24FPU,https://www.mcas.com.au/assets/full/DEW24FPU.jpg,MCAS Legacy SKU Asset Check
DEW24FRL,https://www.mcas.com.au/assets/full/DEW24FRL.jpg,MCAS Legacy SKU Asset Check
DEW24FSR,https://www.mcas.com.au/assets/full/DEW24FSR.jpg,MCAS Legacy SKU Asset Check
DEW24FSU,https://www.mcas.com.au/assets/full/DEW24FSU.jpg,MCAS Legacy SKU Asset Check
DEW24FSU10,https://www.mcas.com.au/assets/full/DEW24FSU10.jpg,MCAS Legacy SKU Asset Check
DEW27EPT,https://www.mcas.com.au/assets/full/DEW27EPT.jpg,MCAS Legacy SKU Asset Check
DEW27ESRU,https://www.mcas.com.au/assets/full/DEW27ESRU.jpg,MCAS Legacy SKU Asset Check
DEW27ESRV,https://www.mcas.com.au/assets/full/DEW27ESRV.jpg,MCAS Legacy SKU Asset Check
DEW27ESU,https://www.mcas.com.au/assets/full/DEW27ESU.jpg,MCAS Legacy SKU Asset Check
DEW27FSRU10,https://www.mcas.com.au/assets/full/DEW27FSRU10.jpg,MCAS Legacy SKU Asset Check
DEW27FSU,https://www.mcas.com.au/assets/full/DEW27FSU.jpg,MCAS Legacy SKU Asset Check
DEW27FSZU,https://www.mcas.com.au/assets/full/DEW27FSZU.jpg,MCAS Legacy SKU Asset Check
DEW31EMRC,https://www.mcas.com.au/assets/full/DEW31EMRC.jpg,MCAS Legacy SKU Asset Check
DEW31EMRZU,https://www.mcas.com.au/assets/full/DEW31EMRZU.jpg,MCAS Legacy SKU Asset Check
DEW31ESGU,https://www.mcas.com.au/assets/full/DEW31ESGU.jpg,MCAS Legacy SKU Asset Check
DEW31ESU,https://www.mcas.com.au/assets/full/DEW31ESU.jpg,MCAS Legacy SKU Asset Check
DEW34ESZU,https://www.mcas.com.au/assets/full/DEW34ESZU.jpg,MCAS Legacy SKU Asset Check
DEW9FPUL,https://www.mcas.com.au/assets/full/DEW9FPUL.jpg,MCAS Legacy SKU Asset Check
DEW9LMRUS,https://www.mcas.com.au/assets/full/DEW9LMRUS.jpg,MCAS Legacy SKU Asset Check
DEW9LMUS,https://www.mcas.com.au/assets/full/DEW9LMUS.jpg,MCAS Legacy SKU Asset Check
DEW9U,https://www.mcas.com.au/assets/full/DEW9U.jpg,MCAS Legacy SKU Asset Check
DEX20ESU,https://www.mcas.com.au/assets/full/DEX20ESU.jpg,MCAS Legacy SKU Asset Check
DEX20FSRU,https://www.mcas.com.au/assets/full/DEX20FSRU.jpg,MCAS Legacy SKU Asset Check
DEX20FSU,https://www.mcas.com.au/assets/full/DEX20FSU.jpg,MCAS Legacy SKU Asset Check
DEX22EPU9,https://www.mcas.com.au/assets/full/DEX22EPU9.jpg,MCAS Legacy SKU Asset Check
DEX22ESRU,https://www.mcas.com.au/assets/full/DEX22ESRU.jpg,MCAS Legacy SKU Asset Check
DEX22ESU,https://www.mcas.com.au/assets/full/DEX22ESU.jpg,MCAS Legacy SKU Asset Check
DEX22ESZU,https://www.mcas.com.au/assets/full/DEX22ESZU.jpg,MCAS Legacy SKU Asset Check
DEX24EPRU9,https://www.mcas.com.au/assets/full/DEX24EPRU9.jpg,MCAS Legacy SKU Asset Check
DEX24EPRZU9,https://www.mcas.com.au/assets/full/DEX24EPRZU9.jpg,MCAS Legacy SKU Asset Check
DEX24EPU9,https://www.mcas.com.au/assets/full/DEX24EPU9.jpg,MCAS Legacy SKU Asset Check
DEX24ESGU,https://www.mcas.com.au/assets/full/DEX24ESGU.jpg,MCAS Legacy SKU Asset Check
DEX24ESRU,https://www.mcas.com.au/assets/full/DEX24ESRU.jpg,MCAS Legacy SKU Asset Check
DEX24ESZU,https://www.mcas.com.au/assets/full/DEX24ESZU.jpg,MCAS Legacy SKU Asset Check
DEX24FSU,https://www.mcas.com.au/assets/full/DEX24FSU.jpg,MCAS Legacy SKU Asset Check
DEX24GPRU,https://www.mcas.com.au/assets/full/DEX24GPRU.jpg,MCAS Legacy SKU Asset Check
DEX27EPRU9,https://www.mcas.com.au/assets/full/DEX27EPRU9.jpg,MCAS Legacy SKU Asset Check
DEX27EPU9,https://www.mcas.com.au/assets/full/DEX27EPU9.jpg,MCAS Legacy SKU Asset Check
DEX27ESGU,https://www.mcas.com.au/assets/full/DEX27ESGU.jpg,MCAS Legacy SKU Asset Check
DEX27ESRU,https://www.mcas.com.au/assets/full/DEX27ESRU.jpg,MCAS Legacy SKU Asset Check
DEX27ESU,https://www.mcas.com.au/assets/full/DEX27ESU.jpg,MCAS Legacy SKU Asset Check
DEX27ESZU,https://www.mcas.com.au/assets/full/DEX27ESZU.jpg,MCAS Legacy SKU Asset Check
DEX27ETR,https://www.mcas.com.au/assets/full/DEX27ETR.jpg,MCAS Legacy SKU Asset Check
DEX27GPRU,https://www.mcas.com.au/assets/full/DEX27GPRU.jpg,MCAS Legacy SKU Asset Check
DEX31ESZU,https://www.mcas.com.au/assets/full/DEX31ESZU.jpg,MCAS Legacy SKU Asset Check
DEX31ETR,https://www.mcas.com.au/assets/full/DEX31ETR.jpg,MCAS Legacy SKU Asset Check
DEXU20EPRU,https://www.mcas.com.au/assets/full/DEXU20EPRU.jpg,MCAS Legacy SKU Asset Check
DEXU22EPRU,https://www.mcas.com.au/assets/full/DEXU22EPRU.jpg,MCAS Legacy SKU Asset Check
DEXU24EPRU,https://www.mcas.com.au/assets/full/DEXU24EPRU.jpg,MCAS Legacy SKU Asset Check
DEXU24EPRZU,https://www.mcas.com.au/assets/full/DEXU24EPRZU.jpg,MCAS Legacy SKU Asset Check
DEXU24EPU,https://www.mcas.com.au/assets/full/DEXU24EPU.jpg,MCAS Legacy SKU Asset Check
DEXU27EPRU,https://www.mcas.com.au/assets/full/DEXU27EPRU.jpg,MCAS Legacy SKU Asset Check
DEY27FERC,https://www.mcas.com.au/assets/full/DEY27FERC.jpg,MCAS Legacy SKU Asset Check
DP101,https://www.mcas.com.au/assets/full/DP101.jpg,MCAS Legacy SKU Asset Check
DP102,https://www.mcas.com.au/assets/full/DP102.jpg,MCAS Legacy SKU Asset Check
DP103,https://www.mcas.com.au/assets/full/DP103.jpg,MCAS Legacy SKU Asset Check
DP104,https://www.mcas.com.au/assets/full/DP104.jpg,MCAS Legacy SKU Asset Check
DP105,https://www.mcas.com.au/assets/full/DP105.jpg,MCAS Legacy SKU Asset Check
DP107,https://www.mcas.com.au/assets/full/DP107.jpg,MCAS Legacy SKU Asset Check
DP108,https://www.mcas.com.au/assets/full/DP108.jpg,MCAS Legacy SKU Asset Check
DP109,https://www.mcas.com.au/assets/full/DP109.jpg,MCAS Legacy SKU Asset Check
DP110,https://www.mcas.com.au/assets/full/DP110.jpg,MCAS Legacy SKU Asset Check
DP111,https://www.mcas.com.au/assets/full/DP111.jpg,MCAS Legacy SKU Asset Check
DP112,https://www.mcas.com.au/assets/full/DP112.jpg,MCAS Legacy SKU Asset Check
DP113,https://www.mcas.com.au/assets/full/DP113.jpg,MCAS Legacy SKU Asset Check
DP114,https://www.mcas.com.au/assets/full/DP114.jpg,MCAS Legacy SKU Asset Check
DP115,https://www.mcas.com.au/assets/full/DP115.jpg,MCAS Legacy SKU Asset Check
DP116,https://www.mcas.com.au/assets/full/DP116.jpg,MCAS Legacy SKU Asset Check
DP117,https://www.mcas.com.au/assets/full/DP117.jpg,MCAS Legacy SKU Asset Check
DP118,https://www.mcas.com.au/assets/full/DP118.jpg,MCAS Legacy SKU Asset Check
DP119,https://www.mcas.com.au/assets/full/DP119.jpg,MCAS Legacy SKU Asset Check
DP121,https://www.mcas.com.au/assets/full/DP121.jpg,MCAS Legacy SKU Asset Check
DP122,https://www.mcas.com.au/assets/full/DP122.jpg,MCAS Legacy SKU Asset Check
DP124,https://www.mcas.com.au/assets/full/DP124.jpg,MCAS Legacy SKU Asset Check
DP125,https://www.mcas.com.au/assets/full/DP125.jpg,MCAS Legacy SKU Asset Check
DP126,https://www.mcas.com.au/assets/full/DP126.jpg,MCAS Legacy SKU Asset Check
DP127,https://www.mcas.com.au/assets/full/DP127.jpg,MCAS Legacy SKU Asset Check
DP128,https://www.mcas.com.au/assets/full/DP128.jpg,MCAS Legacy SKU Asset Check
DP203,https://www.mcas.com.au/assets/full/DP203.jpg,MCAS Legacy SKU Asset Check
DP205,https://www.mcas.com.au/assets/full/DP205.jpg,MCAS Legacy SKU Asset Check
DP206,https://www.mcas.com.au/assets/full/DP206.jpg,MCAS
DP207,https://www.mcas.com.au/assets/full/DP207.jpg,MCAS Legacy SKU Asset Check
DP208,https://www.mcas.com.au/assets/full/DP208.jpg,MCAS Legacy SKU Asset Check
DP210,https://www.mcas.com.au/assets/full/DP210.jpg,MCAS Legacy SKU Asset Check
DP211,https://www.mcas.com.au/assets/full/DP211.jpg,MCAS Legacy SKU Asset Check
DP212,https://www.mcas.com.au/assets/full/DP212.jpg,MCAS Legacy SKU Asset Check
DP213,https://www.mcas.com.au/assets/full/DP213.jpg,MCAS Legacy SKU Asset Check
DP214,https://www.mcas.com.au/assets/full/DP214.jpg,MCAS Legacy SKU Asset Check
DP215,https://www.mcas.com.au/assets/full/DP215.jpg,MCAS Legacy SKU Asset Check
DP216,https://www.mcas.com.au/assets/full/DP216.jpg,MCAS Legacy SKU Asset Check
DP217,https://www.mcas.com.au/assets/full/DP217.jpg,MCAS Legacy SKU Asset Check
DP218,https://www.mcas.com.au/assets/full/DP218.jpg,MCAS Legacy SKU Asset Check
DP220,https://www.mcas.com.au/assets/full/DP220.jpg,MCAS Legacy SKU Asset Check
DP300,https://www.mcas.com.au/assets/full/DP300.jpg,MCAS Legacy SKU Asset Check
DP308,https://www.mcas.com.au/assets/full/DP308.jpg,MCAS Legacy SKU Asset Check
DP310,https://www.mcas.com.au/assets/full/DP310.jpg,MCAS Legacy SKU Asset Check
DP311,https://www.mcas.com.au/assets/full/DP311.jpg,MCAS Legacy SKU Asset Check
DP312,https://www.mcas.com.au/assets/full/DP312.jpg,MCAS Legacy SKU Asset Check
DP313,https://www.mcas.com.au/assets/full/DP313.jpg,MCAS Legacy SKU Asset Check
DP314,https://www.mcas.com.au/assets/full/DP314.jpg,MCAS Legacy SKU Asset Check
DP315,https://www.mcas.com.au/assets/full/DP315.jpg,MCAS Legacy SKU Asset Check
DP316,https://www.mcas.com.au/assets/full/DP316.jpg,MCAS Legacy SKU Asset Check
DP317,https://www.mcas.com.au/assets/full/DP317.jpg,MCAS Legacy SKU Asset Check
DP318,https://www.mcas.com.au/assets/full/DP318.jpg,MCAS Legacy SKU Asset Check
DP320,https://www.mcas.com.au/assets/full/DP320.jpg,MCAS Legacy SKU Asset Check
DP321,https://www.mcas.com.au/assets/full/DP321.jpg,MCAS Legacy SKU Asset Check
DP322,https://www.mcas.com.au/assets/full/DP322.jpg,MCAS Legacy SKU Asset Check
DP323,https://www.mcas.com.au/assets/full/DP323.jpg,MCAS Legacy SKU Asset Check
DP326,https://www.mcas.com.au/assets/full/DP326.jpg,MCAS Legacy SKU Asset Check
DP327,https://www.mcas.com.au/assets/full/DP327.jpg,MCAS Legacy SKU Asset Check
DP328,https://www.mcas.com.au/assets/full/DP328.jpg,MCAS Legacy SKU Asset Check
DP401,https://www.mcas.com.au/assets/full/DP401.jpg,MCAS Legacy SKU Asset Check
DP402,https://www.mcas.com.au/assets/full/DP402.jpg,MCAS Legacy SKU Asset Check
DP403,https://www.mcas.com.au/assets/full/DP403.jpg,MCAS Legacy SKU Asset Check
DP404,https://www.mcas.com.au/assets/full/DP404.jpg,MCAS Legacy SKU Asset Check
DP405,https://www.mcas.com.au/assets/full/DP405.jpg,MCAS Legacy SKU Asset Check
DP406,https://www.mcas.com.au/assets/full/DP406.jpg,MCAS Legacy SKU Asset Check
DP407,https://www.mcas.com.au/assets/full/DP407.jpg,MCAS Legacy SKU Asset Check
DP408,https://www.mcas.com.au/assets/full/DP408.jpg,MCAS Legacy SKU Asset Check
DP409,https://www.mcas.com.au/assets/full/DP409.jpg,MCAS Legacy SKU Asset Check
DP410,https://www.mcas.com.au/assets/full/DP410.jpg,MCAS Legacy SKU Asset Check
DP411,https://www.mcas.com.au/assets/full/DP411.jpg,MCAS Legacy SKU Asset Check
DP412,https://www.mcas.com.au/assets/full/DP412.jpg,MCAS Legacy SKU Asset Check
DP413,https://www.mcas.com.au/assets/full/DP413.jpg,MCAS Legacy SKU Asset Check
DP414,https://www.mcas.com.au/assets/full/DP414.jpg,MCAS Legacy SKU Asset Check
DP415,https://www.mcas.com.au/assets/full/DP415.jpg,MCAS Legacy SKU Asset Check
DP416,https://www.mcas.com.au/assets/full/DP416.jpg,MCAS Legacy SKU Asset Check
DP418,https://www.mcas.com.au/assets/full/DP418.jpg,MCAS Legacy SKU Asset Check
DP419,https://www.mcas.com.au/assets/full/DP419.jpg,MCAS Legacy SKU Asset Check
DP420,https://www.mcas.com.au/assets/full/DP420.jpg,MCAS Legacy SKU Asset Check
DP421,https://www.mcas.com.au/assets/full/DP421.jpg,MCAS Legacy SKU Asset Check
DP423,https://www.mcas.com.au/assets/full/DP423.jpg,MCAS Legacy SKU Asset Check
DP501,https://www.mcas.com.au/assets/full/DP501.jpg,MCAS Legacy SKU Asset Check
DP502,https://www.mcas.com.au/assets/full/DP502.jpg,MCAS Legacy SKU Asset Check
DP503,https://www.mcas.com.au/assets/full/DP503.jpg,MCAS Legacy SKU Asset Check
DP506,https://www.mcas.com.au/assets/full/DP506.jpg,MCAS Legacy SKU Asset Check
DP508,https://www.mcas.com.au/assets/full/DP508.jpg,MCAS Legacy SKU Asset Check
DP511,https://www.mcas.com.au/assets/full/DP511.jpg,MCAS Legacy SKU Asset Check
DP513,https://www.mcas.com.au/assets/full/DP513.jpg,MCAS Legacy SKU Asset Check
DP514,https://www.mcas.com.au/assets/full/DP514.jpg,MCAS Legacy SKU Asset Check
DP515,https://www.mcas.com.au/assets/full/DP515.jpg,MCAS Legacy SKU Asset Check
DP516,https://www.mcas.com.au/assets/full/DP516.jpg,MCAS Legacy SKU Asset Check
DP517,https://www.mcas.com.au/assets/full/DP517.jpg,MCAS Legacy SKU Asset Check
DP519,https://www.mcas.com.au/assets/full/DP519.jpg,MCAS Legacy SKU Asset Check
DP524,https://www.mcas.com.au/assets/full/DP524.jpg,MCAS Legacy SKU Asset Check
DP525,https://www.mcas.com.au/assets/full/DP525.jpg,MCAS Legacy SKU Asset Check
DP528,https://www.mcas.com.au/assets/full/DP528.jpg,MCAS Legacy SKU Asset Check
DP534,https://www.mcas.com.au/assets/full/DP534.jpg,MCAS Legacy SKU Asset Check
DP535,https://www.mcas.com.au/assets/full/DP535.jpg,MCAS Legacy SKU Asset Check
DP536,https://www.mcas.com.au/assets/full/DP536.jpg,MCAS Legacy SKU Asset Check
DP537,https://www.mcas.com.au/assets/full/DP537.jpg,MCAS Legacy SKU Asset Check
DP538,https://www.mcas.com.au/assets/full/DP538.jpg,MCAS Legacy SKU Asset Check
DP542,https://www.mcas.com.au/assets/full/DP542.webp,MCAS Legacy SKU Asset Check
DP543,https://www.mcas.com.au/assets/full/DP543.jpg,MCAS Legacy SKU Asset Check
DP544,https://www.mcas.com.au/assets/full/DP544.jpg,MCAS Legacy SKU Asset Check
DP545,https://www.mcas.com.au/assets/full/DP545.jpg,MCAS Legacy SKU Asset Check
DP547,https://www.mcas.com.au/assets/full/DP547.jpg,MCAS Legacy SKU Asset Check
DP548,https://www.mcas.com.au/assets/full/DP548.jpg,MCAS Legacy SKU Asset Check
DP549,https://www.mcas.com.au/assets/full/DP549.jpg,MCAS Legacy SKU Asset Check
DP550,https://www.mcas.com.au/assets/full/DP550.jpg,MCAS Legacy SKU Asset Check
DP551,https://www.mcas.com.au/assets/full/DP551.jpg,MCAS Legacy SKU Asset Check
DP552,https://www.mcas.com.au/assets/full/DP552.jpg,MCAS Legacy SKU Asset Check
DP553,https://www.mcas.com.au/assets/full/DP553.jpg,MCAS Legacy SKU Asset Check
DP557,https://www.mcas.com.au/assets/full/DP557.jpg,MCAS Legacy SKU Asset Check
DP559,https://www.mcas.com.au/assets/full/DP559.jpg,MCAS Legacy SKU Asset Check
DP560,https://www.mcas.com.au/assets/full/DP560.jpg,MCAS Legacy SKU Asset Check
DP561,https://www.mcas.com.au/assets/full/DP561.jpg,MCAS Legacy SKU Asset Check
DP566,https://www.mcas.com.au/assets/full/DP566.jpg,MCAS Legacy SKU Asset Check
DP568,https://www.mcas.com.au/assets/full/DP568.jpg,MCAS Legacy SKU Asset Check
DP569,https://www.mcas.com.au/assets/full/DP569.jpg,MCAS Legacy SKU Asset Check
DP570,https://www.mcas.com.au/assets/full/DP570.jpg,MCAS Legacy SKU Asset Check
DP571,https://www.mcas.com.au/assets/full/DP571.jpg,MCAS Legacy SKU Asset Check
DP572,https://www.mcas.com.au/assets/full/DP572.jpg,MCAS Legacy SKU Asset Check
DP573,https://www.mcas.com.au/assets/full/DP573.jpg,MCAS Legacy SKU Asset Check
DP574,https://www.mcas.com.au/assets/full/DP574.jpg,MCAS Legacy SKU Asset Check
DP575,https://www.mcas.com.au/assets/full/DP575.jpg,MCAS Legacy SKU Asset Check
DP576,https://www.mcas.com.au/assets/full/DP576.jpg,MCAS Legacy SKU Asset Check
DP577,https://www.mcas.com.au/assets/full/DP577.jpg,MCAS Legacy SKU Asset Check
DP583,https://www.mcas.com.au/assets/full/DP583.jpg,MCAS Legacy SKU Asset Check
DP585,https://www.mcas.com.au/assets/full/DP585.jpg,MCAS Legacy SKU Asset Check
DP590,https://www.mcas.com.au/assets/full/DP590.jpg,MCAS Legacy SKU Asset Check
DP595,https://www.mcas.com.au/assets/full/DP595.jpg,MCAS Legacy SKU Asset Check
DP596,https://www.mcas.com.au/assets/full/DP596.webp,MCAS Legacy SKU Asset Check
DP597,https://www.mcas.com.au/assets/full/DP597.jpg,MCAS Legacy SKU Asset Check
DP600,https://www.mcas.com.au/assets/full/DP600.jpg,MCAS Legacy SKU Asset Check
DP601,https://www.mcas.com.au/assets/full/DP601.jpg,MCAS Legacy SKU Asset Check
DP604,https://www.mcas.com.au/assets/full/DP604.jpg,MCAS Legacy SKU Asset Check
DP605,https://www.mcas.com.au/assets/full/DP605.jpg,MCAS Legacy SKU Asset Check
DP606,https://www.mcas.com.au/assets/full/DP606.jpg,MCAS Legacy SKU Asset Check
DP607,https://www.mcas.com.au/assets/full/DP607.jpg,MCAS Legacy SKU Asset Check
DP608,https://www.mcas.com.au/assets/full/DP608.jpg,MCAS Legacy SKU Asset Check
DP611,https://www.mcas.com.au/assets/full/DP611.jpg,MCAS Legacy SKU Asset Check
DP614,https://www.mcas.com.au/assets/full/DP614.jpg,MCAS Legacy SKU Asset Check
DP615,https://www.mcas.com.au/assets/full/DP615.jpg,MCAS Legacy SKU Asset Check
DP617,https://www.mcas.com.au/assets/full/DP617.jpg,MCAS Legacy SKU Asset Check
DP620,https://www.mcas.com.au/assets/full/DP620.jpg,MCAS Legacy SKU Asset Check
DP622,https://www.mcas.com.au/assets/full/DP622.jpg,MCAS Legacy SKU Asset Check
DP623,https://www.mcas.com.au/assets/full/DP623.jpg,MCAS Legacy SKU Asset Check
DP625,https://www.mcas.com.au/assets/full/DP625.jpg,MCAS Legacy SKU Asset Check
DP628,https://www.mcas.com.au/assets/full/DP628.jpg,MCAS Legacy SKU Asset Check
DP630,https://www.mcas.com.au/assets/full/DP630.jpg,MCAS Legacy SKU Asset Check
DP631,https://www.mcas.com.au/assets/full/DP631.jpg,MCAS Legacy SKU Asset Check
DP634,https://www.mcas.com.au/assets/full/DP634.jpg,MCAS Legacy SKU Asset Check
DP635,https://www.mcas.com.au/assets/full/DP635.jpg,MCAS Legacy SKU Asset Check
DP637,https://www.mcas.com.au/assets/full/DP637.jpg,MCAS Legacy SKU Asset Check
DP638,https://www.mcas.com.au/assets/full/DP638.jpg,MCAS Legacy SKU Asset Check
DP639,https://www.mcas.com.au/assets/full/DP639.jpg,MCAS Legacy SKU Asset Check
DP641,https://www.mcas.com.au/assets/full/DP641.jpg,MCAS Legacy SKU Asset Check
DP701,https://www.mcas.com.au/assets/full/DP701.jpg,MCAS Legacy SKU Asset Check
DP703,https://www.mcas.com.au/assets/full/DP703.jpg,MCAS Legacy SKU Asset Check
DP811,https://www.mcas.com.au/assets/full/DP811.jpg,MCAS Legacy SKU Asset Check
DP812,https://www.mcas.com.au/assets/full/DP812.jpg,MCAS Legacy SKU Asset Check
DP814,https://www.mcas.com.au/assets/full/DP814.jpg,MCAS Legacy SKU Asset Check
DP815,https://www.mcas.com.au/assets/full/DP815.jpg,MCAS Legacy SKU Asset Check
DP816,https://www.mcas.com.au/assets/full/DP816.jpg,MCAS Legacy SKU Asset Check
DP817,https://www.mcas.com.au/assets/full/DP817.jpg,MCAS Legacy SKU Asset Check
DP900,https://www.mcas.com.au/assets/full/DP900.jpg,MCAS Legacy SKU Asset Check
DP901,https://www.mcas.com.au/assets/full/DP901.jpg,MCAS Legacy SKU Asset Check
DP902,https://www.mcas.com.au/assets/full/DP902.jpg,MCAS Legacy SKU Asset Check
DP904,https://www.mcas.com.au/assets/full/DP904.jpg,MCAS Legacy SKU Asset Check
DP905,https://www.mcas.com.au/assets/full/DP905.jpg,MCAS Legacy SKU Asset Check
DP906,https://www.mcas.com.au/assets/full/DP906.jpg,MCAS Legacy SKU Asset Check
DP907,https://www.mcas.com.au/assets/full/DP907.jpg,MCAS Legacy SKU Asset Check
DP908,https://www.mcas.com.au/assets/full/DP908.jpg,MCAS Legacy SKU Asset Check
DP909,https://www.mcas.com.au/assets/full/DP909.jpg,MCAS Legacy SKU Asset Check
DP9127,https://www.mcas.com.au/assets/full/DP9127.jpg,MCAS Legacy SKU Asset Check
DP9140,https://www.mcas.com.au/assets/full/DP9140.jpg,MCAS Legacy SKU Asset Check
DP915,https://www.mcas.com.au/assets/full/DP915.jpg,MCAS Legacy SKU Asset Check
DP9150,https://www.mcas.com.au/assets/full/DP9150.jpg,MCAS Legacy SKU Asset Check
DP9152,https://www.mcas.com.au/assets/full/DP9152.jpg,MCAS Legacy SKU Asset Check
DP917,https://www.mcas.com.au/assets/full/DP917.jpg,MCAS Legacy SKU Asset Check
DP918,https://www.mcas.com.au/assets/full/DP918.jpg,MCAS Legacy SKU Asset Check
DP919,https://www.mcas.com.au/assets/full/DP919.jpg,MCAS Legacy SKU Asset Check
DP9195,https://www.mcas.com.au/assets/full/DP9195.jpg,MCAS Legacy SKU Asset Check
DP920,https://www.mcas.com.au/assets/full/DP920.jpg,MCAS Legacy SKU Asset Check
DP9207,https://www.mcas.com.au/assets/full/DP9207.jpg,MCAS Legacy SKU Asset Check
DP921,https://www.mcas.com.au/assets/full/DP921.jpg,MCAS Legacy SKU Asset Check
DP922,https://www.mcas.com.au/assets/full/DP922.jpg,MCAS Legacy SKU Asset Check
DP923,https://www.mcas.com.au/assets/full/DP923.jpg,MCAS Legacy SKU Asset Check
DP924,https://www.mcas.com.au/assets/full/DP924.jpg,MCAS Legacy SKU Asset Check
DP927,https://www.mcas.com.au/assets/full/DP927.jpg,MCAS Legacy SKU Asset Check
DP929,https://www.mcas.com.au/assets/full/DP929.jpg,MCAS Legacy SKU Asset Check
DP930,https://www.mcas.com.au/assets/full/DP930.jpg,MCAS Legacy SKU Asset Check
DP931,https://www.mcas.com.au/assets/full/DP931.jpg,MCAS Legacy SKU Asset Check
DP932,https://www.mcas.com.au/assets/full/DP932.jpg,MCAS Legacy SKU Asset Check
DP935,https://www.mcas.com.au/assets/full/DP935.jpg,MCAS Legacy SKU Asset Check
DP940,https://www.mcas.com.au/assets/full/DP940.jpg,MCAS Legacy SKU Asset Check
DP942,https://www.mcas.com.au/assets/full/DP942.jpg,MCAS Legacy SKU Asset Check
DP944,https://www.mcas.com.au/assets/full/DP944.jpg,MCAS Legacy SKU Asset Check
DP946,https://www.mcas.com.au/assets/full/DP946.jpg,MCAS Legacy SKU Asset Check
DP947,https://www.mcas.com.au/assets/full/DP947.jpg,MCAS Legacy SKU Asset Check
DP948,https://www.mcas.com.au/assets/full/DP948.jpg,MCAS Legacy SKU Asset Check
DP949,https://www.mcas.com.au/assets/full/DP949.jpg,MCAS Legacy SKU Asset Check
DP950,https://www.mcas.com.au/assets/full/DP950.jpg,MCAS Legacy SKU Asset Check
DP953,https://www.mcas.com.au/assets/full/DP953.jpg,MCAS Legacy SKU Asset Check
DP954,https://www.mcas.com.au/assets/full/DP954.jpg,MCAS Legacy SKU Asset Check
DP957,https://www.mcas.com.au/assets/full/DP957.jpg,MCAS Legacy SKU Asset Check
DP959,https://www.mcas.com.au/assets/full/DP959.jpg,MCAS Legacy SKU Asset Check
DP961,https://www.mcas.com.au/assets/full/DP961.jpg,MCAS Legacy SKU Asset Check
DP962,https://www.mcas.com.au/assets/full/DP962.jpg,MCAS Legacy SKU Asset Check
DP963,https://www.mcas.com.au/assets/full/DP963.jpg,MCAS Legacy SKU Asset Check
DP965,https://www.mcas.com.au/assets/full/DP965.jpg,MCAS Legacy SKU Asset Check
DP966,https://www.mcas.com.au/assets/full/DP966.jpg,MCAS Legacy SKU Asset Check
DP968,https://www.mcas.com.au/assets/full/DP968.jpg,MCAS Legacy SKU Asset Check
DP971,https://www.mcas.com.au/assets/full/DP971.jpg,MCAS Legacy SKU Asset Check
DP973,https://www.mcas.com.au/assets/full/DP973.jpg,MCAS Legacy SKU Asset Check
DP979,https://www.mcas.com.au/assets/full/DP979.jpg,MCAS Legacy SKU Asset Check
DP980,https://www.mcas.com.au/assets/full/DP980.webp,MCAS Legacy SKU Asset Check
DP981,https://www.mcas.com.au/assets/full/DP981.jpg,MCAS Legacy SKU Asset Check
DP982,https://www.mcas.com.au/assets/full/DP982.jpg,MCAS Legacy SKU Asset Check
DP983,https://www.mcas.com.au/assets/full/DP983.jpg,MCAS Legacy SKU Asset Check
DP984,https://www.mcas.com.au/assets/full/DP984.jpg,MCAS Legacy SKU Asset Check
DP986,https://www.mcas.com.au/assets/full/DP986.jpg,MCAS Legacy SKU Asset Check
DP987,https://www.mcas.com.au/assets/full/DP987.jpg,MCAS Legacy SKU Asset Check
DP988,https://www.mcas.com.au/assets/full/DP988.jpg,MCAS Legacy SKU Asset Check
DP989,https://www.mcas.com.au/assets/full/DP989.jpg,MCAS Legacy SKU Asset Check
DP990,https://www.mcas.com.au/assets/full/DP990.jpg,MCAS Legacy SKU Asset Check
DP995,https://www.mcas.com.au/assets/full/DP995.jpg,MCAS Legacy SKU Asset Check
DP996,https://www.mcas.com.au/assets/full/DP996.jpg,MCAS Legacy SKU Asset Check
DP997,https://www.mcas.com.au/assets/full/DP997.jpg,MCAS Legacy SKU Asset Check
E1020300,https://www.mcas.com.au/assets/full/E1020300.jpg,MCAS Legacy SKU Asset Check
E1024400,https://www.mcas.com.au/assets/full/E1024400.jpg,MCAS Legacy SKU Asset Check
E1024410,https://www.mcas.com.au/assets/full/E1024410.jpg,MCAS Legacy SKU Asset Check
E1026710,https://www.mcas.com.au/assets/full/E1026710.jpg,MCAS Legacy SKU Asset Check
E1026720,https://www.mcas.com.au/assets/full/E1026720.jpg,MCAS Legacy SKU Asset Check
E1026740,https://www.mcas.com.au/assets/full/E1026740.jpg,MCAS Legacy SKU Asset Check
E1026750,https://www.mcas.com.au/assets/full/E1026750.jpg,MCAS Legacy SKU Asset Check
E1026920,https://www.mcas.com.au/assets/full/E1026920.jpg,MCAS Legacy SKU Asset Check
E1026944,https://www.mcas.com.au/assets/full/E1026944.jpg,MCAS Legacy SKU Asset Check
E1026946,https://www.mcas.com.au/assets/full/E1026946.jpg,MCAS Legacy SKU Asset Check
E1026948,https://www.mcas.com.au/assets/full/E1026948.jpg,MCAS Legacy SKU Asset Check
E1026950,https://www.mcas.com.au/assets/full/E1026950.jpg,MCAS Legacy SKU Asset Check
E1026952,https://www.mcas.com.au/assets/full/E1026952.jpg,MCAS Legacy SKU Asset Check
E1026957,https://www.mcas.com.au/assets/full/E1026957.jpg,MCAS Legacy SKU Asset Check
E1026958,https://www.mcas.com.au/assets/full/E1026958.jpg,MCAS Legacy SKU Asset Check
E1026959,https://www.mcas.com.au/assets/full/E1026959.jpg,MCAS Legacy SKU Asset Check
E1026963,https://www.mcas.com.au/assets/full/E1026963.jpg,MCAS Legacy SKU Asset Check
E1026980,https://www.mcas.com.au/assets/full/E1026980.jpg,MCAS Legacy SKU Asset Check
E1028300,https://www.mcas.com.au/assets/full/E1028300.jpg,MCAS Legacy SKU Asset Check
E1028310,https://www.mcas.com.au/assets/full/E1028310.jpg,MCAS Legacy SKU Asset Check
E1028401,https://www.mcas.com.au/assets/full/E1028401.jpg,MCAS Legacy SKU Asset Check
E1028500,https://www.mcas.com.au/assets/full/E1028500.jpg,MCAS Legacy SKU Asset Check
E1029800,https://www.mcas.com.au/assets/full/E1029800.jpg,MCAS Legacy SKU Asset Check
E1030000,https://www.mcas.com.au/assets/full/E1030000.jpg,MCAS Legacy SKU Asset Check
E1030010,https://www.mcas.com.au/assets/full/E1030010.jpg,MCAS Legacy SKU Asset Check
E1030200,https://www.mcas.com.au/assets/full/E1030200.jpg,MCAS Legacy SKU Asset Check
E1037500,https://www.mcas.com.au/assets/full/E1037500.jpg,MCAS Legacy SKU Asset Check
E1055500,https://www.mcas.com.au/assets/full/E1055500.jpg,MCAS Legacy SKU Asset Check
E1055510,https://www.mcas.com.au/assets/full/E1055510.jpg,MCAS Legacy SKU Asset Check
E1055600,https://www.mcas.com.au/assets/full/E1055600.jpg,MCAS Legacy SKU Asset Check
E1055660,https://www.mcas.com.au/assets/full/E1055660.jpg,MCAS Legacy SKU Asset Check
E1073900,https://www.mcas.com.au/assets/full/E1073900.jpg,MCAS Legacy SKU Asset Check
E1079100,https://www.mcas.com.au/assets/full/E1079100.jpg,MCAS Legacy SKU Asset Check
E1079110,https://www.mcas.com.au/assets/full/E1079110.jpg,MCAS Legacy SKU Asset Check
E1079120,https://www.mcas.com.au/assets/full/E1079120.jpg,MCAS Legacy SKU Asset Check
E1079130,https://www.mcas.com.au/assets/full/E1079130.jpg,MCAS Legacy SKU Asset Check
E1082210,https://www.mcas.com.au/assets/full/E1082210.jpg,MCAS Legacy SKU Asset Check
E1082220,https://www.mcas.com.au/assets/full/E1082220.jpg,MCAS Legacy SKU Asset Check
E1082222,https://www.mcas.com.au/assets/full/E1082222.jpg,MCAS Legacy SKU Asset Check
E1082230,https://www.mcas.com.au/assets/full/E1082230.jpg,MCAS Legacy SKU Asset Check
E1082240,https://www.mcas.com.au/assets/full/E1082240.jpg,MCAS Legacy SKU Asset Check
E1082250,https://www.mcas.com.au/assets/full/E1082250.jpg,MCAS Legacy SKU Asset Check
E1082270,https://www.mcas.com.au/assets/full/E1082270.jpg,MCAS Legacy SKU Asset Check
E1082400,https://www.mcas.com.au/assets/full/E1082400.jpg,MCAS Legacy SKU Asset Check
E1082410,https://www.mcas.com.au/assets/full/E1082410.jpg,MCAS Legacy SKU Asset Check
E1082420,https://www.mcas.com.au/assets/full/E1082420.jpg,MCAS Legacy SKU Asset Check
E1082442,https://www.mcas.com.au/assets/full/E1082442.jpg,MCAS Legacy SKU Asset Check
E1084200,https://www.mcas.com.au/assets/full/E1084200.jpg,MCAS Legacy SKU Asset Check
E1085900,https://www.mcas.com.au/assets/full/E1085900.jpg,MCAS Legacy SKU Asset Check
E1099200,https://www.mcas.com.au/assets/full/E1099200.jpg,MCAS Legacy SKU Asset Check
E1099210,https://www.mcas.com.au/assets/full/E1099210.jpg,MCAS Legacy SKU Asset Check
E1099220,https://www.mcas.com.au/assets/full/E1099220.jpg,MCAS Legacy SKU Asset Check
E1099300,https://www.mcas.com.au/assets/full/E1099300.jpg,MCAS Legacy SKU Asset Check
E1255739,https://www.mcas.com.au/assets/full/E1255739.jpg,MCAS Legacy SKU Asset Check
E1255742,https://www.mcas.com.au/assets/full/E1255742.jpg,MCAS Legacy SKU Asset Check
E1255748,https://www.mcas.com.au/assets/full/E1255748.jpg,MCAS Legacy SKU Asset Check
E1255752,https://www.mcas.com.au/assets/full/E1255752.jpg,MCAS Legacy SKU Asset Check
E1255754,https://www.mcas.com.au/assets/full/E1255754.jpg,MCAS Legacy SKU Asset Check
E1255760,https://www.mcas.com.au/assets/full/E1255760.jpg,MCAS Legacy SKU Asset Check
E1290412,https://www.mcas.com.au/assets/full/E1290412.jpg,MCAS Legacy SKU Asset Check
E1293016,https://www.mcas.com.au/assets/full/E1293016.jpg,MCAS Legacy SKU Asset Check
E1295520,https://www.mcas.com.au/assets/full/E1295520.jpg,MCAS Legacy SKU Asset Check
E1434450,https://www.mcas.com.au/assets/full/E1434450.jpg,MCAS Legacy SKU Asset Check
E1434470,https://www.mcas.com.au/assets/full/E1434470.jpg,MCAS Legacy SKU Asset Check
E1434471,https://www.mcas.com.au/assets/full/E1434471.jpg,MCAS Legacy SKU Asset Check
E1434474,https://www.mcas.com.au/assets/full/E1434474.jpg,MCAS Legacy SKU Asset Check
E1626000,https://www.mcas.com.au/assets/full/E1626000.jpg,MCAS Legacy SKU Asset Check
E1626010,https://www.mcas.com.au/assets/full/E1626010.jpg,MCAS Legacy SKU Asset Check
E1626020,https://www.mcas.com.au/assets/full/E1626020.jpg,MCAS Legacy SKU Asset Check
E1626030,https://www.mcas.com.au/assets/full/E1626030.jpg,MCAS Legacy SKU Asset Check
E1626050,https://www.mcas.com.au/assets/full/E1626050.jpg,MCAS Legacy SKU Asset Check
E1626060,https://www.mcas.com.au/assets/full/E1626060.jpg,MCAS Legacy SKU Asset Check
E1626070,https://www.mcas.com.au/assets/full/E1626070.jpg,MCAS Legacy SKU Asset Check
E1626080,https://www.mcas.com.au/assets/full/E1626080.jpg,MCAS Legacy SKU Asset Check
E1626090,https://www.mcas.com.au/assets/full/E1626090.jpg,MCAS Legacy SKU Asset Check
E2006804,https://www.mcas.com.au/assets/full/E2006804.jpg,MCAS Legacy SKU Asset Check
E2006808,https://www.mcas.com.au/assets/full/E2006808.jpg,MCAS Legacy SKU Asset Check
E2006810,https://www.mcas.com.au/assets/full/E2006810.jpg,MCAS Legacy SKU Asset Check
E2026326,https://www.mcas.com.au/assets/full/E2026326.jpg,MCAS Legacy SKU Asset Check
E2029605,https://www.mcas.com.au/assets/full/E2029605.jpg,MCAS Legacy SKU Asset Check
E2029610,https://www.mcas.com.au/assets/full/E2029610.jpg,MCAS Legacy SKU Asset Check
E2029621,https://www.mcas.com.au/assets/full/E2029621.jpg,MCAS Legacy SKU Asset Check
E2029622,https://www.mcas.com.au/assets/full/E2029622.jpg,MCAS Legacy SKU Asset Check
E2030680,https://www.mcas.com.au/assets/full/E2030680.jpg,MCAS Legacy SKU Asset Check
E2034000,https://www.mcas.com.au/assets/full/E2034000.jpg,MCAS Legacy SKU Asset Check
E2034010,https://www.mcas.com.au/assets/full/E2034010.jpg,MCAS Legacy SKU Asset Check
E2034020,https://www.mcas.com.au/assets/full/E2034020.jpg,MCAS Legacy SKU Asset Check
E2034020B,https://www.mcas.com.au/assets/full/E2034020B.jpg,MCAS Legacy SKU Asset Check
E2034830,https://www.mcas.com.au/assets/full/E2034830.jpg,MCAS Legacy SKU Asset Check
E2034834,https://www.mcas.com.au/assets/full/E2034834.jpg,MCAS Legacy SKU Asset Check
E2034862A,https://www.mcas.com.au/assets/full/E2034862A.jpg,MCAS Legacy SKU Asset Check
E2037371,https://www.mcas.com.au/assets/full/E2037371.jpg,MCAS Legacy SKU Asset Check
E2037372,https://www.mcas.com.au/assets/full/E2037372.jpg,MCAS Legacy SKU Asset Check
E2042408,https://www.mcas.com.au/assets/full/E2042408.jpg,MCAS Legacy SKU Asset Check
E2042410,https://www.mcas.com.au/assets/full/E2042410.jpg,MCAS Legacy SKU Asset Check
E2043000,https://www.mcas.com.au/assets/full/E2043000.jpg,MCAS Legacy SKU Asset Check
E2043091,https://www.mcas.com.au/assets/full/E2043091.jpg,MCAS Legacy SKU Asset Check
E2043092,https://www.mcas.com.au/assets/full/E2043092.jpg,MCAS Legacy SKU Asset Check
E2046270,https://www.mcas.com.au/assets/full/E2046270.jpg,MCAS Legacy SKU Asset Check
E2046280,https://www.mcas.com.au/assets/full/E2046280.webp,MCAS Legacy SKU Asset Check
E2078203,https://www.mcas.com.au/assets/full/E2078203.jpg,MCAS Legacy SKU Asset Check
E2078207,https://www.mcas.com.au/assets/full/E2078207.jpg,MCAS Legacy SKU Asset Check
E2078257,https://www.mcas.com.au/assets/full/E2078257.jpg,MCAS Legacy SKU Asset Check
E2086833,https://www.mcas.com.au/assets/full/E2086833.jpg,MCAS Legacy SKU Asset Check
E2086834,https://www.mcas.com.au/assets/full/E2086834.jpg,MCAS Legacy SKU Asset Check
E2086835,https://www.mcas.com.au/assets/full/E2086835.jpg,MCAS Legacy SKU Asset Check
E2086836,https://www.mcas.com.au/assets/full/E2086836.jpg,MCAS Legacy SKU Asset Check
E2086892,https://www.mcas.com.au/assets/full/E2086892.jpg,MCAS Legacy SKU Asset Check
E2097131,https://www.mcas.com.au/assets/full/E2097131.jpg,MCAS Legacy SKU Asset Check
E2392400,https://www.mcas.com.au/assets/full/E2392400.jpg,MCAS Legacy SKU Asset Check
E2396461,https://www.mcas.com.au/assets/full/E2396461.jpg,MCAS Legacy SKU Asset Check
E4064000,https://www.mcas.com.au/assets/full/E4064000.jpg,MCAS Legacy SKU Asset Check
E4220500,https://www.mcas.com.au/assets/full/E4220500.jpg,MCAS Legacy SKU Asset Check
E4221100,https://www.mcas.com.au/assets/full/E4221100.jpg,MCAS Legacy SKU Asset Check
E4224630,https://www.mcas.com.au/assets/full/E4224630.jpg,MCAS Legacy SKU Asset Check
E4224632,https://www.mcas.com.au/assets/full/E4224632.jpg,MCAS Legacy SKU Asset Check
E4224634,https://www.mcas.com.au/assets/full/E4224634.jpg,MCAS Legacy SKU Asset Check
E4224635,https://www.mcas.com.au/assets/full/E4224635.jpg,MCAS Legacy SKU Asset Check
E4224636,https://www.mcas.com.au/assets/full/E4224636.jpg,MCAS Legacy SKU Asset Check
E4228700,https://www.mcas.com.au/assets/full/E4228700.jpg,MCAS Legacy SKU Asset Check
E4228760,https://www.mcas.com.au/assets/full/E4228760.jpg,MCAS Legacy SKU Asset Check
E4228770,https://www.mcas.com.au/assets/full/E4228770.jpg,MCAS Legacy SKU Asset Check
E4240610,https://www.mcas.com.au/assets/full/E4240610.jpg,MCAS Legacy SKU Asset Check
E4256510,https://www.mcas.com.au/assets/full/E4256510.jpg,MCAS Legacy SKU Asset Check
E4256578,https://www.mcas.com.au/assets/full/E4256578.jpg,MCAS Legacy SKU Asset Check
E4290921,https://www.mcas.com.au/assets/full/E4290921.jpg,MCAS Legacy SKU Asset Check
E4290924,https://www.mcas.com.au/assets/full/E4290924.jpg,MCAS Legacy SKU Asset Check
E4369214,https://www.mcas.com.au/assets/full/E4369214.jpg,MCAS Legacy SKU Asset Check
E4369220,https://www.mcas.com.au/assets/full/E4369220.jpg,MCAS Legacy SKU Asset Check
E4369223,https://www.mcas.com.au/assets/full/E4369223.jpg,MCAS Legacy SKU Asset Check
E4369224,https://www.mcas.com.au/assets/full/E4369224.jpg,MCAS Legacy SKU Asset Check
E4369232,https://www.mcas.com.au/assets/full/E4369232.jpg,MCAS Legacy SKU Asset Check
E4369233,https://www.mcas.com.au/assets/full/E4369233.jpg,MCAS Legacy SKU Asset Check
E4497750,https://www.mcas.com.au/assets/full/E4497750.jpg,MCAS Legacy SKU Asset Check
E4650420,https://www.mcas.com.au/assets/full/E4650420.jpg,MCAS Legacy SKU Asset Check
E4650421,https://www.mcas.com.au/assets/full/E4650421.jpg,MCAS Legacy SKU Asset Check
E4650430,https://www.mcas.com.au/assets/full/E4650430.jpg,MCAS Legacy SKU Asset Check
E4650431,https://www.mcas.com.au/assets/full/E4650431.jpg,MCAS Legacy SKU Asset Check
E4650432,https://www.mcas.com.au/assets/full/E4650432.jpg,MCAS Legacy SKU Asset Check
E4650433,https://www.mcas.com.au/assets/full/E4650433.jpg,MCAS Legacy SKU Asset Check
E4650450,https://www.mcas.com.au/assets/full/E4650450.jpg,MCAS Legacy SKU Asset Check
E4650470,https://www.mcas.com.au/assets/full/E4650470.jpg,MCAS Legacy SKU Asset Check
E4650830,https://www.mcas.com.au/assets/full/E4650830.jpg,MCAS Legacy SKU Asset Check
E4650850,https://www.mcas.com.au/assets/full/E4650850.jpg,MCAS Legacy SKU Asset Check
E4650860,https://www.mcas.com.au/assets/full/E4650860.jpg,MCAS Legacy SKU Asset Check
E4650870,https://www.mcas.com.au/assets/full/E4650870.jpg,MCAS Legacy SKU Asset Check
E4668900,https://www.mcas.com.au/assets/full/E4668900.jpg,MCAS Legacy SKU Asset Check
E4866406,https://www.mcas.com.au/assets/full/E4866406.jpg,MCAS Legacy SKU Asset Check
E4866412,https://www.mcas.com.au/assets/full/E4866412.jpg,MCAS Legacy SKU Asset Check
E4866606,https://www.mcas.com.au/assets/full/E4866606.jpg,MCAS Legacy SKU Asset Check
E4866612,https://www.mcas.com.au/assets/full/E4866612.jpg,MCAS Legacy SKU Asset Check
E4866712,https://www.mcas.com.au/assets/full/E4866712.jpg,MCAS Legacy SKU Asset Check
E4866812,https://www.mcas.com.au/assets/full/E4866812.jpg,MCAS Legacy SKU Asset Check
E4867700,https://www.mcas.com.au/assets/full/E4867700.jpg,MCAS Legacy SKU Asset Check
E4867755,https://www.mcas.com.au/assets/full/E4867755.jpg,MCAS Legacy SKU Asset Check
E4867756,https://www.mcas.com.au/assets/full/E4867756.jpg,MCAS Legacy SKU Asset Check
E5030451,https://www.mcas.com.au/assets/full/E5030451.jpg,MCAS Legacy SKU Asset Check
E5449000,https://www.mcas.com.au/assets/full/E5449000.jpg,MCAS Legacy SKU Asset Check
E5911540,https://www.mcas.com.au/assets/full/E5911540.jpg,MCAS Legacy SKU Asset Check
E5919750,https://www.mcas.com.au/assets/full/E5919750.jpg,MCAS Legacy SKU Asset Check
E5921310,https://www.mcas.com.au/assets/full/E5921310.jpg,MCAS Legacy SKU Asset Check
E5921440,https://www.mcas.com.au/assets/full/E5921440.jpg,MCAS Legacy SKU Asset Check
E6166220,https://www.mcas.com.au/assets/full/E6166220.jpg,MCAS Legacy SKU Asset Check
E6166241,https://www.mcas.com.au/assets/full/E6166241.jpg,MCAS Legacy SKU Asset Check
E6166243,https://www.mcas.com.au/assets/full/E6166243.jpg,MCAS Legacy SKU Asset Check
E6173190L,https://www.mcas.com.au/assets/full/E6173190L.jpg,MCAS Legacy SKU Asset Check
E6175342,https://www.mcas.com.au/assets/full/E6175342.jpg,MCAS Legacy SKU Asset Check
E6175600,https://www.mcas.com.au/assets/full/E6175600.jpg,MCAS Legacy SKU Asset Check
E6175666,https://www.mcas.com.au/assets/full/E6175666.jpg,MCAS Legacy SKU Asset Check
E6175682,https://www.mcas.com.au/assets/full/E6175682.jpg,MCAS Legacy SKU Asset Check
E6181950,https://www.mcas.com.au/assets/full/E6181950.jpg,MCAS Legacy SKU Asset Check
E6181973,https://www.mcas.com.au/assets/full/E6181973.webp,MCAS Legacy SKU Asset Check
E6183710,https://www.mcas.com.au/assets/full/E6183710.jpg,MCAS Legacy SKU Asset Check
E6183733,https://www.mcas.com.au/assets/full/E6183733.jpg,MCAS Legacy SKU Asset Check
E6183734,https://www.mcas.com.au/assets/full/E6183734.jpg,MCAS Legacy SKU Asset Check
E6183741,https://www.mcas.com.au/assets/full/E6183741.jpg,MCAS Legacy SKU Asset Check
E6183742,https://www.mcas.com.au/assets/full/E6183742.jpg,MCAS Legacy SKU Asset Check
E6183743,https://www.mcas.com.au/assets/full/E6183743.jpg,MCAS Legacy SKU Asset Check
E6183744,https://www.mcas.com.au/assets/full/E6183744.jpg,MCAS Legacy SKU Asset Check
E6183781,https://www.mcas.com.au/assets/full/E6183781.jpg,MCAS Legacy SKU Asset Check
E6183783,https://www.mcas.com.au/assets/full/E6183783.jpg,MCAS Legacy SKU Asset Check
E6183784,https://www.mcas.com.au/assets/full/E6183784.jpg,MCAS Legacy SKU Asset Check
E6197091,https://www.mcas.com.au/assets/full/E6197091.jpg,MCAS Legacy SKU Asset Check
E6221521,https://www.mcas.com.au/assets/full/E6221521.jpg,MCAS Legacy SKU Asset Check
E6230370,https://www.mcas.com.au/assets/full/E6230370.jpg,MCAS Legacy SKU Asset Check
E6635800,https://www.mcas.com.au/assets/full/E6635800.jpg,MCAS Legacy SKU Asset Check
E6635810,https://www.mcas.com.au/assets/full/E6635810.jpg,MCAS Legacy SKU Asset Check
E7052501,https://www.mcas.com.au/assets/full/E7052501.jpg,MCAS Legacy SKU Asset Check
E7650150,https://www.mcas.com.au/assets/full/E7650150.jpg,MCAS Legacy SKU Asset Check
E7650153,https://www.mcas.com.au/assets/full/E7650153.jpg,MCAS Legacy SKU Asset Check
E7807550,https://www.mcas.com.au/assets/full/E7807550.jpg,MCAS Legacy SKU Asset Check
E7860500,https://www.mcas.com.au/assets/full/E7860500.jpg,MCAS Legacy SKU Asset Check
E7860501,https://www.mcas.com.au/assets/full/E7860501.jpg,MCAS Legacy SKU Asset Check
E7860502,https://www.mcas.com.au/assets/full/E7860502.jpg,MCAS Legacy SKU Asset Check
E7860550,https://www.mcas.com.au/assets/full/E7860550.jpg,MCAS Legacy SKU Asset Check
E8003255,https://www.mcas.com.au/assets/full/E8003255.jpg,MCAS Legacy SKU Asset Check
E8003260,https://www.mcas.com.au/assets/full/E8003260.jpg,MCAS Legacy SKU Asset Check
E8003310,https://www.mcas.com.au/assets/full/E8003310.jpg,MCAS Legacy SKU Asset Check
E8003310B,https://www.mcas.com.au/assets/full/E8003310B.jpg,MCAS Legacy SKU Asset Check
E8025300,https://www.mcas.com.au/assets/full/E8025300.jpg,MCAS Legacy SKU Asset Check
E8025300B,https://www.mcas.com.au/assets/full/E8025300B.jpg,MCAS Legacy SKU Asset Check
E8045700,https://www.mcas.com.au/assets/full/E8045700.jpg,MCAS Legacy SKU Asset Check
E8045700B,https://www.mcas.com.au/assets/full/E8045700B.jpg,MCAS Legacy SKU Asset Check
E8062616,https://www.mcas.com.au/assets/full/E8062616.jpg,MCAS Legacy SKU Asset Check
E8062616B,https://www.mcas.com.au/assets/full/E8062616B.jpg,MCAS Legacy SKU Asset Check
E8075114,https://www.mcas.com.au/assets/full/E8075114.jpg,MCAS Legacy SKU Asset Check
E8084011,https://www.mcas.com.au/assets/full/E8084011.jpg,MCAS Legacy SKU Asset Check
E8084013,https://www.mcas.com.au/assets/full/E8084013.jpg,MCAS Legacy SKU Asset Check
E8084014,https://www.mcas.com.au/assets/full/E8084014.jpg,MCAS Legacy SKU Asset Check
E8084015,https://www.mcas.com.au/assets/full/E8084015.jpg,MCAS Legacy SKU Asset Check
E8084030,https://www.mcas.com.au/assets/full/E8084030.jpg,MCAS Legacy SKU Asset Check
E8084030B,https://www.mcas.com.au/assets/full/E8084030B.jpg,MCAS Legacy SKU Asset Check
E8084032,https://www.mcas.com.au/assets/full/E8084032.jpg,MCAS Legacy SKU Asset Check
E8084033,https://www.mcas.com.au/assets/full/E8084033.webp,MCAS Legacy SKU Asset Check
E8084051,https://www.mcas.com.au/assets/full/E8084051.jpg,MCAS Legacy SKU Asset Check
E8084061,https://www.mcas.com.au/assets/full/E8084061.jpg,MCAS Legacy SKU Asset Check
E8084062,https://www.mcas.com.au/assets/full/E8084062.jpg,MCAS Legacy SKU Asset Check
E8403819,https://www.mcas.com.au/assets/full/E8403819.jpg,MCAS Legacy SKU Asset Check
E8404100,https://www.mcas.com.au/assets/full/E8404100.jpg,MCAS Legacy SKU Asset Check
E8404110,https://www.mcas.com.au/assets/full/E8404110.jpg,MCAS Legacy SKU Asset Check
E8404113,https://www.mcas.com.au/assets/full/E8404113.jpg,MCAS Legacy SKU Asset Check
E8404181,https://www.mcas.com.au/assets/full/E8404181.jpg,MCAS Legacy SKU Asset Check
E8404182,https://www.mcas.com.au/assets/full/E8404182.jpg,MCAS Legacy SKU Asset Check
E8415670,https://www.mcas.com.au/assets/full/E8415670.jpg,MCAS Legacy SKU Asset Check
E8427410,https://www.mcas.com.au/assets/full/E8427410.jpg,MCAS Legacy SKU Asset Check
E8427580,https://www.mcas.com.au/assets/full/E8427580.jpg,MCAS Legacy SKU Asset Check
E8427901,https://www.mcas.com.au/assets/full/E8427901.jpg,MCAS Legacy SKU Asset Check
E8427905,https://www.mcas.com.au/assets/full/E8427905.jpg,MCAS Legacy SKU Asset Check
E8456400,https://www.mcas.com.au/assets/full/E8456400.jpg,MCAS Legacy SKU Asset Check
E8456410,https://www.mcas.com.au/assets/full/E8456410.jpg,MCAS Legacy SKU Asset Check
E8456420,https://www.mcas.com.au/assets/full/E8456420.jpg,MCAS Legacy SKU Asset Check
E8466310,https://www.mcas.com.au/assets/full/E8466310.jpg,MCAS Legacy SKU Asset Check
E8468592,https://www.mcas.com.au/assets/full/E8468592.jpg,MCAS Legacy SKU Asset Check
E8468594,https://www.mcas.com.au/assets/full/E8468594.jpg,MCAS Legacy SKU Asset Check
E8497600,https://www.mcas.com.au/assets/full/E8497600.jpg,MCAS Legacy SKU Asset Check
E8497620,https://www.mcas.com.au/assets/full/E8497620.jpg,MCAS Legacy SKU Asset Check
E8497621,https://www.mcas.com.au/assets/full/E8497621.jpg,MCAS Legacy SKU Asset Check
E8618022,https://www.mcas.com.au/assets/full/E8618022.jpg,MCAS Legacy SKU Asset Check
E8618332,https://www.mcas.com.au/assets/full/E8618332.jpg,MCAS Legacy SKU Asset Check
E8642600,https://www.mcas.com.au/assets/full/E8642600.jpg,MCAS Legacy SKU Asset Check
E8642610,https://www.mcas.com.au/assets/full/E8642610.jpg,MCAS Legacy SKU Asset Check
E8644410,https://www.mcas.com.au/assets/full/E8644410.jpg,MCAS Legacy SKU Asset Check
E8664612,https://www.mcas.com.au/assets/full/E8664612.jpg,MCAS Legacy SKU Asset Check
E9888790B,https://www.mcas.com.au/assets/full/E9888790B.jpg,MCAS Legacy SKU Asset Check
E9888791B,https://www.mcas.com.au/assets/full/E9888791B.jpg,MCAS Legacy SKU Asset Check
E9888792B,https://www.mcas.com.au/assets/full/E9888792B.jpg,MCAS Legacy SKU Asset Check
E9888794B,https://www.mcas.com.au/assets/full/E9888794B.jpg,MCAS Legacy SKU Asset Check
E9888796,https://www.mcas.com.au/assets/full/E9888796.jpg,MCAS Legacy SKU Asset Check
E9888796B,https://www.mcas.com.au/assets/full/E9888796B.jpg,MCAS Legacy SKU Asset Check
E9888797,https://www.mcas.com.au/assets/full/E9888797.jpg,MCAS Legacy SKU Asset Check
E9888797B,https://www.mcas.com.au/assets/full/E9888797B.jpg,MCAS Legacy SKU Asset Check
E9888798,https://www.mcas.com.au/assets/full/E9888798.jpg,MCAS Legacy SKU Asset Check
E9888799,https://www.mcas.com.au/assets/full/E9888799.jpg,MCAS Legacy SKU Asset Check
EKCT-B,https://www.mcas.com.au/assets/full/EKCT-B.webp,MCAS Legacy SKU Asset Check
EKCTH,https://www.mcas.com.au/assets/full/EKCTH.webp,MCAS Legacy SKU Asset Check
FCHPAX,https://www.mcas.com.au/assets/full/FCHPAX.webp,MCAS Legacy SKU Asset Check
FRC2X003,https://www.mcas.com.au/assets/full/FRC2X003.jpg,MCAS Legacy SKU Asset Check
FRC2X103,https://www.mcas.com.au/assets/full/FRC2X103.jpg,MCAS Legacy SKU Asset Check
FRC4X003,https://www.mcas.com.au/assets/full/FRC4X003.jpg,MCAS Legacy SKU Asset Check
FRC4X103,https://www.mcas.com.au/assets/full/FRC4X103.jpg,MCAS Legacy SKU Asset Check
G217408542,https://www.mcas.com.au/assets/full/G217408542.jpg,MCAS Legacy SKU Asset Check
G217707144,https://www.mcas.com.au/assets/full/G217707144.jpg,MCAS Legacy SKU Asset Check
G217712148,https://www.mcas.com.au/assets/full/G217712148.webp,MCAS Legacy SKU Asset Check
G219201544,https://www.mcas.com.au/assets/full/G219201544.jpg,MCAS Legacy SKU Asset Check
G219701342,https://www.mcas.com.au/assets/alt_1/G219701342.jpg,MCAS
G219701343,https://www.mcas.com.au/assets/full/G219701343.jpg,MCAS Legacy SKU Asset Check
G219701344,https://www.mcas.com.au/assets/full/G219701344.jpg,MCAS Legacy SKU Asset Check
G219701347,https://www.mcas.com.au/assets/full/G219701347.jpg,MCAS Legacy SKU Asset Check
G219701348,https://www.mcas.com.au/assets/full/G219701348.jpg,MCAS Legacy SKU Asset Check
G219701349,https://www.mcas.com.au/assets/full/G219701349.jpg,MCAS Legacy SKU Asset Check
G226200143,https://www.mcas.com.au/assets/full/G226200143.jpg,MCAS Legacy SKU Asset Check
G226200144,https://www.mcas.com.au/assets/full/G226200144.jpg,MCAS Legacy SKU Asset Check
G226200146,https://www.mcas.com.au/assets/full/G226200146.jpg,MCAS Legacy SKU Asset Check
G226200147,https://www.mcas.com.au/assets/full/G226200147.jpg,MCAS Legacy SKU Asset Check
G226200544,https://www.mcas.com.au/assets/full/G226200544.jpg,MCAS Legacy SKU Asset Check
G226200545,https://www.mcas.com.au/assets/full/G226200545.jpg,MCAS Legacy SKU Asset Check
G226200749,https://www.mcas.com.au/assets/full/G226200749.jpg,MCAS Legacy SKU Asset Check
G244200142,https://www.mcas.com.au/assets/full/G244200142.jpg,MCAS
G244200145,https://www.mcas.com.au/assets/full/G244200145.jpg,MCAS
G244200147,https://www.mcas.com.au/assets/full/G244200147.jpg,MCAS
G244300140,https://www.mcas.com.au/assets/full/G244300140.jpg,MCAS
G244300142,https://www.mcas.com.au/assets/full/G244300142.jpg,MCAS
G244300143,https://www.mcas.com.au/assets/full/G244300143.jpg,MCAS
G244300144,https://www.mcas.com.au/assets/full/G244300144.jpg,MCAS
G244300145,https://www.mcas.com.au/assets/full/G244300145.jpg,MCAS
G244500148,https://www.mcas.com.au/assets/full/G244500148.jpg,MCAS
G244700142,https://www.mcas.com.au/assets/full/G244700142.jpg,MCAS
G244700145,https://www.mcas.com.au/assets/full/G244700145.jpg,MCAS
G244700146,https://www.mcas.com.au/assets/full/G244700146.jpg,MCAS
G244700147,https://www.mcas.com.au/assets/full/G244700147.jpg,MCAS
G244800144,https://www.mcas.com.au/assets/full/G244800144.jpg,MCAS
G244800146,https://www.mcas.com.au/assets/full/G244800146.jpg,MCAS
G244800147,https://www.mcas.com.au/assets/full/G244800147.jpg,MCAS
G244800148,https://www.mcas.com.au/assets/full/G244800148.jpg,MCAS
G245101542,https://www.mcas.com.au/assets/full/G245101542.jpg,MCAS
G245101547,https://www.mcas.com.au/assets/full/G245101547.jpg,MCAS
G252901345,https://www.mcas.com.au/assets/full/G252901345.jpg,MCAS
G252901348,https://www.mcas.com.au/assets/full/G252901348.jpg,MCAS
G253600147,https://www.mcas.com.au/assets/full/G253600147.jpg,MCAS
G253601348,https://www.mcas.com.au/assets/full/G253601348.jpg,MCAS
G295100736,https://www.mcas.com.au/assets/full/G295100736.jpg,MCAS
G295100737,https://www.mcas.com.au/assets/full/G295100737.jpg,MCAS
G295100742,https://www.mcas.com.au/assets/full/G295100742.jpg,MCAS
G296000136,https://www.mcas.com.au/assets/full/G296000136.jpg,MCAS
G296200743,https://www.mcas.com.au/assets/full/G296200743.jpg,MCAS
G296200747,https://www.mcas.com.au/assets/full/G296200747.jpg,MCAS
G4384007M,https://www.mcas.com.au/assets/full/G4384007M.jpg,MCAS
G4384007XL,https://www.mcas.com.au/assets/full/G4384007XL.jpg,MCAS
G4384007XXL,https://www.mcas.com.au/assets/full/G4384007XXL.jpg,MCAS
G4384007XXXL,https://www.mcas.com.au/assets/full/G4384007XXXL.jpg,MCAS
G4500001,https://www.mcas.com.au/assets/full/G4500001.jpg,MCAS
G4503004,https://www.mcas.com.au/assets/full/G4503004.jpg,MCAS
G4504001,https://www.mcas.com.au/assets/full/G4504001.jpg,MCAS
G4505001,https://www.mcas.com.au/assets/full/G4505001.jpg,MCAS
G4511002,https://www.mcas.com.au/assets/full/G4511002.webp,MCAS
G4512001,https://www.mcas.com.au/assets/full/G4512001.jpg,MCAS
G46030022,https://www.mcas.com.au/assets/full/G46030022.jpg,MCAS
G46040012,https://www.mcas.com.au/assets/full/G46040012.jpg,MCAS
G4608002,https://www.mcas.com.au/assets/full/G4608002.jpg,MCAS
G46080021,https://www.mcas.com.au/assets/full/G46080021.webp,MCAS
G46080022,https://www.mcas.com.au/assets/full/G46080022.jpg,MCAS
G46080024,https://www.mcas.com.au/assets/full/G46080024.webp,MCAS
G462300546,https://www.mcas.com.au/assets/full/G462300546.jpg,MCAS
G462300548,https://www.mcas.com.au/assets/full/G462300548.jpg,MCAS
G462300741,https://www.mcas.com.au/assets/full/G462300741.jpg,MCAS
G462300747,https://www.mcas.com.au/assets/full/G462300747.jpg,MCAS
G4645002,https://www.mcas.com.au/assets/full/G4645002.jpg,MCAS
G4645005,https://www.mcas.com.au/assets/full/G4645005.webp,MCAS
G4646001,https://www.mcas.com.au/assets/full/G4646001.jpg,MCAS
G4646002,https://www.mcas.com.au/assets/full/G4646002.jpg,MCAS
G4660001,https://www.mcas.com.au/assets/full/G4660001.jpg,MCAS
G4667001,https://www.mcas.com.au/assets/full/G4667001.jpg,MCAS
G4668001,https://www.mcas.com.au/assets/full/G4668001.jpg,MCAS
G4668002,https://www.mcas.com.au/assets/full/G4668002.jpg,MCAS
G4679001,https://www.mcas.com.au/assets/full/G4679001.jpg,MCAS
G4694001,https://www.mcas.com.au/assets/full/G4694001.jpg,MCAS
G46960042,https://www.mcas.com.au/assets/full/G46960042.jpg,MCAS
G469700139,https://www.mcas.com.au/assets/full/G469700139.jpg,MCAS
G469700140,https://www.mcas.com.au/assets/full/G469700140.jpg,MCAS
G469700142,https://www.mcas.com.au/assets/full/G469700142.jpg,MCAS
G469700143,https://www.mcas.com.au/assets/full/G469700143.jpg,MCAS
G469700144,https://www.mcas.com.au/assets/full/G469700144.jpg,MCAS
G469700145,https://www.mcas.com.au/assets/full/G469700145.jpg,MCAS
G4698001,https://www.mcas.com.au/assets/full/G4698001.jpg,MCAS
G4699001,https://www.mcas.com.au/assets/full/G4699001.jpg,MCAS
G4752001,https://www.mcas.com.au/assets/full/G4752001.jpg,MCAS
G4758005,https://www.mcas.com.au/assets/full/G4758005.jpg,MCAS
G4759001,https://www.mcas.com.au/assets/full/G4759001.jpg,MCAS
G4759004,https://www.mcas.com.au/assets/full/G4759004.jpg,MCAS
G4760001,https://www.mcas.com.au/assets/full/G4760001.jpg,MCAS
G4760005,https://www.mcas.com.au/assets/full/G4760005.jpg,MCAS
G4763001,https://www.mcas.com.au/assets/full/G4763001.jpg,MCAS
G4871001,https://www.mcas.com.au/assets/full/G4871001.jpg,MCAS
GWTS,https://www.mcas.com.au/assets/full/GWTS.jpg,MCAS
JTF126315,https://www.mcas.com.au/assets/full/JTF126315.webp,MCAS
KG1000,https://www.mcas.com.au/assets/full/KG1000.webp,MCAS Legacy SKU Asset Check
KG1020,https://www.mcas.com.au/assets/full/KG1020.jpg,MCAS Legacy SKU Asset Check
KG1029,https://www.mcas.com.au/assets/full/KG1029.jpg,MCAS Legacy SKU Asset Check
KG1032,https://www.mcas.com.au/assets/full/KG1032.jpg,MCAS Legacy SKU Asset Check
KG1052,https://www.mcas.com.au/assets/full/KG1052.jpg,MCAS Legacy SKU Asset Check
KG1053,https://www.mcas.com.au/assets/full/KG1053.jpg,MCAS Legacy SKU Asset Check
KG1083,https://www.mcas.com.au/assets/full/KG1083.jpg,MCAS Legacy SKU Asset Check
KG1240,https://www.mcas.com.au/assets/full/KG1240.webp,MCAS Legacy SKU Asset Check
KG1270,https://www.mcas.com.au/assets/full/KG1270.jpg,MCAS Legacy SKU Asset Check
KG1285,https://www.mcas.com.au/assets/full/KG1285.jpg,MCAS Legacy SKU Asset Check
KG1325,https://www.mcas.com.au/assets/full/KG1325.jpg,MCAS Legacy SKU Asset Check
KG1490,https://www.mcas.com.au/assets/full/KG1490.webp,MCAS Legacy SKU Asset Check
KG1510,https://www.mcas.com.au/assets/full/KG1510.webp,MCAS Legacy SKU Asset Check
KG1512,https://www.mcas.com.au/assets/full/KG1512.webp,MCAS Legacy SKU Asset Check
KG1514,https://www.mcas.com.au/assets/full/KG1514.jpg,MCAS Legacy SKU Asset Check
KG1530,https://www.mcas.com.au/assets/full/KG1530.jpg,MCAS Legacy SKU Asset Check
KG1559,https://www.mcas.com.au/assets/full/KG1559.jpg,MCAS Legacy SKU Asset Check
KG1584,https://www.mcas.com.au/assets/full/KG1584.jpg,MCAS Legacy SKU Asset Check
KG1590,https://www.mcas.com.au/assets/full/KG1590.jpg,MCAS Legacy SKU Asset Check
KG1595,https://www.mcas.com.au/assets/full/KG1595.jpg,MCAS Legacy SKU Asset Check
KG1602,https://www.mcas.com.au/assets/full/KG1602.jpg,MCAS Legacy SKU Asset Check
KG1604,https://www.mcas.com.au/assets/full/KG1604.jpg,MCAS Legacy SKU Asset Check
KG2025,https://www.mcas.com.au/assets/full/KG2025.jpg,MCAS Legacy SKU Asset Check
KG2026,https://www.mcas.com.au/assets/full/KG2026.jpg,MCAS Legacy SKU Asset Check
KG2038A,https://www.mcas.com.au/assets/full/KG2038A.webp,MCAS Legacy SKU Asset Check
KG2045,https://www.mcas.com.au/assets/full/KG2045.webp,MCAS Legacy SKU Asset Check
KG2052,https://www.mcas.com.au/assets/full/KG2052.jpg,MCAS Legacy SKU Asset Check
KG2054,https://www.mcas.com.au/assets/full/KG2054.webp,MCAS Legacy SKU Asset Check
KG2080,https://www.mcas.com.au/assets/full/KG2080.webp,MCAS Legacy SKU Asset Check
KG2095,https://www.mcas.com.au/assets/full/KG2095.webp,MCAS Legacy SKU Asset Check
KG2220,https://www.mcas.com.au/assets/full/KG2220.jpg,MCAS Legacy SKU Asset Check
KG2258,https://www.mcas.com.au/assets/full/KG2258.jpg,MCAS Legacy SKU Asset Check
KG2290,https://www.mcas.com.au/assets/full/KG2290.jpg,MCAS Legacy SKU Asset Check
KG2340,https://www.mcas.com.au/assets/full/KG2340.webp,MCAS Legacy SKU Asset Check
KG3552,https://www.mcas.com.au/assets/full/KG3552.webp,MCAS Legacy SKU Asset Check
KG3835,https://www.mcas.com.au/assets/full/KG3835.jpg,MCAS Legacy SKU Asset Check
KG4150,https://www.mcas.com.au/assets/full/KG4150.jpg,MCAS Legacy SKU Asset Check
KG4186,https://www.mcas.com.au/assets/full/KG4186.jpg,MCAS Legacy SKU Asset Check
KG4188,https://www.mcas.com.au/assets/full/KG4188.jpg,MCAS Legacy SKU Asset Check
KG4195,https://www.mcas.com.au/assets/full/KG4195.webp,MCAS Legacy SKU Asset Check
KG4210,https://www.mcas.com.au/assets/full/KG4210.jpg,MCAS Legacy SKU Asset Check
KG4222,https://www.mcas.com.au/assets/full/KG4222.webp,MCAS Legacy SKU Asset Check
KG4230,https://www.mcas.com.au/assets/full/KG4230.webp,MCAS Legacy SKU Asset Check
KG4240,https://www.mcas.com.au/assets/full/KG4240.webp,MCAS Legacy SKU Asset Check
KG4246,https://www.mcas.com.au/assets/full/KG4246.jpg,MCAS Legacy SKU Asset Check
KG4252,https://www.mcas.com.au/assets/full/KG4252.webp,MCAS Legacy SKU Asset Check
KG4268,https://www.mcas.com.au/assets/full/KG4268.jpg,MCAS Legacy SKU Asset Check
KG4385,https://www.mcas.com.au/assets/full/KG4385.jpg,MCAS Legacy SKU Asset Check
KG4435,https://www.mcas.com.au/assets/full/KG4435.jpg,MCAS Legacy SKU Asset Check
KG4445,https://www.mcas.com.au/assets/full/KG4445.jpg,MCAS Legacy SKU Asset Check
KG4465,https://www.mcas.com.au/assets/full/KG4465.jpg,MCAS Legacy SKU Asset Check
KG4480,https://www.mcas.com.au/assets/full/KG4480.jpg,MCAS Legacy SKU Asset Check
KG4490,https://www.mcas.com.au/assets/full/KG4490.webp,MCAS Legacy SKU Asset Check
KG4498,https://www.mcas.com.au/assets/full/KG4498.jpg,MCAS Legacy SKU Asset Check
KG4548,https://www.mcas.com.au/assets/full/KG4548.jpg,MCAS Legacy SKU Asset Check
KG4562,https://www.mcas.com.au/assets/full/KG4562.jpg,MCAS Legacy SKU Asset Check
KG4571,https://www.mcas.com.au/assets/full/KG4571.jpg,MCAS Legacy SKU Asset Check
KG4960,https://www.mcas.com.au/assets/full/KG4960.jpg,MCAS Legacy SKU Asset Check
KG4975,https://www.mcas.com.au/assets/full/KG4975.jpg,MCAS Legacy SKU Asset Check
KG4980,https://www.mcas.com.au/assets/full/KG4980.jpg,MCAS Legacy SKU Asset Check
KG4990,https://www.mcas.com.au/assets/full/KG4990.jpg,MCAS Legacy SKU Asset Check
KG5061,https://www.mcas.com.au/assets/full/KG5061.jpg,MCAS Legacy SKU Asset Check
KG5064,https://www.mcas.com.au/assets/full/KG5064.jpg,MCAS Legacy SKU Asset Check
KG5065B,https://www.mcas.com.au/assets/full/KG5065B.jpg,MCAS Legacy SKU Asset Check
KG5065C,https://www.mcas.com.au/assets/full/KG5065C.webp,MCAS Legacy SKU Asset Check
KG5071,https://www.mcas.com.au/assets/full/KG5071.jpg,MCAS Legacy SKU Asset Check
KG5103,https://www.mcas.com.au/assets/full/KG5103.webp,MCAS Legacy SKU Asset Check
KG5105A,https://www.mcas.com.au/assets/full/KG5105A.jpg,MCAS Legacy SKU Asset Check
KG5105B,https://www.mcas.com.au/assets/full/KG5105B.jpg,MCAS Legacy SKU Asset Check
KG5106,https://www.mcas.com.au/assets/full/KG5106.webp,MCAS Legacy SKU Asset Check
KG5120,https://www.mcas.com.au/assets/full/KG5120.jpg,MCAS Legacy SKU Asset Check
KG5124,https://www.mcas.com.au/assets/full/KG5124.jpg,MCAS Legacy SKU Asset Check
KG5125,https://www.mcas.com.au/assets/full/KG5125.jpg,MCAS Legacy SKU Asset Check
KG5129,https://www.mcas.com.au/assets/full/KG5129.jpg,MCAS Legacy SKU Asset Check
KG5144,https://www.mcas.com.au/assets/full/KG5144.jpg,MCAS Legacy SKU Asset Check
KG5152,https://www.mcas.com.au/assets/full/KG5152.jpg,MCAS Legacy SKU Asset Check
KG5153,https://www.mcas.com.au/assets/full/KG5153.jpg,MCAS Legacy SKU Asset Check
KG5154,https://www.mcas.com.au/assets/full/KG5154.webp,MCAS Legacy SKU Asset Check
KG5161,https://www.mcas.com.au/assets/full/KG5161.jpg,MCAS Legacy SKU Asset Check
KG5162,https://www.mcas.com.au/assets/full/KG5162.webp,MCAS Legacy SKU Asset Check
KG5165,https://www.mcas.com.au/assets/full/KG5165.webp,MCAS Legacy SKU Asset Check
KG5167,https://www.mcas.com.au/assets/full/KG5167.jpg,MCAS Legacy SKU Asset Check
KG5183,https://www.mcas.com.au/assets/full/KG5183.jpg,MCAS Legacy SKU Asset Check
KG5193,https://www.mcas.com.au/assets/full/KG5193.webp,MCAS Legacy SKU Asset Check
KG5198,https://www.mcas.com.au/assets/full/KG5198.webp,MCAS Legacy SKU Asset Check
KG5210,https://www.mcas.com.au/assets/full/KG5210.jpg,MCAS Legacy SKU Asset Check
KG5212,https://www.mcas.com.au/assets/full/KG5212.webp,MCAS Legacy SKU Asset Check
KG6051,https://www.mcas.com.au/assets/full/KG6051.webp,MCAS Legacy SKU Asset Check
KG6129,https://www.mcas.com.au/assets/full/KG6129.jpg,MCAS Legacy SKU Asset Check
KG6140,https://www.mcas.com.au/assets/full/KG6140.webp,MCAS Legacy SKU Asset Check
KG6170,https://www.mcas.com.au/assets/full/KG6170.jpg,MCAS Legacy SKU Asset Check
KG6277,https://www.mcas.com.au/assets/full/KG6277.jpg,MCAS Legacy SKU Asset Check
KG6328,https://www.mcas.com.au/assets/full/KG6328.jpg,MCAS Legacy SKU Asset Check
KG6331,https://www.mcas.com.au/assets/full/KG6331.jpg,MCAS Legacy SKU Asset Check
KG6339,https://www.mcas.com.au/assets/full/KG6339.webp,MCAS Legacy SKU Asset Check
KG6382,https://www.mcas.com.au/assets/full/KG6382.jpg,MCAS Legacy SKU Asset Check
KG6430,https://www.mcas.com.au/assets/full/KG6430.jpg,MCAS Legacy SKU Asset Check
KG6442,https://www.mcas.com.au/assets/full/KG6442.webp,MCAS Legacy SKU Asset Check
KG6444,https://www.mcas.com.au/assets/full/KG6444.jpg,MCAS Legacy SKU Asset Check
KG6465,https://www.mcas.com.au/assets/full/KG6465.jpg,MCAS Legacy SKU Asset Check
KG6764,https://www.mcas.com.au/assets/full/KG6764.jpg,MCAS Legacy SKU Asset Check
KG6767,https://www.mcas.com.au/assets/full/KG6767.jpg,MCAS Legacy SKU Asset Check
KG6770,https://www.mcas.com.au/assets/full/KG6770.jpg,MCAS Legacy SKU Asset Check
KG6790,https://www.mcas.com.au/assets/full/KG6790.jpg,MCAS Legacy SKU Asset Check
KG6815,https://www.mcas.com.au/assets/full/KG6815.jpg,MCAS Legacy SKU Asset Check
KG6822,https://www.mcas.com.au/assets/full/KG6822.jpg,MCAS Legacy SKU Asset Check
KG7080,https://www.mcas.com.au/assets/full/KG7080.jpg,MCAS Legacy SKU Asset Check
KG7110,https://www.mcas.com.au/assets/full/KG7110.webp,MCAS Legacy SKU Asset Check
KG7125,https://www.mcas.com.au/assets/full/KG7125.jpg,MCAS Legacy SKU Asset Check
KG7130,https://www.mcas.com.au/assets/full/KG7130.jpg,MCAS Legacy SKU Asset Check
KG7175,https://www.mcas.com.au/assets/full/KG7175.jpg,MCAS Legacy SKU Asset Check
KG7180,https://www.mcas.com.au/assets/full/KG7180.webp,MCAS Legacy SKU Asset Check
KG7185,https://www.mcas.com.au/assets/full/KG7185.webp,MCAS Legacy SKU Asset Check
KG7195,https://www.mcas.com.au/assets/full/KG7195.jpg,MCAS Legacy SKU Asset Check
KG7205,https://www.mcas.com.au/assets/full/KG7205.jpg,MCAS Legacy SKU Asset Check
KG7255,https://www.mcas.com.au/assets/full/KG7255.webp,MCAS Legacy SKU Asset Check
KG7265,https://www.mcas.com.au/assets/full/KG7265.webp,MCAS Legacy SKU Asset Check
KG7419,https://www.mcas.com.au/assets/full/KG7419.jpg,MCAS Legacy SKU Asset Check
KG7420,https://www.mcas.com.au/assets/full/KG7420.jpg,MCAS Legacy SKU Asset Check
KG7422,https://www.mcas.com.au/assets/full/KG7422.jpg,MCAS Legacy SKU Asset Check
KG7432,https://www.mcas.com.au/assets/full/KG7432.jpg,MCAS Legacy SKU Asset Check
KG7440,https://www.mcas.com.au/assets/full/KG7440.jpg,MCAS Legacy SKU Asset Check
KG7465,https://www.mcas.com.au/assets/full/KG7465.jpg,MCAS Legacy SKU Asset Check
KG7480,https://www.mcas.com.au/assets/full/KG7480.jpg,MCAS Legacy SKU Asset Check
KG7535,https://www.mcas.com.au/assets/full/KG7535.jpg,MCAS Legacy SKU Asset Check
KG7555,https://www.mcas.com.au/assets/full/KG7555.jpg,MCAS Legacy SKU Asset Check
KG7560,https://www.mcas.com.au/assets/full/KG7560.jpg,MCAS Legacy SKU Asset Check
KG7565,https://www.mcas.com.au/assets/full/KG7565.jpg,MCAS Legacy SKU Asset Check
KG7570,https://www.mcas.com.au/assets/full/KG7570.jpg,MCAS Legacy SKU Asset Check
KG7590,https://www.mcas.com.au/assets/full/KG7590.webp,MCAS Legacy SKU Asset Check
KG7595,https://www.mcas.com.au/assets/full/KG7595.webp,MCAS Legacy SKU Asset Check
KG7710,https://www.mcas.com.au/assets/full/KG7710.jpg,MCAS Legacy SKU Asset Check
KG9340,https://www.mcas.com.au/assets/full/KG9340.webp,MCAS Legacy SKU Asset Check
KG9350,https://www.mcas.com.au/assets/full/KG9350.webp,MCAS Legacy SKU Asset Check
KG9360,https://www.mcas.com.au/assets/full/KG9360.webp,MCAS Legacy SKU Asset Check
KG9500,https://www.mcas.com.au/assets/full/KG9500.webp,MCAS Legacy SKU Asset Check
KG9510,https://www.mcas.com.au/assets/full/KG9510.webp,MCAS Legacy SKU Asset Check
KG9520,https://www.mcas.com.au/assets/full/KG9520.webp,MCAS Legacy SKU Asset Check
KM500R,https://www.mcas.com.au/assets/full/KM500R.jpg,MCAS Legacy SKU Asset Check
KM500RPIN,https://www.mcas.com.au/assets/full/KM500RPIN.jpg,MCAS Legacy SKU Asset Check
NXG100RSRCV,https://www.mcas.com.au/assets/full/NXG100RSRCV.jpg,MCAS
NXG100SRDV80,https://www.mcas.com.au/assets/full/NXG100SRDV80.jpg,MCAS
ODP003,https://www.mcas.com.au/assets/full/ODP003.jpg,MCAS Legacy SKU Asset Check
ODP010,https://www.mcas.com.au/assets/full/ODP010.jpg,MCAS Legacy SKU Asset Check
ODP013,https://www.mcas.com.au/assets/full/ODP013.jpg,MCAS Legacy SKU Asset Check
ODP015,https://www.mcas.com.au/assets/full/ODP015.jpg,MCAS Legacy SKU Asset Check
ODP019,https://www.mcas.com.au/assets/full/ODP019.jpg,MCAS Legacy SKU Asset Check
PL000404,https://www.mcas.com.au/assets/full/PL000404.jpg,MCAS
PT200001,https://www.mcas.com.au/assets/full/PT200001.jpg,MCAS
PT200020,https://www.mcas.com.au/assets/full/PT200020.jpg,MCAS
PT200050,https://www.mcas.com.au/assets/full/PT200050.png,MCAS
PT200101,https://www.mcas.com.au/assets/full/PT200101.jpg,MCAS
PT200150,https://www.mcas.com.au/assets/full/PT200150.jpg,MCAS
PTHP0001,https://www.mcas.com.au/assets/full/PTHP0001.jpg,MCAS
PTHP0002,https://www.mcas.com.au/assets/full/PTHP0002.jpg,MCAS
PTHP0003,https://www.mcas.com.au/assets/full/PTHP0003.jpg,MCAS
PTN00001,https://www.mcas.com.au/assets/full/PTN00001.jpg,MCAS
PTN00101,https://www.mcas.com.au/assets/full/PTN00101.jpg,MCAS
PTP00001,https://www.mcas.com.au/assets/full/PTP00001.jpg,MCAS
RDP127,https://www.mcas.com.au/assets/full/RDP127.jpg,MCAS
RDP324,https://www.mcas.com.au/assets/full/RDP324.jpg,MCAS
RDP412,https://www.mcas.com.au/assets/full/RDP412.jpg,MCAS
RDP418,https://www.mcas.com.au/assets/full/RDP418.jpg,MCAS
RDP638,https://www.mcas.com.au/assets/full/RDP638.jpg,MCAS
RDP913,https://www.mcas.com.au/assets/full/RDP913.jpg,MCAS
RDP947,https://www.mcas.com.au/assets/full/RDP947.jpg,MCAS
RDP950,https://www.mcas.com.au/assets/full/RDP950.jpg,MCAS
RDP964,https://www.mcas.com.au/assets/full/RDP964.jpg,MCAS
RDP976,https://www.mcas.com.au/assets/full/RDP976.jpg,MCAS
RDP978,https://www.mcas.com.au/assets/full/RDP978.jpg,MCAS
REP00017,https://www.mcas.com.au/assets/full/REP00017.jpg,MCAS
REP00047,https://www.mcas.com.au/assets/full/REP00047.jpg,MCAS
REP00048,https://www.mcas.com.au/assets/full/REP00048.jpg,MCAS
REP00059,https://www.mcas.com.au/assets/full/REP00059.jpg,MCAS
REP00091,https://www.mcas.com.au/assets/full/REP00091.jpg,MCAS
REP00093,https://www.mcas.com.au/assets/full/REP00093.jpg,MCAS
REP00094,https://www.mcas.com.au/assets/full/REP00094.jpg,MCAS
REP00096,https://www.mcas.com.au/assets/full/REP00096.jpg,MCAS
REP00097,https://www.mcas.com.au/assets/full/REP00097.jpg,MCAS
REP00098,https://www.mcas.com.au/assets/full/REP00098.jpg,MCAS
REP00099,https://www.mcas.com.au/assets/full/REP00099.jpg,MCAS
REP00100,https://www.mcas.com.au/assets/full/REP00100.jpg,MCAS
REP00101,https://www.mcas.com.au/assets/full/REP00101.jpg,MCAS
REP00110,https://www.mcas.com.au/assets/full/REP00110.jpg,MCAS
REP00114,https://www.mcas.com.au/assets/full/REP00114.jpg,MCAS
REP00115,https://www.mcas.com.au/assets/full/REP00115.jpg,MCAS
REZROH1,https://www.mcas.com.au/assets/full/REZROH1.webp,MCAS
REZROH2,https://www.mcas.com.au/assets/full/REZROH2.webp,MCAS
REZROK1,https://www.mcas.com.au/assets/full/REZROK1.webp,MCAS
REZROK2,https://www.mcas.com.au/assets/full/REZROK2.webp,MCAS
SCSSB-6,https://www.mcas.com.au/assets/full/SCSSB-6.jpg,MCAS
SDP107,https://www.mcas.com.au/assets/full/SDP107.jpg,MCAS
SDP112,https://www.mcas.com.au/assets/full/SDP112.jpg,MCAS
SDP117,https://www.mcas.com.au/assets/full/SDP117.jpg,MCAS
SDP124,https://www.mcas.com.au/assets/full/SDP124.jpg,MCAS
SDP127,https://www.mcas.com.au/assets/full/SDP127.jpg,MCAS
SDP128,https://www.mcas.com.au/assets/full/SDP128.jpg,MCAS
SDP213,https://www.mcas.com.au/assets/full/SDP213.jpg,MCAS
SDP216,https://www.mcas.com.au/assets/full/SDP216.jpg,MCAS
SDP317,https://www.mcas.com.au/assets/full/SDP317.jpg,MCAS
SDP319,https://www.mcas.com.au/assets/full/SDP319.jpg,MCAS
SDP321,https://www.mcas.com.au/assets/full/SDP321.jpg,MCAS
SDP322,https://www.mcas.com.au/assets/full/SDP322.jpg,MCAS
SDP323,https://www.mcas.com.au/assets/full/SDP323.jpg,MCAS
SDP404,https://www.mcas.com.au/assets/full/SDP404.jpg,MCAS
SDP406,https://www.mcas.com.au/assets/full/SDP406.jpg,MCAS
SDP411,https://www.mcas.com.au/assets/full/SDP411.jpg,MCAS
SDP412,https://www.mcas.com.au/assets/full/SDP412.jpg,MCAS
SDP418,https://www.mcas.com.au/assets/full/SDP418.jpg,MCAS
SDP503,https://www.mcas.com.au/assets/full/SDP503.jpg,MCAS
SDP504,https://www.mcas.com.au/assets/full/SDP504.jpg,MCAS
SDP509,https://www.mcas.com.au/assets/full/SDP509.jpg,MCAS
SDP528,https://www.mcas.com.au/assets/full/SDP528.jpg,MCAS
SDP580,https://www.mcas.com.au/assets/full/SDP580.webp,MCAS
SDP585,https://www.mcas.com.au/assets/full/SDP585.jpg,MCAS
SDP614,https://www.mcas.com.au/assets/full/SDP614.jpg,MCAS
SDP617,https://www.mcas.com.au/assets/full/SDP617.jpg,MCAS
SDP622,https://www.mcas.com.au/assets/full/SDP622.jpg,MCAS
SDP623,https://www.mcas.com.au/assets/full/SDP623.jpg,MCAS
SDP625,https://www.mcas.com.au/assets/full/SDP625.jpg,MCAS
SDP630,https://www.mcas.com.au/assets/full/SDP630.jpg,MCAS
SDP638,https://www.mcas.com.au/assets/full/SDP638.jpg,MCAS
SDP639,https://www.mcas.com.au/assets/full/SDP639.jpg,MCAS
SDP641,https://www.mcas.com.au/assets/full/SDP641.jpg,MCAS
SDP703,https://www.mcas.com.au/assets/full/SDP703.jpg,MCAS
SDP811,https://www.mcas.com.au/assets/full/SDP811.jpg,MCAS
SDP815,https://www.mcas.com.au/assets/full/SDP815.jpg,MCAS
SDP911,https://www.mcas.com.au/assets/full/SDP911.jpg,MCAS
SDP918,https://www.mcas.com.au/assets/full/SDP918.jpg,MCAS
SDP921,https://www.mcas.com.au/assets/full/SDP921.jpg,MCAS
SDP922,https://www.mcas.com.au/assets/full/SDP922.jpg,MCAS
SDP926,https://www.mcas.com.au/assets/full/SDP926.jpg,MCAS
SDP935,https://www.mcas.com.au/assets/full/SDP935.jpg,MCAS
SDP936,https://www.mcas.com.au/assets/full/SDP936.jpg,MCAS
SDP937,https://www.mcas.com.au/assets/full/SDP937.jpg,MCAS
SDP940,https://www.mcas.com.au/assets/full/SDP940.jpg,MCAS
SDP942,https://www.mcas.com.au/assets/full/SDP942.jpg,MCAS
SDP947,https://www.mcas.com.au/assets/full/SDP947.jpg,MCAS
SDP950,https://www.mcas.com.au/assets/full/SDP950.jpg,MCAS
SDP954,https://www.mcas.com.au/assets/full/SDP954.jpg,MCAS
SDP964,https://www.mcas.com.au/assets/full/SDP964.jpg,MCAS
SDP976,https://www.mcas.com.au/assets/full/SDP976.jpg,MCAS
SDP978,https://www.mcas.com.au/assets/full/SDP978.jpg,MCAS
SDP983,https://www.mcas.com.au/assets/full/SDP983.jpg,MCAS
SH200BK,https://www.mcas.com.au/assets/full/SH200BK.jpg,MCAS
SP000001,https://www.mcas.com.au/assets/full/SP000001.jpg,MCAS Legacy SKU Asset Check
SP000010,https://www.mcas.com.au/assets/full/SP000010.png,MCAS Legacy SKU Asset Check
SPAU0010,https://www.mcas.com.au/assets/full/SPAU0010.jpg,MCAS Legacy SKU Asset Check
SPPT0011,https://www.mcas.com.au/assets/full/SPPT0011.jpg,MCAS Legacy SKU Asset Check
SPPT0012,https://www.mcas.com.au/assets/full/SPPT0012.jpg,MCAS Legacy SKU Asset Check
SPRT0001,https://www.mcas.com.au/assets/full/SPRT0001.jpg,MCAS Legacy SKU Asset Check
SPRT0002,https://www.mcas.com.au/assets/full/SPRT0002.jpg,MCAS Legacy SKU Asset Check
SPRT0101,https://www.mcas.com.au/assets/full/SPRT0101.jpg,MCAS Legacy SKU Asset Check
SPRT0102,https://www.mcas.com.au/assets/full/SPRT0102.jpg,MCAS Legacy SKU Asset Check
SRAK0003,https://www.mcas.com.au/assets/full/SRAK0003.jpg,MCAS Legacy SKU Asset Check
SRAK0004,https://www.mcas.com.au/assets/full/SRAK0004.jpg,MCAS Legacy SKU Asset Check
SRAK0009,https://www.mcas.com.au/assets/full/SRAK0009.jpg,MCAS Legacy SKU Asset Check
SRAK0012,https://www.mcas.com.au/assets/full/SRAK0012.jpg,MCAS Legacy SKU Asset Check
SRAK0014,https://www.mcas.com.au/assets/full/SRAK0014.jpg,MCAS Legacy SKU Asset Check
SRAK0023,https://www.mcas.com.au/assets/full/SRAK0023.jpg,MCAS Legacy SKU Asset Check
SRAK0029,https://www.mcas.com.au/assets/full/SRAK0029.jpg,MCAS Legacy SKU Asset Check
SRAK0039,https://www.mcas.com.au/assets/full/SRAK0039.jpg,MCAS Legacy SKU Asset Check
SWAG0042,https://www.mcas.com.au/assets/full/SWAG0042.jpg,MCAS
T151304,https://www.mcas.com.au/assets/full/T151304.jpg,MCAS
T1513087,https://www.mcas.com.au/assets/full/T1513087.jpg,MCAS
T1515087,https://www.mcas.com.au/assets/full/T1515087.jpg,MCAS
T162504,https://www.mcas.com.au/assets/full/T162504.jpg,MCAS
T162756,https://www.mcas.com.au/assets/full/T162756.jpg,MCAS
T163004,https://www.mcas.com.au/assets/full/T163004.jpg,MCAS
T163506,https://www.mcas.com.au/assets/full/T163506.jpg,MCAS
T164504,https://www.mcas.com.au/assets/full/T164504.jpg,MCAS
T165004,https://www.mcas.com.au/assets/full/T165004.jpg,MCAS
T173254,https://www.mcas.com.au/assets/full/T173254.jpg,MCAS
T174006,https://www.mcas.com.au/assets/full/T174006.jpg,MCAS
T174506,https://www.mcas.com.au/assets/full/T174506.jpg,MCAS
T182254,https://www.mcas.com.au/assets/full/T182254.jpg,MCAS
T183256,https://www.mcas.com.au/assets/full/T183256.webp,MCAS
T183506,https://www.mcas.com.au/assets/full/T183506.webp,MCAS
T192254,https://www.mcas.com.au/assets/full/T192254.webp,MCAS
T192754,https://www.mcas.com.au/assets/full/T192754.webp,MCAS
T212754,https://www.mcas.com.au/assets/full/T212754.jpg,MCAS
TXPK0004,https://www.mcas.com.au/assets/full/TXPK0004.webp,MCAS Legacy SKU Asset Check
TXPK0006,https://www.mcas.com.au/assets/full/TXPK0006.jpg,MCAS Legacy SKU Asset Check
TXPK0007,https://www.mcas.com.au/assets/full/TXPK0007.jpg,MCAS Legacy SKU Asset Check
TXPK0011,https://www.mcas.com.au/assets/full/TXPK0011.jpg,MCAS Legacy SKU Asset Check
TXPK0019,https://www.mcas.com.au/assets/full/TXPK0019.jpg,MCAS Legacy SKU Asset Check
UCSE010003,https://www.mcas.com.au/assets/full/UCSE010003.webp,MCAS Legacy SKU Asset Check
UCSE010004,https://www.mcas.com.au/assets/full/UCSE010004.webp,MCAS Legacy SKU Asset Check
UCSF010006,https://www.mcas.com.au/assets/full/UCSF010006.webp,MCAS Legacy SKU Asset Check
UCSF010007,https://www.mcas.com.au/assets/full/UCSF010007.webp,MCAS Legacy SKU Asset Check
UCSS010005,https://www.mcas.com.au/assets/full/UCSS010005.webp,MCAS Legacy SKU Asset Check
01RKIT,https://www.mcas.com.au/assets/full/01RKIT.jpg,MCAS Legacy SKU Asset Check
000884,https://www.mcas.com.au/assets/full/000884.jpg,MCAS Legacy SKU Asset Check
000877,https://www.mcas.com.au/assets/full/000877.jpg,MCAS Legacy SKU Asset Check
004950,https://www.mcas.com.au/assets/full/004950.jpg,MCAS Legacy SKU Asset Check
003236,https://www.mcas.com.au/assets/full/003236.jpg,MCAS Legacy SKU Asset Check
01VKIT,https://www.mcas.com.au/assets/full/01VKIT.jpg,MCAS Legacy SKU Asset Check
01SKIT,https://www.mcas.com.au/assets/full/01SKIT.jpg,MCAS Legacy SKU Asset Check
005209,https://www.mcas.com.au/assets/full/005209.jpg,MCAS Legacy SKU Asset Check
0324212,https://www.mcas.com.au/assets/full/0324212.jpg,MCAS Legacy SKU Asset Check
02VKIT,https://www.mcas.com.au/assets/full/02VKIT.jpg,MCAS Legacy SKU Asset Check
02SKIT,https://www.mcas.com.au/assets/full/02SKIT.jpg,MCAS Legacy SKU Asset Check
002154,https://www.mcas.com.au/assets/full/002154.webp,MCAS Legacy SKU Asset Check
002178,https://www.mcas.com.au/assets/full/002178.webp,MCAS Legacy SKU Asset Check
0347312,https://www.mcas.com.au/assets/full/0347312.jpg,MCAS Legacy SKU Asset Check
03RKIT,https://www.mcas.com.au/assets/full/03RKIT.jpg,MCAS Legacy SKU Asset Check
03SKIT,https://www.mcas.com.au/assets/full/03SKIT.jpg,MCAS Legacy SKU Asset Check
04SKIT,https://www.mcas.com.au/assets/full/04SKIT.jpg,MCAS Legacy SKU Asset Check
03VKIT,https://www.mcas.com.au/assets/full/03VKIT.jpg,MCAS Legacy SKU Asset Check
05SKIT,https://www.mcas.com.au/assets/full/05SKIT.jpg,MCAS Legacy SKU Asset Check
0603M101,https://www.mcas.com.au/assets/full/0603M101.jpg,MCAS Legacy SKU Asset Check
0603M100,https://www.mcas.com.au/assets/full/0603M100.jpg,MCAS Legacy SKU Asset Check
0618H00,https://www.mcas.com.au/assets/full/0618H00.jpg,MCAS Legacy SKU Asset Check
05RKIT,https://www.mcas.com.au/assets/full/05RKIT.webp,MCAS Legacy SKU Asset Check
0618H10,https://www.mcas.com.au/assets/full/0618H10.jpg,MCAS Legacy SKU Asset Check
0618H30,https://www.mcas.com.au/assets/full/0618H30.jpg,MCAS Legacy SKU Asset Check
0618T10,https://www.mcas.com.au/assets/full/0618T10.jpg,MCAS Legacy SKU Asset Check
0618R00,https://www.mcas.com.au/assets/full/0618R00.jpg,MCAS Legacy SKU Asset Check
0618T20,https://www.mcas.com.au/assets/full/0618T20.jpg,MCAS Legacy SKU Asset Check
0618T30,https://www.mcas.com.au/assets/full/0618T30.jpg,MCAS Legacy SKU Asset Check
0618996,https://www.mcas.com.au/assets/full/0618996.webp,MCAS Legacy SKU Asset Check
0623955,https://www.mcas.com.au/assets/full/0623955.jpg,MCAS Legacy SKU Asset Check
0623958,https://www.mcas.com.au/assets/full/0623958.jpg,MCAS Legacy SKU Asset Check
0618998,https://www.mcas.com.au/assets/full/0618998.webp,MCAS Legacy SKU Asset Check
0623H30,https://www.mcas.com.au/assets/full/0623H30.jpg,MCAS Legacy SKU Asset Check
0623H00,https://www.mcas.com.au/assets/full/0623H00.jpg,MCAS Legacy SKU Asset Check
0623V10,https://www.mcas.com.au/assets/full/0623V10.jpg,MCAS Legacy SKU Asset Check
0623YH30,https://www.mcas.com.au/assets/full/0623YH30.jpg,MCAS Legacy SKU Asset Check
0623YH00,https://www.mcas.com.au/assets/full/0623YH00.jpg,MCAS Legacy SKU Asset Check
0623YR10,https://www.mcas.com.au/assets/full/0623YR10.jpg,MCAS Legacy SKU Asset Check
0623YR30,https://www.mcas.com.au/assets/full/0623YR30.jpg,MCAS Legacy SKU Asset Check
0623YR70,https://www.mcas.com.au/assets/full/0623YR70.jpg,MCAS Legacy SKU Asset Check
0624P03,https://www.mcas.com.au/assets/full/0624P03.jpg,MCAS Legacy SKU Asset Check
0624P02,https://www.mcas.com.au/assets/full/0624P02.jpg,MCAS Legacy SKU Asset Check
07RKIT,https://www.mcas.com.au/assets/full/07RKIT.webp,MCAS Legacy SKU Asset Check
06RKIT,https://www.mcas.com.au/assets/full/06RKIT.webp,MCAS Legacy SKU Asset Check
08-012810,https://www.mcas.com.au/assets/full/08-012810.jpg,MCAS Legacy SKU Asset Check
08-080001,https://www.mcas.com.au/assets/full/08-080001.jpg,MCAS Legacy SKU Asset Check
08-080004,https://www.mcas.com.au/assets/full/08-080004.jpg,MCAS Legacy SKU Asset Check
08-080007,https://www.mcas.com.au/assets/full/08-080007.jpg,MCAS Legacy SKU Asset Check
08-080026,https://www.mcas.com.au/assets/full/08-080026.jpg,MCAS Legacy SKU Asset Check
08-080015,https://www.mcas.com.au/assets/full/08-080015.jpg,MCAS Legacy SKU Asset Check
08-080029,https://www.mcas.com.au/assets/full/08-080029.jpg,MCAS Legacy SKU Asset Check
08-080058,https://www.mcas.com.au/assets/full/08-080058.jpg,MCAS Legacy SKU Asset Check
08-080113,https://www.mcas.com.au/assets/full/08-080113.jpg,MCAS Legacy SKU Asset Check
08-080127,https://www.mcas.com.au/assets/full/08-080127.jpg,MCAS Legacy SKU Asset Check
08-080185,https://www.mcas.com.au/assets/full/08-080185.jpg,MCAS Legacy SKU Asset Check
08-080229,https://www.mcas.com.au/assets/full/08-080229.jpg,MCAS Legacy SKU Asset Check
08-080287,https://www.mcas.com.au/assets/full/08-080287.jpg,MCAS Legacy SKU Asset Check
08-080288,https://www.mcas.com.au/assets/full/08-080288.jpg,MCAS Legacy SKU Asset Check
08-080293,https://www.mcas.com.au/assets/full/08-080293.jpg,MCAS Legacy SKU Asset Check
08-080356,https://www.mcas.com.au/assets/full/08-080356.jpg,MCAS Legacy SKU Asset Check
08-080395,https://www.mcas.com.au/assets/full/08-080395.jpg,MCAS Legacy SKU Asset Check
08-080409,https://www.mcas.com.au/assets/full/08-080409.jpg,MCAS Legacy SKU Asset Check
08-080429,https://www.mcas.com.au/assets/full/08-080429.jpg,MCAS Legacy SKU Asset Check
08-080436,https://www.mcas.com.au/assets/full/08-080436.jpg,MCAS Legacy SKU Asset Check
08-080471,https://www.mcas.com.au/assets/full/08-080471.jpg,MCAS Legacy SKU Asset Check
08-080470,https://www.mcas.com.au/assets/full/08-080470.jpg,MCAS Legacy SKU Asset Check
08-080483,https://www.mcas.com.au/assets/full/08-080483.jpg,MCAS Legacy SKU Asset Check
08-080482,https://www.mcas.com.au/assets/full/08-080482.jpg,MCAS Legacy SKU Asset Check
08-080546,https://www.mcas.com.au/assets/full/08-080546.jpg,MCAS Legacy SKU Asset Check
08-080562,https://www.mcas.com.au/assets/full/08-080562.jpg,MCAS Legacy SKU Asset Check
08-080574,https://www.mcas.com.au/assets/full/08-080574.jpg,MCAS Legacy SKU Asset Check
10-592-14,https://www.mcas.com.au/assets/full/10-592-14.jpg,MCAS Legacy SKU Asset Check
10-KL4-14,https://www.mcas.com.au/assets/full/10-KL4-14.jpg,MCAS Legacy SKU Asset Check
100AL,https://www.mcas.com.au/assets/full/100AL.jpg,MCAS Legacy SKU Asset Check
100ALB,https://www.mcas.com.au/assets/full/100ALB.jpg,MCAS Legacy SKU Asset Check
1023026,https://www.mcas.com.au/assets/full/1023026.jpg,MCAS Legacy SKU Asset Check
1022001,https://www.mcas.com.au/assets/full/1022001.jpg,MCAS Legacy SKU Asset Check
1022041,https://www.mcas.com.au/assets/full/1022041.jpg,MCAS Legacy SKU Asset Check
1023101,https://www.mcas.com.au/assets/full/1023101.jpg,MCAS Legacy SKU Asset Check
1029041,https://www.mcas.com.au/assets/full/1029041.jpg,MCAS Legacy SKU Asset Check
1029001,https://www.mcas.com.au/assets/full/1029001.jpg,MCAS Legacy SKU Asset Check
1014069,https://www.mcas.com.au/assets/full/1014069.jpg,MCAS Legacy SKU Asset Check
1014041,https://www.mcas.com.au/assets/full/1014041.jpg,MCAS Legacy SKU Asset Check
1029089,https://www.mcas.com.au/assets/full/1029089.jpg,MCAS Legacy SKU Asset Check
1029127,https://www.mcas.com.au/assets/full/1029127.jpg,MCAS Legacy SKU Asset Check
1029102,https://www.mcas.com.au/assets/full/1029102.jpg,MCAS Legacy SKU Asset Check
106A52048G,https://www.mcas.com.au/assets/full/106A52048G.jpg,MCAS Legacy SKU Asset Check
106A52050G,https://www.mcas.com.au/assets/full/106A52050G.jpg,MCAS Legacy SKU Asset Check
1022101,https://www.mcas.com.au/assets/full/1022101.webp,MCAS Legacy SKU Asset Check
104A,https://www.mcas.com.au/assets/full/104A.jpg,MCAS Legacy SKU Asset Check
1029070,https://www.mcas.com.au/assets/full/1029070.webp,MCAS Legacy SKU Asset Check
107A,https://www.mcas.com.au/assets/full/107A.webp,MCAS Legacy SKU Asset Check
10S-5LN-13,https://www.mcas.com.au/assets/full/10S-5LN-13.jpg,MCAS Legacy SKU Asset Check
18-4012,https://www.mcas.com.au/assets/full/18-4012.jpg,MCAS Legacy SKU Asset Check
18-7002,https://www.mcas.com.au/assets/full/18-7002.jpg,MCAS Legacy SKU Asset Check
18452039,https://www.mcas.com.au/assets/full/18452039.jpg,MCAS Legacy SKU Asset Check
183AA183A,https://www.mcas.com.au/assets/full/183AA183A.jpg,MCAS Legacy SKU Asset Check
18452045,https://www.mcas.com.au/assets/full/18452045.jpg,MCAS Legacy SKU Asset Check
184A53042,https://www.mcas.com.au/assets/full/184A53042.jpg,MCAS Legacy SKU Asset Check
18452044,https://www.mcas.com.au/assets/full/18452044.jpg,MCAS Legacy SKU Asset Check
184A53044,https://www.mcas.com.au/assets/full/184A53044.jpg,MCAS Legacy SKU Asset Check
18452043,https://www.mcas.com.au/assets/full/18452043.jpg,MCAS Legacy SKU Asset Check
184A53043,https://www.mcas.com.au/assets/full/184A53043.jpg,MCAS Legacy SKU Asset Check
18452041,https://www.mcas.com.au/assets/full/18452041.jpg,MCAS Legacy SKU Asset Check
184C52542,https://www.mcas.com.au/assets/full/184C52542.jpg,MCAS Legacy SKU Asset Check
189U42049G,https://www.mcas.com.au/assets/full/189U42049G.jpg,MCAS Legacy SKU Asset Check
189U42050G,https://www.mcas.com.au/assets/full/189U42050G.jpg,MCAS Legacy SKU Asset Check
189U42055G,https://www.mcas.com.au/assets/full/189U42055G.jpg,MCAS Legacy SKU Asset Check
184U52541PHA,https://www.mcas.com.au/assets/full/184U52541PHA.jpg,MCAS Legacy SKU Asset Check
189U42056G,https://www.mcas.com.au/assets/full/189U42056G.jpg,MCAS Legacy SKU Asset Check
184C52540,https://www.mcas.com.au/assets/full/184C52540.jpg,MCAS Legacy SKU Asset Check
189U42051G,https://www.mcas.com.au/assets/full/189U42051G.jpg,MCAS Legacy SKU Asset Check
19-CVB-21,https://www.mcas.com.au/assets/full/19-CVB-21.jpg,MCAS Legacy SKU Asset Check
245N,https://www.mcas.com.au/assets/full/245N.jpg,MCAS Legacy SKU Asset Check
247N,https://www.mcas.com.au/assets/full/247N.jpg,MCAS Legacy SKU Asset Check
245F,https://www.mcas.com.au/assets/full/245F.webp,MCAS Legacy SKU Asset Check
244722,https://www.mcas.com.au/assets/full/244722.webp,MCAS Legacy SKU Asset Check
248776-283,https://www.mcas.com.au/assets/full/248776-283.jpg,MCAS Legacy SKU Asset Check
244723,https://www.mcas.com.au/assets/full/244723.webp,MCAS Legacy SKU Asset Check
248782-222,https://www.mcas.com.au/assets/full/248782-222.jpg,MCAS Legacy SKU Asset Check
248F,https://www.mcas.com.au/assets/full/248F.jpg,MCAS Legacy SKU Asset Check
248787-222,https://www.mcas.com.au/assets/full/248787-222.jpg,MCAS Legacy SKU Asset Check
249F,https://www.mcas.com.au/assets/full/249F.jpg,MCAS Legacy SKU Asset Check
25-1072,https://www.mcas.com.au/assets/full/25-1072.jpg,MCAS Legacy SKU Asset Check
25-1079,https://www.mcas.com.au/assets/full/25-1079.jpg,MCAS Legacy SKU Asset Check
25-1076,https://www.mcas.com.au/assets/full/25-1076.jpg,MCAS Legacy SKU Asset Check
25-1080,https://www.mcas.com.au/assets/full/25-1080.jpg,MCAS Legacy SKU Asset Check
25-1081,https://www.mcas.com.au/assets/full/25-1081.jpg,MCAS Legacy SKU Asset Check
25-1092,https://www.mcas.com.au/assets/full/25-1092.jpg,MCAS Legacy SKU Asset Check
25-1135,https://www.mcas.com.au/assets/full/25-1135.jpg,MCAS Legacy SKU Asset Check
25-1168,https://www.mcas.com.au/assets/full/25-1168.jpg,MCAS Legacy SKU Asset Check
25-1223,https://www.mcas.com.au/assets/full/25-1223.jpg,MCAS Legacy SKU Asset Check
25-1233,https://www.mcas.com.au/assets/full/25-1233.jpg,MCAS Legacy SKU Asset Check
25-1250,https://www.mcas.com.au/assets/full/25-1250.jpg,MCAS Legacy SKU Asset Check
25-1252,https://www.mcas.com.au/assets/full/25-1252.jpg,MCAS Legacy SKU Asset Check
25-1273,https://www.mcas.com.au/assets/full/25-1273.jpg,MCAS Legacy SKU Asset Check
25-1276,https://www.mcas.com.au/assets/full/25-1276.jpg,MCAS Legacy SKU Asset Check
25-1334,https://www.mcas.com.au/assets/full/25-1334.jpg,MCAS Legacy SKU Asset Check
25-1363,https://www.mcas.com.au/assets/full/25-1363.jpg,MCAS Legacy SKU Asset Check
25-1402,https://www.mcas.com.au/assets/full/25-1402.jpg,MCAS Legacy SKU Asset Check
25-1406,https://www.mcas.com.au/assets/full/25-1406.jpg,MCAS Legacy SKU Asset Check
25-1482,https://www.mcas.com.au/assets/full/25-1482.jpg,MCAS Legacy SKU Asset Check
3300001,https://www.mcas.com.au/assets/full/3300001.jpg,MCAS Legacy SKU Asset Check
330202,https://www.mcas.com.au/assets/full/330202.jpg,MCAS Legacy SKU Asset Check
3303001,https://www.mcas.com.au/assets/full/3303001.jpg,MCAS Legacy SKU Asset Check
3301087,https://www.mcas.com.au/assets/full/3301087.jpg,MCAS Legacy SKU Asset Check
3300103,https://www.mcas.com.au/assets/full/3300103.jpg,MCAS Legacy SKU Asset Check
3301001,https://www.mcas.com.au/assets/full/3301001.jpg,MCAS Legacy SKU Asset Check
3303103,https://www.mcas.com.au/assets/full/3303103.jpg,MCAS Legacy SKU Asset Check
3303062,https://www.mcas.com.au/assets/full/3303062.jpg,MCAS Legacy SKU Asset Check
3304001,https://www.mcas.com.au/assets/full/3304001.jpg,MCAS Legacy SKU Asset Check
3304041,https://www.mcas.com.au/assets/full/3304041.jpg,MCAS Legacy SKU Asset Check
3308380,https://www.mcas.com.au/assets/full/3308380.jpg,MCAS Legacy SKU Asset Check
3308087,https://www.mcas.com.au/assets/full/3308087.jpg,MCAS Legacy SKU Asset Check
3304103,https://www.mcas.com.au/assets/full/3304103.jpg,MCAS Legacy SKU Asset Check
3310001,https://www.mcas.com.au/assets/full/3310001.jpg,MCAS Legacy SKU Asset Check
3312103,https://www.mcas.com.au/assets/full/3312103.jpg,MCAS Legacy SKU Asset Check
3313041,https://www.mcas.com.au/assets/full/3313041.jpg,MCAS Legacy SKU Asset Check
3313001,https://www.mcas.com.au/assets/full/3313001.jpg,MCAS Legacy SKU Asset Check
3313103,https://www.mcas.com.au/assets/full/3313103.jpg,MCAS Legacy SKU Asset Check
330DT,https://www.mcas.com.au/assets/full/330DT.jpg,MCAS Legacy SKU Asset Check
3312001,https://www.mcas.com.au/assets/full/3312001.jpg,MCAS Legacy SKU Asset Check
3314041,https://www.mcas.com.au/assets/full/3314041.jpg,MCAS Legacy SKU Asset Check
3312041,https://www.mcas.com.au/assets/full/3312041.jpg,MCAS Legacy SKU Asset Check
3314001,https://www.mcas.com.au/assets/full/3314001.jpg,MCAS Legacy SKU Asset Check
3314087,https://www.mcas.com.au/assets/full/3314087.jpg,MCAS Legacy SKU Asset Check
3314103,https://www.mcas.com.au/assets/full/3314103.jpg,MCAS Legacy SKU Asset Check
3315103,https://www.mcas.com.au/assets/full/3315103.jpg,MCAS Legacy SKU Asset Check
3315041,https://www.mcas.com.au/assets/full/3315041.jpg,MCAS Legacy SKU Asset Check
3322041,https://www.mcas.com.au/assets/full/3322041.jpg,MCAS Legacy SKU Asset Check
3320087,https://www.mcas.com.au/assets/full/3320087.jpg,MCAS Legacy SKU Asset Check
3316062,https://www.mcas.com.au/assets/full/3316062.jpg,MCAS Legacy SKU Asset Check
3316087,https://www.mcas.com.au/assets/full/3316087.jpg,MCAS Legacy SKU Asset Check
3317001,https://www.mcas.com.au/assets/full/3317001.jpg,MCAS Legacy SKU Asset Check
3321062,https://www.mcas.com.au/assets/full/3321062.jpg,MCAS Legacy SKU Asset Check
3317103,https://www.mcas.com.au/assets/full/3317103.jpg,MCAS Legacy SKU Asset Check
3316103,https://www.mcas.com.au/assets/full/3316103.jpg,MCAS Legacy SKU Asset Check
3311103,https://www.mcas.com.au/assets/full/3311103.webp,MCAS Legacy SKU Asset Check
3317041,https://www.mcas.com.au/assets/full/3317041.jpg,MCAS Legacy SKU Asset Check
3320380,https://www.mcas.com.au/assets/full/3320380.jpg,MCAS Legacy SKU Asset Check
3322001,https://www.mcas.com.au/assets/full/3322001.jpg,MCAS Legacy SKU Asset Check
3320001,https://www.mcas.com.au/assets/full/3320001.jpg,MCAS Legacy SKU Asset Check
3318380,https://www.mcas.com.au/assets/full/3318380.jpg,MCAS Legacy SKU Asset Check
3324001,https://www.mcas.com.au/assets/full/3324001.jpg,MCAS Legacy SKU Asset Check
3310103,https://www.mcas.com.au/assets/full/3310103.webp,MCAS Legacy SKU Asset Check
3326041,https://www.mcas.com.au/assets/full/3326041.jpg,MCAS Legacy SKU Asset Check
3326001,https://www.mcas.com.au/assets/full/3326001.jpg,MCAS Legacy SKU Asset Check
3315001,https://www.mcas.com.au/assets/full/3315001.webp,MCAS Legacy SKU Asset Check
3334001,https://www.mcas.com.au/assets/full/3334001.jpg,MCAS Legacy SKU Asset Check
3333001,https://www.mcas.com.au/assets/full/3333001.jpg,MCAS Legacy SKU Asset Check
3339001,https://www.mcas.com.au/assets/full/3339001.jpg,MCAS Legacy SKU Asset Check
3336041,https://www.mcas.com.au/assets/full/3336041.jpg,MCAS Legacy SKU Asset Check
3334062,https://www.mcas.com.au/assets/full/3334062.jpg,MCAS Legacy SKU Asset Check
333DT,https://www.mcas.com.au/assets/full/333DT.jpg,MCAS Legacy SKU Asset Check
3333041,https://www.mcas.com.au/assets/full/3333041.jpg,MCAS Legacy SKU Asset Check
3336001,https://www.mcas.com.au/assets/full/3336001.jpg,MCAS Legacy SKU Asset Check
3335001,https://www.mcas.com.au/assets/full/3335001.jpg,MCAS Legacy SKU Asset Check
3339041,https://www.mcas.com.au/assets/full/3339041.jpg,MCAS Legacy SKU Asset Check
3340041,https://www.mcas.com.au/assets/full/3340041.jpg,MCAS Legacy SKU Asset Check
3340001,https://www.mcas.com.au/assets/full/3340001.jpg,MCAS Legacy SKU Asset Check
3342041,https://www.mcas.com.au/assets/full/3342041.jpg,MCAS Legacy SKU Asset Check
3340062,https://www.mcas.com.au/assets/full/3340062.jpg,MCAS Legacy SKU Asset Check
3341001,https://www.mcas.com.au/assets/full/3341001.jpg,MCAS Legacy SKU Asset Check
3343041,https://www.mcas.com.au/assets/full/3343041.jpg,MCAS Legacy SKU Asset Check
3342001,https://www.mcas.com.au/assets/full/3342001.jpg,MCAS Legacy SKU Asset Check
3346001,https://www.mcas.com.au/assets/full/3346001.jpg,MCAS Legacy SKU Asset Check
3344001,https://www.mcas.com.au/assets/full/3344001.jpg,MCAS Legacy SKU Asset Check
3348041,https://www.mcas.com.au/assets/full/3348041.jpg,MCAS Legacy SKU Asset Check
3343001,https://www.mcas.com.au/assets/full/3343001.jpg,MCAS Legacy SKU Asset Check
3344041,https://www.mcas.com.au/assets/full/3344041.jpg,MCAS Legacy SKU Asset Check
3346041,https://www.mcas.com.au/assets/full/3346041.jpg,MCAS Legacy SKU Asset Check
3350001,https://www.mcas.com.au/assets/full/3350001.jpg,MCAS Legacy SKU Asset Check
3349001,https://www.mcas.com.au/assets/full/3349001.jpg,MCAS Legacy SKU Asset Check
3349041,https://www.mcas.com.au/assets/full/3349041.jpg,MCAS Legacy SKU Asset Check
3351041,https://www.mcas.com.au/assets/full/3351041.jpg,MCAS Legacy SKU Asset Check
3351001,https://www.mcas.com.au/assets/full/3351001.jpg,MCAS Legacy SKU Asset Check
3352001,https://www.mcas.com.au/assets/full/3352001.jpg,MCAS Legacy SKU Asset Check
3352041,https://www.mcas.com.au/assets/full/3352041.jpg,MCAS Legacy SKU Asset Check
3353001,https://www.mcas.com.au/assets/full/3353001.jpg,MCAS Legacy SKU Asset Check
3350041,https://www.mcas.com.au/assets/full/3350041.jpg,MCAS Legacy SKU Asset Check
3353087,https://www.mcas.com.au/assets/full/3353087.jpg,MCAS Legacy SKU Asset Check
3354001,https://www.mcas.com.au/assets/full/3354001.jpg,MCAS Legacy SKU Asset Check
3354041,https://www.mcas.com.au/assets/full/3354041.jpg,MCAS Legacy SKU Asset Check
3355001,https://www.mcas.com.au/assets/full/3355001.jpg,MCAS Legacy SKU Asset Check
3355041,https://www.mcas.com.au/assets/full/3355041.jpg,MCAS Legacy SKU Asset Check
3353041,https://www.mcas.com.au/assets/full/3353041.jpg,MCAS Legacy SKU Asset Check
3357001,https://www.mcas.com.au/assets/full/3357001.jpg,MCAS Legacy SKU Asset Check
3356001,https://www.mcas.com.au/assets/full/3356001.jpg,MCAS Legacy SKU Asset Check
3356041,https://www.mcas.com.au/assets/full/3356041.jpg,MCAS Legacy SKU Asset Check
3361001,https://www.mcas.com.au/assets/full/3361001.jpg,MCAS Legacy SKU Asset Check
3360001,https://www.mcas.com.au/assets/full/3360001.jpg,MCAS Legacy SKU Asset Check
3358001,https://www.mcas.com.au/assets/full/3358001.jpg,MCAS Legacy SKU Asset Check
3359001,https://www.mcas.com.au/assets/full/3359001.jpg,MCAS Legacy SKU Asset Check
3356103,https://www.mcas.com.au/assets/full/3356103.jpg,MCAS Legacy SKU Asset Check
3363001,https://www.mcas.com.au/assets/full/3363001.jpg,MCAS Legacy SKU Asset Check
3361041,https://www.mcas.com.au/assets/full/3361041.jpg,MCAS Legacy SKU Asset Check
3363087,https://www.mcas.com.au/assets/full/3363087.jpg,MCAS Legacy SKU Asset Check
3363041,https://www.mcas.com.au/assets/full/3363041.jpg,MCAS Legacy SKU Asset Check
3364001,https://www.mcas.com.au/assets/full/3364001.jpg,MCAS Legacy SKU Asset Check
3361103,https://www.mcas.com.au/assets/full/3361103.jpg,MCAS Legacy SKU Asset Check
3364087,https://www.mcas.com.au/assets/full/3364087.jpg,MCAS Legacy SKU Asset Check
3365001,https://www.mcas.com.au/assets/full/3365001.jpg,MCAS Legacy SKU Asset Check
3365041,https://www.mcas.com.au/assets/full/3365041.jpg,MCAS Legacy SKU Asset Check
3366041,https://www.mcas.com.au/assets/full/3366041.jpg,MCAS Legacy SKU Asset Check
3365087,https://www.mcas.com.au/assets/full/3365087.jpg,MCAS Legacy SKU Asset Check
3370001,https://www.mcas.com.au/assets/full/3370001.jpg,MCAS Legacy SKU Asset Check
3367041,https://www.mcas.com.au/assets/full/3367041.jpg,MCAS Legacy SKU Asset Check
3369041,https://www.mcas.com.au/assets/full/3369041.jpg,MCAS Legacy SKU Asset Check
3377041,https://www.mcas.com.au/assets/full/3377041.jpg,MCAS Legacy SKU Asset Check
3368041,https://www.mcas.com.au/assets/full/3368041.jpg,MCAS Legacy SKU Asset Check
33752012G,https://www.mcas.com.au/assets/full/33752012G.jpg,MCAS Legacy SKU Asset Check
3374041,https://www.mcas.com.au/assets/full/3374041.jpg,MCAS Legacy SKU Asset Check
3373001,https://www.mcas.com.au/assets/full/3373001.jpg,MCAS Legacy SKU Asset Check
3374087,https://www.mcas.com.au/assets/full/3374087.jpg,MCAS Legacy SKU Asset Check
3373041,https://www.mcas.com.au/assets/full/3373041.jpg,MCAS Legacy SKU Asset Check
33752013G,https://www.mcas.com.au/assets/full/33752013G.jpg,MCAS Legacy SKU Asset Check
3374001,https://www.mcas.com.au/assets/full/3374001.jpg,MCAS Legacy SKU Asset Check
3364041,https://www.mcas.com.au/assets/full/3364041.webp,MCAS Legacy SKU Asset Check
3380041,https://www.mcas.com.au/assets/full/3380041.jpg,MCAS Legacy SKU Asset Check
3379041,https://www.mcas.com.au/assets/full/3379041.jpg,MCAS Legacy SKU Asset Check
3380001,https://www.mcas.com.au/assets/full/3380001.jpg,MCAS Legacy SKU Asset Check
3381041,https://www.mcas.com.au/assets/full/3381041.jpg,MCAS Legacy SKU Asset Check
3366087,https://www.mcas.com.au/assets/full/3366087.webp,MCAS Legacy SKU Asset Check
3384041,https://www.mcas.com.au/assets/full/3384041.jpg,MCAS Legacy SKU Asset Check
3383041,https://www.mcas.com.au/assets/full/3383041.jpg,MCAS Legacy SKU Asset Check
3389001,https://www.mcas.com.au/assets/full/3389001.jpg,MCAS Legacy SKU Asset Check
3369001,https://www.mcas.com.au/assets/full/3369001.webp,MCAS Legacy SKU Asset Check
3389087,https://www.mcas.com.au/assets/full/3389087.jpg,MCAS Legacy SKU Asset Check
3389041,https://www.mcas.com.au/assets/full/3389041.jpg,MCAS Legacy SKU Asset Check
3390001,https://www.mcas.com.au/assets/full/3390001.jpg,MCAS Legacy SKU Asset Check
3385041,https://www.mcas.com.au/assets/full/3385041.jpg,MCAS Legacy SKU Asset Check
3391087,https://www.mcas.com.au/assets/full/3391087.jpg,MCAS Legacy SKU Asset Check
3390041,https://www.mcas.com.au/assets/full/3390041.jpg,MCAS Legacy SKU Asset Check
3378041,https://www.mcas.com.au/assets/full/3378041.webp,MCAS Legacy SKU Asset Check
3390087,https://www.mcas.com.au/assets/full/3390087.jpg,MCAS Legacy SKU Asset Check
3392001,https://www.mcas.com.au/assets/full/3392001.jpg,MCAS Legacy SKU Asset Check
3392041,https://www.mcas.com.au/assets/full/3392041.jpg,MCAS Legacy SKU Asset Check
3395001,https://www.mcas.com.au/assets/full/3395001.jpg,MCAS Legacy SKU Asset Check
3395041,https://www.mcas.com.au/assets/full/3395041.jpg,MCAS Legacy SKU Asset Check
3392087,https://www.mcas.com.au/assets/full/3392087.jpg,MCAS Legacy SKU Asset Check
343FL,https://www.mcas.com.au/assets/full/343FL.jpg,MCAS Legacy SKU Asset Check
3391001,https://www.mcas.com.au/assets/full/3391001.jpg,MCAS Legacy SKU Asset Check
34152518P,https://www.mcas.com.au/assets/full/34152518P.jpg,MCAS Legacy SKU Asset Check
340102,https://www.mcas.com.au/assets/full/340102.jpg,MCAS Legacy SKU Asset Check
34153017P,https://www.mcas.com.au/assets/full/34153017P.jpg,MCAS Legacy SKU Asset Check
3395087,https://www.mcas.com.au/assets/full/3395087.jpg,MCAS Legacy SKU Asset Check
3382041,https://www.mcas.com.au/assets/full/3382041.webp,MCAS Legacy SKU Asset Check
3383001,https://www.mcas.com.au/assets/full/3383001.webp,MCAS Legacy SKU Asset Check
3385001,https://www.mcas.com.au/assets/full/3385001.webp,MCAS Legacy SKU Asset Check
34552015G,https://www.mcas.com.au/assets/full/34552015G.jpg,MCAS Legacy SKU Asset Check
344A52014,https://www.mcas.com.au/assets/full/344A52014.jpg,MCAS Legacy SKU Asset Check
34552014G,https://www.mcas.com.au/assets/full/34552014G.jpg,MCAS Legacy SKU Asset Check
351KIT,https://www.mcas.com.au/assets/full/351KIT.jpg,MCAS Legacy SKU Asset Check
351FZ,https://www.mcas.com.au/assets/full/351FZ.jpg,MCAS Legacy SKU Asset Check
355F,https://www.mcas.com.au/assets/full/355F.jpg,MCAS Legacy SKU Asset Check
35652013G,https://www.mcas.com.au/assets/full/35652013G.jpg,MCAS Legacy SKU Asset Check
356FZ,https://www.mcas.com.au/assets/full/356FZ.jpg,MCAS Legacy SKU Asset Check
35852042PHA,https://www.mcas.com.au/assets/full/35852042PHA.jpg,MCAS Legacy SKU Asset Check
357A52043,https://www.mcas.com.au/assets/full/357A52043.jpg,MCAS Legacy SKU Asset Check
35852036PHA,https://www.mcas.com.au/assets/full/35852036PHA.jpg,MCAS Legacy SKU Asset Check
35852038PHA,https://www.mcas.com.au/assets/full/35852038PHA.jpg,MCAS Legacy SKU Asset Check
35852039PHA,https://www.mcas.com.au/assets/full/35852039PHA.jpg,MCAS Legacy SKU Asset Check
35852040PHA,https://www.mcas.com.au/assets/full/35852040PHA.jpg,MCAS Legacy SKU Asset Check
3600041,https://www.mcas.com.au/assets/full/3600041.jpg,MCAS Legacy SKU Asset Check
3600001,https://www.mcas.com.au/assets/full/3600001.jpg,MCAS Legacy SKU Asset Check
36004041,https://www.mcas.com.au/assets/full/36004041.jpg,MCAS Legacy SKU Asset Check
36004001,https://www.mcas.com.au/assets/full/36004001.jpg,MCAS Legacy SKU Asset Check
3601041,https://www.mcas.com.au/assets/full/3601041.jpg,MCAS Legacy SKU Asset Check
3601001,https://www.mcas.com.au/assets/full/3601001.jpg,MCAS Legacy SKU Asset Check
3602001,https://www.mcas.com.au/assets/full/3602001.jpg,MCAS Legacy SKU Asset Check
3600067,https://www.mcas.com.au/assets/full/3600067.jpg,MCAS Legacy SKU Asset Check
3602041,https://www.mcas.com.au/assets/full/3602041.jpg,MCAS Legacy SKU Asset Check
3605070,https://www.mcas.com.au/assets/full/3605070.jpg,MCAS Legacy SKU Asset Check
3602067,https://www.mcas.com.au/assets/full/3602067.jpg,MCAS Legacy SKU Asset Check
3607,https://www.mcas.com.au/assets/full/3607.jpg,MCAS Legacy SKU Asset Check
3610069,https://www.mcas.com.au/assets/full/3610069.jpg,MCAS Legacy SKU Asset Check
3612041,https://www.mcas.com.au/assets/full/3612041.jpg,MCAS Legacy SKU Asset Check
3610041,https://www.mcas.com.au/assets/full/3610041.jpg,MCAS Legacy SKU Asset Check
3623070,https://www.mcas.com.au/assets/full/3623070.jpg,MCAS Legacy SKU Asset Check
3624041,https://www.mcas.com.au/assets/full/3624041.jpg,MCAS Legacy SKU Asset Check
3622,https://www.mcas.com.au/assets/full/3622.jpg,MCAS Legacy SKU Asset Check
3624070,https://www.mcas.com.au/assets/full/3624070.jpg,MCAS Legacy SKU Asset Check
360A52013GP,https://www.mcas.com.au/assets/full/360A52013GP.jpg,MCAS Legacy SKU Asset Check
3611069,https://www.mcas.com.au/assets/full/3611069.jpg,MCAS Legacy SKU Asset Check
36004089,https://www.mcas.com.au/assets/full/36004089.webp,MCAS Legacy SKU Asset Check
3611041,https://www.mcas.com.au/assets/full/3611041.jpg,MCAS Legacy SKU Asset Check
3625070,https://www.mcas.com.au/assets/full/3625070.jpg,MCAS Legacy SKU Asset Check
3626041,https://www.mcas.com.au/assets/full/3626041.jpg,MCAS Legacy SKU Asset Check
3623001,https://www.mcas.com.au/assets/full/3623001.jpg,MCAS Legacy SKU Asset Check
3627070,https://www.mcas.com.au/assets/full/3627070.jpg,MCAS Legacy SKU Asset Check
3624001,https://www.mcas.com.au/assets/full/3624001.jpg,MCAS Legacy SKU Asset Check
3627001,https://www.mcas.com.au/assets/full/3627001.jpg,MCAS Legacy SKU Asset Check
3627041,https://www.mcas.com.au/assets/full/3627041.jpg,MCAS Legacy SKU Asset Check
3631001,https://www.mcas.com.au/assets/full/3631001.jpg,MCAS Legacy SKU Asset Check
3632001,https://www.mcas.com.au/assets/full/3632001.jpg,MCAS Legacy SKU Asset Check
3633041,https://www.mcas.com.au/assets/full/3633041.jpg,MCAS Legacy SKU Asset Check
3631041,https://www.mcas.com.au/assets/full/3631041.jpg,MCAS Legacy SKU Asset Check
3630070,https://www.mcas.com.au/assets/full/3630070.jpg,MCAS Legacy SKU Asset Check
3633001,https://www.mcas.com.au/assets/full/3633001.jpg,MCAS Legacy SKU Asset Check
3633070,https://www.mcas.com.au/assets/full/3633070.jpg,MCAS Legacy SKU Asset Check
3634001,https://www.mcas.com.au/assets/full/3634001.jpg,MCAS Legacy SKU Asset Check
3632041,https://www.mcas.com.au/assets/full/3632041.jpg,MCAS Legacy SKU Asset Check
3632070,https://www.mcas.com.au/assets/full/3632070.jpg,MCAS Legacy SKU Asset Check
3634041,https://www.mcas.com.au/assets/full/3634041.jpg,MCAS Legacy SKU Asset Check
361F,https://www.mcas.com.au/assets/full/361F.webp,MCAS Legacy SKU Asset Check
3634070,https://www.mcas.com.au/assets/full/3634070.jpg,MCAS Legacy SKU Asset Check
3635001,https://www.mcas.com.au/assets/full/3635001.jpg,MCAS Legacy SKU Asset Check
3635041,https://www.mcas.com.au/assets/full/3635041.jpg,MCAS Legacy SKU Asset Check
3636001,https://www.mcas.com.au/assets/full/3636001.jpg,MCAS Legacy SKU Asset Check
3636070,https://www.mcas.com.au/assets/full/3636070.jpg,MCAS Legacy SKU Asset Check
3637041,https://www.mcas.com.au/assets/full/3637041.jpg,MCAS Legacy SKU Asset Check
3636041,https://www.mcas.com.au/assets/full/3636041.jpg,MCAS Legacy SKU Asset Check
3638070,https://www.mcas.com.au/assets/full/3638070.jpg,MCAS Legacy SKU Asset Check
3641070,https://www.mcas.com.au/assets/full/3641070.jpg,MCAS Legacy SKU Asset Check
3642041,https://www.mcas.com.au/assets/full/3642041.jpg,MCAS Legacy SKU Asset Check
3639280,https://www.mcas.com.au/assets/full/3639280.jpg,MCAS Legacy SKU Asset Check
3642001,https://www.mcas.com.au/assets/full/3642001.jpg,MCAS Legacy SKU Asset Check
3629,https://www.mcas.com.au/assets/full/3629.webp,MCAS Legacy SKU Asset Check
3640280,https://www.mcas.com.au/assets/full/3640280.jpg,MCAS Legacy SKU Asset Check
3643070,https://www.mcas.com.au/assets/full/3643070.jpg,MCAS Legacy SKU Asset Check
3644001,https://www.mcas.com.au/assets/full/3644001.jpg,MCAS Legacy SKU Asset Check
3644041,https://www.mcas.com.au/assets/full/3644041.jpg,MCAS Legacy SKU Asset Check
3647041,https://www.mcas.com.au/assets/full/3647041.jpg,MCAS Legacy SKU Asset Check
3645001,https://www.mcas.com.au/assets/full/3645001.jpg,MCAS Legacy SKU Asset Check
3646001,https://www.mcas.com.au/assets/full/3646001.jpg,MCAS Legacy SKU Asset Check
364FZ,https://www.mcas.com.au/assets/full/364FZ.jpg,MCAS Legacy SKU Asset Check
3645070,https://www.mcas.com.au/assets/full/3645070.jpg,MCAS Legacy SKU Asset Check
3647001,https://www.mcas.com.au/assets/full/3647001.jpg,MCAS Legacy SKU Asset Check
3646070,https://www.mcas.com.au/assets/full/3646070.jpg,MCAS Legacy SKU Asset Check
3638001,https://www.mcas.com.au/assets/full/3638001.webp,MCAS Legacy SKU Asset Check
3649280,https://www.mcas.com.au/assets/full/3649280.jpg,MCAS Legacy SKU Asset Check
3655070,https://www.mcas.com.au/assets/full/3655070.jpg,MCAS Legacy SKU Asset Check
3641001,https://www.mcas.com.au/assets/full/3641001.webp,MCAS Legacy SKU Asset Check
3641041,https://www.mcas.com.au/assets/full/3641041.webp,MCAS Legacy SKU Asset Check
3643041,https://www.mcas.com.au/assets/full/3643041.webp,MCAS Legacy SKU Asset Check
3657001,https://www.mcas.com.au/assets/full/3657001.jpg,MCAS Legacy SKU Asset Check
3656001,https://www.mcas.com.au/assets/full/3656001.jpg,MCAS Legacy SKU Asset Check
3656041,https://www.mcas.com.au/assets/full/3656041.jpg,MCAS Legacy SKU Asset Check
3658041,https://www.mcas.com.au/assets/full/3658041.jpg,MCAS Legacy SKU Asset Check
365KIT,https://www.mcas.com.au/assets/full/365KIT.jpg,MCAS Legacy SKU Asset Check
3644070,https://www.mcas.com.au/assets/full/3644070.webp,MCAS Legacy SKU Asset Check
3657041,https://www.mcas.com.au/assets/full/3657041.jpg,MCAS Legacy SKU Asset Check
3657070,https://www.mcas.com.au/assets/full/3657070.jpg,MCAS Legacy SKU Asset Check
3659001,https://www.mcas.com.au/assets/full/3659001.jpg,MCAS Legacy SKU Asset Check
3660001,https://www.mcas.com.au/assets/full/3660001.jpg,MCAS Legacy SKU Asset Check
3645041,https://www.mcas.com.au/assets/full/3645041.webp,MCAS Legacy SKU Asset Check
3661001,https://www.mcas.com.au/assets/full/3661001.jpg,MCAS Legacy SKU Asset Check
3662001,https://www.mcas.com.au/assets/full/3662001.jpg,MCAS Legacy SKU Asset Check
3663070,https://www.mcas.com.au/assets/full/3663070.jpg,MCAS Legacy SKU Asset Check
3662041,https://www.mcas.com.au/assets/full/3662041.jpg,MCAS Legacy SKU Asset Check
3666070,https://www.mcas.com.au/assets/full/3666070.jpg,MCAS Legacy SKU Asset Check
3663041,https://www.mcas.com.au/assets/full/3663041.jpg,MCAS Legacy SKU Asset Check
3664041,https://www.mcas.com.au/assets/full/3664041.jpg,MCAS Legacy SKU Asset Check
3662070,https://www.mcas.com.au/assets/full/3662070.jpg,MCAS Legacy SKU Asset Check
3664001,https://www.mcas.com.au/assets/full/3664001.jpg,MCAS Legacy SKU Asset Check
3664070,https://www.mcas.com.au/assets/full/3664070.jpg,MCAS Legacy SKU Asset Check
3655041,https://www.mcas.com.au/assets/full/3655041.webp,MCAS Legacy SKU Asset Check
3665070,https://www.mcas.com.au/assets/full/3665070.jpg,MCAS Legacy SKU Asset Check
366FZ,https://www.mcas.com.au/assets/full/366FZ.jpg,MCAS Legacy SKU Asset Check
3665041,https://www.mcas.com.au/assets/full/3665041.jpg,MCAS Legacy SKU Asset Check
3666041,https://www.mcas.com.au/assets/full/3666041.jpg,MCAS Legacy SKU Asset Check
366KIT,https://www.mcas.com.au/assets/full/366KIT.jpg,MCAS Legacy SKU Asset Check
3666001,https://www.mcas.com.au/assets/full/3666001.jpg,MCAS Legacy SKU Asset Check
3658070,https://www.mcas.com.au/assets/full/3658070.webp,MCAS Legacy SKU Asset Check
3672001,https://www.mcas.com.au/assets/full/3672001.jpg,MCAS Legacy SKU Asset Check
3672070,https://www.mcas.com.au/assets/full/3672070.jpg,MCAS Legacy SKU Asset Check
3672067,https://www.mcas.com.au/assets/full/3672067.jpg,MCAS Legacy SKU Asset Check
36752040,https://www.mcas.com.au/assets/full/36752040.jpg,MCAS Legacy SKU Asset Check
36752041,https://www.mcas.com.au/assets/full/36752041.jpg,MCAS Legacy SKU Asset Check
36752044,https://www.mcas.com.au/assets/full/36752044.jpg,MCAS Legacy SKU Asset Check
3672041,https://www.mcas.com.au/assets/full/3672041.jpg,MCAS Legacy SKU Asset Check
3677041,https://www.mcas.com.au/assets/full/3677041.jpg,MCAS Legacy SKU Asset Check
3676069,https://www.mcas.com.au/assets/full/3676069.jpg,MCAS Legacy SKU Asset Check
3671001,https://www.mcas.com.au/assets/full/3671001.jpg,MCAS Legacy SKU Asset Check
36852014P,https://www.mcas.com.au/assets/full/36852014P.jpg,MCAS Legacy SKU Asset Check
3688001,https://www.mcas.com.au/assets/full/3688001.jpg,MCAS Legacy SKU Asset Check
3688041,https://www.mcas.com.au/assets/full/3688041.jpg,MCAS Legacy SKU Asset Check
3675069,https://www.mcas.com.au/assets/full/3675069.jpg,MCAS Legacy SKU Asset Check
3678069,https://www.mcas.com.au/assets/full/3678069.jpg,MCAS Legacy SKU Asset Check
3689001,https://www.mcas.com.au/assets/full/3689001.jpg,MCAS Legacy SKU Asset Check
3689070,https://www.mcas.com.au/assets/full/3689070.jpg,MCAS Legacy SKU Asset Check
3688070,https://www.mcas.com.au/assets/full/3688070.jpg,MCAS Legacy SKU Asset Check
3690001,https://www.mcas.com.au/assets/full/3690001.jpg,MCAS Legacy SKU Asset Check
3689041,https://www.mcas.com.au/assets/full/3689041.jpg,MCAS Legacy SKU Asset Check
3690070,https://www.mcas.com.au/assets/full/3690070.jpg,MCAS Legacy SKU Asset Check
3690041,https://www.mcas.com.au/assets/full/3690041.jpg,MCAS Legacy SKU Asset Check
3667340,https://www.mcas.com.au/assets/full/3667340.webp,MCAS Legacy SKU Asset Check
3693041,https://www.mcas.com.au/assets/full/3693041.jpg,MCAS Legacy SKU Asset Check
3691001,https://www.mcas.com.au/assets/full/3691001.jpg,MCAS Legacy SKU Asset Check
3693001,https://www.mcas.com.au/assets/full/3693001.jpg,MCAS Legacy SKU Asset Check
3698070,https://www.mcas.com.au/assets/full/3698070.jpg,MCAS Legacy SKU Asset Check
3698001,https://www.mcas.com.au/assets/full/3698001.jpg,MCAS Legacy SKU Asset Check
3698041,https://www.mcas.com.au/assets/full/3698041.jpg,MCAS Legacy SKU Asset Check
3693070,https://www.mcas.com.au/assets/full/3693070.jpg,MCAS Legacy SKU Asset Check
3694041,https://www.mcas.com.au/assets/full/3694041.jpg,MCAS Legacy SKU Asset Check
3695001,https://www.mcas.com.au/assets/full/3695001.jpg,MCAS Legacy SKU Asset Check
3694001,https://www.mcas.com.au/assets/full/3694001.jpg,MCAS Legacy SKU Asset Check
3694070,https://www.mcas.com.au/assets/full/3694070.jpg,MCAS Legacy SKU Asset Check
3699001,https://www.mcas.com.au/assets/full/3699001.png,MCAS Legacy SKU Asset Check
3695070,https://www.mcas.com.au/assets/full/3695070.webp,MCAS Legacy SKU Asset Check
3701026,https://www.mcas.com.au/assets/full/3701026.jpg,MCAS Legacy SKU Asset Check
3701001,https://www.mcas.com.au/assets/full/3701001.jpg,MCAS Legacy SKU Asset Check
3709047,https://www.mcas.com.au/assets/full/3709047.jpg,MCAS Legacy SKU Asset Check
3703,https://www.mcas.com.au/assets/full/3703.jpg,MCAS Legacy SKU Asset Check
3704001,https://www.mcas.com.au/assets/full/3704001.jpg,MCAS Legacy SKU Asset Check
3704280,https://www.mcas.com.au/assets/full/3704280.jpg,MCAS Legacy SKU Asset Check
3701047,https://www.mcas.com.au/assets/full/3701047.jpg,MCAS Legacy SKU Asset Check
3715026,https://www.mcas.com.au/assets/full/3715026.jpg,MCAS Legacy SKU Asset Check
3711280,https://www.mcas.com.au/assets/full/3711280.jpg,MCAS Legacy SKU Asset Check
3709001,https://www.mcas.com.au/assets/full/3709001.jpg,MCAS Legacy SKU Asset Check
3713026,https://www.mcas.com.au/assets/full/3713026.jpg,MCAS Legacy SKU Asset Check
3717026,https://www.mcas.com.au/assets/full/3717026.jpg,MCAS Legacy SKU Asset Check
3712047,https://www.mcas.com.au/assets/full/3712047.png,MCAS Legacy SKU Asset Check
3721001,https://www.mcas.com.au/assets/full/3721001.jpg,MCAS Legacy SKU Asset Check
3719280,https://www.mcas.com.au/assets/full/3719280.jpg,MCAS Legacy SKU Asset Check
3720026,https://www.mcas.com.au/assets/full/3720026.jpg,MCAS Legacy SKU Asset Check
3709021,https://www.mcas.com.au/assets/full/3709021.webp,MCAS Legacy SKU Asset Check
3722026,https://www.mcas.com.au/assets/full/3722026.jpg,MCAS Legacy SKU Asset Check
3728001,https://www.mcas.com.au/assets/full/3728001.jpg,MCAS Legacy SKU Asset Check
3731001,https://www.mcas.com.au/assets/full/3731001.jpg,MCAS Legacy SKU Asset Check
3707001,https://www.mcas.com.au/assets/full/3707001.webp,MCAS Legacy SKU Asset Check
3730001,https://www.mcas.com.au/assets/full/3730001.jpg,MCAS Legacy SKU Asset Check
3730026,https://www.mcas.com.au/assets/full/3730026.jpg,MCAS Legacy SKU Asset Check
3722001,https://www.mcas.com.au/assets/full/3722001.jpg,MCAS Legacy SKU Asset Check
3736001,https://www.mcas.com.au/assets/full/3736001.jpg,MCAS Legacy SKU Asset Check
3733026,https://www.mcas.com.au/assets/full/3733026.jpg,MCAS Legacy SKU Asset Check
3733001,https://www.mcas.com.au/assets/full/3733001.jpg,MCAS Legacy SKU Asset Check
3732047,https://www.mcas.com.au/assets/full/3732047.jpg,MCAS Legacy SKU Asset Check
3731026,https://www.mcas.com.au/assets/full/3731026.jpg,MCAS Legacy SKU Asset Check
3737026,https://www.mcas.com.au/assets/full/3737026.jpg,MCAS Legacy SKU Asset Check
3721026,https://www.mcas.com.au/assets/full/3721026.png,MCAS Legacy SKU Asset Check
3734026,https://www.mcas.com.au/assets/full/3734026.jpg,MCAS Legacy SKU Asset Check
3734001,https://www.mcas.com.au/assets/full/3734001.jpg,MCAS Legacy SKU Asset Check
3736026,https://www.mcas.com.au/assets/full/3736026.jpg,MCAS Legacy SKU Asset Check
3740047,https://www.mcas.com.au/assets/full/3740047.jpg,MCAS Legacy SKU Asset Check
3737001,https://www.mcas.com.au/assets/full/3737001.jpg,MCAS Legacy SKU Asset Check
3743047,https://www.mcas.com.au/assets/full/3743047.jpg,MCAS Legacy SKU Asset Check
3738001,https://www.mcas.com.au/assets/full/3738001.jpg,MCAS Legacy SKU Asset Check
3740001,https://www.mcas.com.au/assets/full/3740001.jpg,MCAS Legacy SKU Asset Check
3739047,https://www.mcas.com.au/assets/full/3739047.jpg,MCAS Legacy SKU Asset Check
3738026,https://www.mcas.com.au/assets/full/3738026.jpg,MCAS Legacy SKU Asset Check
3739026,https://www.mcas.com.au/assets/full/3739026.jpg,MCAS Legacy SKU Asset Check
3755001,https://www.mcas.com.au/assets/full/3755001.jpg,MCAS Legacy SKU Asset Check
3721047,https://www.mcas.com.au/assets/full/3721047.webp,MCAS Legacy SKU Asset Check
3754001,https://www.mcas.com.au/assets/full/3754001.jpg,MCAS Legacy SKU Asset Check
3739001,https://www.mcas.com.au/assets/full/3739001.jpg,MCAS Legacy SKU Asset Check
3750001,https://www.mcas.com.au/assets/full/3750001.jpg,MCAS Legacy SKU Asset Check
3741026,https://www.mcas.com.au/assets/full/3741026.jpg,MCAS Legacy SKU Asset Check
3742026,https://www.mcas.com.au/assets/full/3742026.jpg,MCAS Legacy SKU Asset Check
3748026,https://www.mcas.com.au/assets/full/3748026.jpg,MCAS Legacy SKU Asset Check
3759001,https://www.mcas.com.au/assets/full/3759001.jpg,MCAS Legacy SKU Asset Check
3756001,https://www.mcas.com.au/assets/full/3756001.jpg,MCAS Legacy SKU Asset Check
3755026,https://www.mcas.com.au/assets/full/3755026.jpg,MCAS Legacy SKU Asset Check
3764001,https://www.mcas.com.au/assets/full/3764001.jpg,MCAS Legacy SKU Asset Check
3755047,https://www.mcas.com.au/assets/full/3755047.jpg,MCAS Legacy SKU Asset Check
3757001,https://www.mcas.com.au/assets/full/3757001.jpg,MCAS Legacy SKU Asset Check
3757026,https://www.mcas.com.au/assets/full/3757026.jpg,MCAS Legacy SKU Asset Check
3756026,https://www.mcas.com.au/assets/full/3756026.jpg,MCAS Legacy SKU Asset Check
3761001,https://www.mcas.com.au/assets/full/3761001.jpg,MCAS Legacy SKU Asset Check
3762001,https://www.mcas.com.au/assets/full/3762001.jpg,MCAS Legacy SKU Asset Check
3760280,https://www.mcas.com.au/assets/full/3760280.jpg,MCAS Legacy SKU Asset Check
3760001,https://www.mcas.com.au/assets/full/3760001.jpg,MCAS Legacy SKU Asset Check
3764047,https://www.mcas.com.au/assets/full/3764047.jpg,MCAS Legacy SKU Asset Check
3766001,https://www.mcas.com.au/assets/full/3766001.jpg,MCAS Legacy SKU Asset Check
3766026,https://www.mcas.com.au/assets/full/3766026.jpg,MCAS Legacy SKU Asset Check
3767001,https://www.mcas.com.au/assets/full/3767001.jpg,MCAS Legacy SKU Asset Check
3767026,https://www.mcas.com.au/assets/full/3767026.jpg,MCAS Legacy SKU Asset Check
3768001,https://www.mcas.com.au/assets/full/3768001.jpg,MCAS Legacy SKU Asset Check
3778001,https://www.mcas.com.au/assets/full/3778001.jpg,MCAS Legacy SKU Asset Check
3768047,https://www.mcas.com.au/assets/full/3768047.jpg,MCAS Legacy SKU Asset Check
3771001,https://www.mcas.com.au/assets/full/3771001.jpg,MCAS Legacy SKU Asset Check
3772001,https://www.mcas.com.au/assets/full/3772001.jpg,MCAS Legacy SKU Asset Check
3770026,https://www.mcas.com.au/assets/full/3770026.jpg,MCAS Legacy SKU Asset Check
3773001,https://www.mcas.com.au/assets/full/3773001.jpg,MCAS Legacy SKU Asset Check
3770001,https://www.mcas.com.au/assets/full/3770001.jpg,MCAS Legacy SKU Asset Check
3778280,https://www.mcas.com.au/assets/full/3778280.jpg,MCAS Legacy SKU Asset Check
3783026,https://www.mcas.com.au/assets/full/3783026.jpg,MCAS Legacy SKU Asset Check
3784026,https://www.mcas.com.au/assets/full/3784026.jpg,MCAS Legacy SKU Asset Check
3771047,https://www.mcas.com.au/assets/full/3771047.jpg,MCAS Legacy SKU Asset Check
3759021,https://www.mcas.com.au/assets/full/3759021.webp,MCAS Legacy SKU Asset Check
3787026,https://www.mcas.com.au/assets/full/3787026.jpg,MCAS Legacy SKU Asset Check
3789001,https://www.mcas.com.au/assets/full/3789001.jpg,MCAS Legacy SKU Asset Check
3788001,https://www.mcas.com.au/assets/full/3788001.jpg,MCAS Legacy SKU Asset Check
3790001,https://www.mcas.com.au/assets/full/3790001.jpg,MCAS Legacy SKU Asset Check
3789026,https://www.mcas.com.au/assets/full/3789026.jpg,MCAS Legacy SKU Asset Check
3791001,https://www.mcas.com.au/assets/full/3791001.jpg,MCAS Legacy SKU Asset Check
3796001,https://www.mcas.com.au/assets/full/3796001.jpg,MCAS Legacy SKU Asset Check
3798047,https://www.mcas.com.au/assets/full/3798047.jpg,MCAS Legacy SKU Asset Check
3795001,https://www.mcas.com.au/assets/full/3795001.jpg,MCAS Legacy SKU Asset Check
3797001,https://www.mcas.com.au/assets/full/3797001.jpg,MCAS Legacy SKU Asset Check
3768041,https://www.mcas.com.au/assets/full/3768041.webp,MCAS Legacy SKU Asset Check
3796047,https://www.mcas.com.au/assets/full/3796047.jpg,MCAS Legacy SKU Asset Check
3791026,https://www.mcas.com.au/assets/full/3791026.jpg,MCAS Legacy SKU Asset Check
3796026,https://www.mcas.com.au/assets/full/3796026.jpg,MCAS Legacy SKU Asset Check
3797026,https://www.mcas.com.au/assets/full/3797026.jpg,MCAS Legacy SKU Asset Check
3798026,https://www.mcas.com.au/assets/full/3798026.jpg,MCAS Legacy SKU Asset Check
3798001,https://www.mcas.com.au/assets/full/3798001.jpg,MCAS Legacy SKU Asset Check
3797047,https://www.mcas.com.au/assets/full/3797047.jpg,MCAS Legacy SKU Asset Check
3799026,https://www.mcas.com.au/assets/full/3799026.jpg,MCAS Legacy SKU Asset Check
3799001,https://www.mcas.com.au/assets/full/3799001.jpg,MCAS Legacy SKU Asset Check
3799047,https://www.mcas.com.au/assets/full/3799047.jpg,MCAS Legacy SKU Asset Check
3803046,https://www.mcas.com.au/assets/full/3803046.jpg,MCAS Legacy SKU Asset Check
3806001,https://www.mcas.com.au/assets/full/3806001.jpg,MCAS Legacy SKU Asset Check
3803001,https://www.mcas.com.au/assets/full/3803001.jpg,MCAS Legacy SKU Asset Check
3803089,https://www.mcas.com.au/assets/full/3803089.jpg,MCAS Legacy SKU Asset Check
3811046,https://www.mcas.com.au/assets/full/3811046.jpg,MCAS Legacy SKU Asset Check
3814089,https://www.mcas.com.au/assets/full/3814089.jpg,MCAS Legacy SKU Asset Check
3810089,https://www.mcas.com.au/assets/full/3810089.jpg,MCAS Legacy SKU Asset Check
3822089,https://www.mcas.com.au/assets/full/3822089.jpg,MCAS Legacy SKU Asset Check
3811089,https://www.mcas.com.au/assets/full/3811089.jpg,MCAS Legacy SKU Asset Check
3815089,https://www.mcas.com.au/assets/full/3815089.jpg,MCAS Legacy SKU Asset Check
3826046,https://www.mcas.com.au/assets/full/3826046.jpg,MCAS Legacy SKU Asset Check
3822001,https://www.mcas.com.au/assets/full/3822001.jpg,MCAS Legacy SKU Asset Check
3823046,https://www.mcas.com.au/assets/full/3823046.jpg,MCAS Legacy SKU Asset Check
3823089,https://www.mcas.com.au/assets/full/3823089.jpg,MCAS Legacy SKU Asset Check
3827001,https://www.mcas.com.au/assets/full/3827001.jpg,MCAS Legacy SKU Asset Check
3823001,https://www.mcas.com.au/assets/full/3823001.jpg,MCAS Legacy SKU Asset Check
3822046,https://www.mcas.com.au/assets/full/3822046.jpg,MCAS Legacy SKU Asset Check
3827089,https://www.mcas.com.au/assets/full/3827089.jpg,MCAS Legacy SKU Asset Check
3807001,https://www.mcas.com.au/assets/full/3807001.webp,MCAS Legacy SKU Asset Check
3845089,https://www.mcas.com.au/assets/full/3845089.jpg,MCAS Legacy SKU Asset Check
3830001,https://www.mcas.com.au/assets/full/3830001.jpg,MCAS Legacy SKU Asset Check
3845046,https://www.mcas.com.au/assets/full/3845046.jpg,MCAS Legacy SKU Asset Check
3810046,https://www.mcas.com.au/assets/full/3810046.webp,MCAS Legacy SKU Asset Check
3845001,https://www.mcas.com.au/assets/full/3845001.jpg,MCAS Legacy SKU Asset Check
3832089,https://www.mcas.com.au/assets/full/3832089.jpg,MCAS Legacy SKU Asset Check
3846046,https://www.mcas.com.au/assets/full/3846046.jpg,MCAS Legacy SKU Asset Check
3846001,https://www.mcas.com.au/assets/full/3846001.jpg,MCAS Legacy SKU Asset Check
3851280,https://www.mcas.com.au/assets/full/3851280.jpg,MCAS Legacy SKU Asset Check
3846089,https://www.mcas.com.au/assets/full/3846089.jpg,MCAS Legacy SKU Asset Check
3847001,https://www.mcas.com.au/assets/full/3847001.jpg,MCAS Legacy SKU Asset Check
3847046,https://www.mcas.com.au/assets/full/3847046.jpg,MCAS Legacy SKU Asset Check
3855046,https://www.mcas.com.au/assets/full/3855046.jpg,MCAS Legacy SKU Asset Check
38552016,https://www.mcas.com.au/assets/full/38552016.jpg,MCAS Legacy SKU Asset Check
3847089,https://www.mcas.com.au/assets/full/3847089.jpg,MCAS Legacy SKU Asset Check
3857046,https://www.mcas.com.au/assets/full/3857046.jpg,MCAS Legacy SKU Asset Check
3848089,https://www.mcas.com.au/assets/full/3848089.jpg,MCAS Legacy SKU Asset Check
3855089,https://www.mcas.com.au/assets/full/3855089.jpg,MCAS Legacy SKU Asset Check
3856001,https://www.mcas.com.au/assets/full/3856001.jpg,MCAS Legacy SKU Asset Check
38552015,https://www.mcas.com.au/assets/full/38552015.jpg,MCAS Legacy SKU Asset Check
3856046,https://www.mcas.com.au/assets/full/3856046.jpg,MCAS Legacy SKU Asset Check
3857K001,https://www.mcas.com.au/assets/full/3857K001.jpg,MCAS Legacy SKU Asset Check
3857089,https://www.mcas.com.au/assets/full/3857089.jpg,MCAS Legacy SKU Asset Check
385U52017P,https://www.mcas.com.au/assets/full/385U52017P.jpg,MCAS Legacy SKU Asset Check
3857K089,https://www.mcas.com.au/assets/full/3857K089.jpg,MCAS Legacy SKU Asset Check
3862089,https://www.mcas.com.au/assets/full/3862089.jpg,MCAS Legacy SKU Asset Check
3861001,https://www.mcas.com.au/assets/full/3861001.jpg,MCAS Legacy SKU Asset Check
3861089,https://www.mcas.com.au/assets/full/3861089.jpg,MCAS Legacy SKU Asset Check
3861046,https://www.mcas.com.au/assets/full/3861046.jpg,MCAS Legacy SKU Asset Check
3863089,https://www.mcas.com.au/assets/full/3863089.jpg,MCAS Legacy SKU Asset Check
3862001,https://www.mcas.com.au/assets/full/3862001.jpg,MCAS Legacy SKU Asset Check
3863046,https://www.mcas.com.au/assets/full/3863046.jpg,MCAS Legacy SKU Asset Check
3865001,https://www.mcas.com.au/assets/full/3865001.jpg,MCAS Legacy SKU Asset Check
3865046,https://www.mcas.com.au/assets/full/3865046.jpg,MCAS Legacy SKU Asset Check
3862046,https://www.mcas.com.au/assets/full/3862046.jpg,MCAS Legacy SKU Asset Check
3863001,https://www.mcas.com.au/assets/full/3863001.jpg,MCAS Legacy SKU Asset Check
3864089,https://www.mcas.com.au/assets/full/3864089.jpg,MCAS Legacy SKU Asset Check
3869046,https://www.mcas.com.au/assets/full/3869046.jpg,MCAS Legacy SKU Asset Check
3866046,https://www.mcas.com.au/assets/full/3866046.jpg,MCAS Legacy SKU Asset Check
3866001,https://www.mcas.com.au/assets/full/3866001.jpg,MCAS Legacy SKU Asset Check
3866089,https://www.mcas.com.au/assets/full/3866089.jpg,MCAS Legacy SKU Asset Check
3872001,https://www.mcas.com.au/assets/full/3872001.jpg,MCAS Legacy SKU Asset Check
3874046,https://www.mcas.com.au/assets/full/3874046.jpg,MCAS Legacy SKU Asset Check
3872089,https://www.mcas.com.au/assets/full/3872089.jpg,MCAS Legacy SKU Asset Check
3867001,https://www.mcas.com.au/assets/full/3867001.jpg,MCAS Legacy SKU Asset Check
3868089,https://www.mcas.com.au/assets/full/3868089.jpg,MCAS Legacy SKU Asset Check
3872046,https://www.mcas.com.au/assets/full/3872046.jpg,MCAS Legacy SKU Asset Check
3875089,https://www.mcas.com.au/assets/full/3875089.jpg,MCAS Legacy SKU Asset Check
3867089,https://www.mcas.com.au/assets/full/3867089.jpg,MCAS Legacy SKU Asset Check
3870001,https://www.mcas.com.au/assets/full/3870001.jpg,MCAS Legacy SKU Asset Check
3871001,https://www.mcas.com.au/assets/full/3871001.jpg,MCAS Legacy SKU Asset Check
3879089,https://www.mcas.com.au/assets/full/3879089.jpg,MCAS Legacy SKU Asset Check
3880001,https://www.mcas.com.au/assets/full/3880001.jpg,MCAS Legacy SKU Asset Check
3878046,https://www.mcas.com.au/assets/full/3878046.jpg,MCAS Legacy SKU Asset Check
3878001,https://www.mcas.com.au/assets/full/3878001.jpg,MCAS Legacy SKU Asset Check
3880046,https://www.mcas.com.au/assets/full/3880046.jpg,MCAS Legacy SKU Asset Check
3880089,https://www.mcas.com.au/assets/full/3880089.jpg,MCAS Legacy SKU Asset Check
3879046,https://www.mcas.com.au/assets/full/3879046.jpg,MCAS Legacy SKU Asset Check
3881089,https://www.mcas.com.au/assets/full/3881089.jpg,MCAS Legacy SKU Asset Check
3882001,https://www.mcas.com.au/assets/full/3882001.jpg,MCAS Legacy SKU Asset Check
3879001,https://www.mcas.com.au/assets/full/3879001.jpg,MCAS Legacy SKU Asset Check
3881001,https://www.mcas.com.au/assets/full/3881001.jpg,MCAS Legacy SKU Asset Check
3881046,https://www.mcas.com.au/assets/full/3881046.jpg,MCAS Legacy SKU Asset Check
3883001,https://www.mcas.com.au/assets/full/3883001.jpg,MCAS Legacy SKU Asset Check
3882046,https://www.mcas.com.au/assets/full/3882046.jpg,MCAS Legacy SKU Asset Check
3882089,https://www.mcas.com.au/assets/full/3882089.jpg,MCAS Legacy SKU Asset Check
3869001,https://www.mcas.com.au/assets/full/3869001.webp,MCAS Legacy SKU Asset Check
3886046,https://www.mcas.com.au/assets/full/3886046.jpg,MCAS Legacy SKU Asset Check
3883046,https://www.mcas.com.au/assets/full/3883046.jpg,MCAS Legacy SKU Asset Check
3875046,https://www.mcas.com.au/assets/full/3875046.webp,MCAS Legacy SKU Asset Check
3887001,https://www.mcas.com.au/assets/full/3887001.jpg,MCAS Legacy SKU Asset Check
3887046,https://www.mcas.com.au/assets/full/3887046.jpg,MCAS Legacy SKU Asset Check
3888001,https://www.mcas.com.au/assets/full/3888001.jpg,MCAS Legacy SKU Asset Check
3875001,https://www.mcas.com.au/assets/full/3875001.webp,MCAS Legacy SKU Asset Check
3896046,https://www.mcas.com.au/assets/full/3896046.jpg,MCAS Legacy SKU Asset Check
3887089,https://www.mcas.com.au/assets/full/3887089.jpg,MCAS Legacy SKU Asset Check
3888046,https://www.mcas.com.au/assets/full/3888046.jpg,MCAS Legacy SKU Asset Check
3889001,https://www.mcas.com.au/assets/full/3889001.jpg,MCAS Legacy SKU Asset Check
3888089,https://www.mcas.com.au/assets/full/3888089.jpg,MCAS Legacy SKU Asset Check
3902001,https://www.mcas.com.au/assets/full/3902001.jpg,MCAS Legacy SKU Asset Check
3890001,https://www.mcas.com.au/assets/full/3890001.jpg,MCAS Legacy SKU Asset Check
3889046,https://www.mcas.com.au/assets/full/3889046.jpg,MCAS Legacy SKU Asset Check
3902102,https://www.mcas.com.au/assets/full/3902102.jpg,MCAS Legacy SKU Asset Check
3896089,https://www.mcas.com.au/assets/full/3896089.jpg,MCAS Legacy SKU Asset Check
3902101,https://www.mcas.com.au/assets/full/3902101.jpg,MCAS Legacy SKU Asset Check
3903001,https://www.mcas.com.au/assets/full/3903001.jpg,MCAS Legacy SKU Asset Check
3905001,https://www.mcas.com.au/assets/full/3905001.jpg,MCAS Legacy SKU Asset Check
3905041,https://www.mcas.com.au/assets/full/3905041.jpg,MCAS Legacy SKU Asset Check
3904041,https://www.mcas.com.au/assets/full/3904041.jpg,MCAS Legacy SKU Asset Check
3903101,https://www.mcas.com.au/assets/full/3903101.jpg,MCAS Legacy SKU Asset Check
3907280,https://www.mcas.com.au/assets/full/3907280.jpg,MCAS Legacy SKU Asset Check
3909,https://www.mcas.com.au/assets/full/3909.jpg,MCAS Legacy SKU Asset Check
3911102,https://www.mcas.com.au/assets/full/3911102.jpg,MCAS Legacy SKU Asset Check
3912001,https://www.mcas.com.au/assets/full/3912001.jpg,MCAS Legacy SKU Asset Check
3910102,https://www.mcas.com.au/assets/full/3910102.jpg,MCAS Legacy SKU Asset Check
3910041,https://www.mcas.com.au/assets/full/3910041.jpg,MCAS Legacy SKU Asset Check
3913102,https://www.mcas.com.au/assets/full/3913102.jpg,MCAS Legacy SKU Asset Check
3914001,https://www.mcas.com.au/assets/full/3914001.jpg,MCAS Legacy SKU Asset Check
3911001,https://www.mcas.com.au/assets/full/3911001.jpg,MCAS Legacy SKU Asset Check
3910001,https://www.mcas.com.au/assets/full/3910001.jpg,MCAS Legacy SKU Asset Check
3912102,https://www.mcas.com.au/assets/full/3912102.jpg,MCAS Legacy SKU Asset Check
3920102,https://www.mcas.com.au/assets/full/3920102.jpg,MCAS Legacy SKU Asset Check
3923102,https://www.mcas.com.au/assets/full/3923102.jpg,MCAS Legacy SKU Asset Check
3930102,https://www.mcas.com.au/assets/full/3930102.jpg,MCAS Legacy SKU Asset Check
3926041,https://www.mcas.com.au/assets/full/3926041.jpg,MCAS Legacy SKU Asset Check
3925102,https://www.mcas.com.au/assets/full/3925102.jpg,MCAS Legacy SKU Asset Check
3889089,https://www.mcas.com.au/assets/full/3889089.webp,MCAS Legacy SKU Asset Check
3923041,https://www.mcas.com.au/assets/full/3923041.jpg,MCAS Legacy SKU Asset Check
3924102,https://www.mcas.com.au/assets/full/3924102.jpg,MCAS Legacy SKU Asset Check
3930001,https://www.mcas.com.au/assets/full/3930001.jpg,MCAS Legacy SKU Asset Check
3929102,https://www.mcas.com.au/assets/full/3929102.jpg,MCAS Legacy SKU Asset Check
3933001,https://www.mcas.com.au/assets/full/3933001.jpg,MCAS Legacy SKU Asset Check
3927102,https://www.mcas.com.au/assets/full/3927102.jpg,MCAS Legacy SKU Asset Check
3932102,https://www.mcas.com.au/assets/full/3932102.jpg,MCAS Legacy SKU Asset Check
3931102,https://www.mcas.com.au/assets/full/3931102.jpg,MCAS Legacy SKU Asset Check
3931001,https://www.mcas.com.au/assets/full/3931001.jpg,MCAS Legacy SKU Asset Check
3931041,https://www.mcas.com.au/assets/full/3931041.jpg,MCAS Legacy SKU Asset Check
3913041,https://www.mcas.com.au/assets/full/3913041.webp,MCAS Legacy SKU Asset Check
3934001,https://www.mcas.com.au/assets/full/3934001.jpg,MCAS Legacy SKU Asset Check
3933102,https://www.mcas.com.au/assets/full/3933102.jpg,MCAS Legacy SKU Asset Check
3935280,https://www.mcas.com.au/assets/full/3935280.jpg,MCAS Legacy SKU Asset Check
3967102,https://www.mcas.com.au/assets/full/3967102.jpg,MCAS Legacy SKU Asset Check
3934102,https://www.mcas.com.au/assets/full/3934102.jpg,MCAS Legacy SKU Asset Check
3914041,https://www.mcas.com.au/assets/full/3914041.webp,MCAS Legacy SKU Asset Check
3963101,https://www.mcas.com.au/assets/full/3963101.jpg,MCAS Legacy SKU Asset Check
3962001,https://www.mcas.com.au/assets/full/3962001.jpg,MCAS Legacy SKU Asset Check
3937001,https://www.mcas.com.au/assets/full/3937001.jpg,MCAS Legacy SKU Asset Check
3960101,https://www.mcas.com.au/assets/full/3960101.jpg,MCAS Legacy SKU Asset Check
3963041,https://www.mcas.com.au/assets/full/3963041.jpg,MCAS Legacy SKU Asset Check
3936001,https://www.mcas.com.au/assets/full/3936001.jpg,MCAS Legacy SKU Asset Check
3935001,https://www.mcas.com.au/assets/full/3935001.jpg,MCAS Legacy SKU Asset Check
3970041,https://www.mcas.com.au/assets/full/3970041.jpg,MCAS Legacy SKU Asset Check
3968102,https://www.mcas.com.au/assets/full/3968102.jpg,MCAS Legacy SKU Asset Check
3969102,https://www.mcas.com.au/assets/full/3969102.jpg,MCAS Legacy SKU Asset Check
3964001,https://www.mcas.com.au/assets/full/3964001.jpg,MCAS Legacy SKU Asset Check
3932041,https://www.mcas.com.au/assets/full/3932041.webp,MCAS Legacy SKU Asset Check
3970101,https://www.mcas.com.au/assets/full/3970101.jpg,MCAS Legacy SKU Asset Check
3970102,https://www.mcas.com.au/assets/full/3970102.jpg,MCAS Legacy SKU Asset Check
3971102,https://www.mcas.com.au/assets/full/3971102.jpg,MCAS Legacy SKU Asset Check
3985102,https://www.mcas.com.au/assets/full/3985102.jpg,MCAS Legacy SKU Asset Check
3985001,https://www.mcas.com.au/assets/full/3985001.jpg,MCAS Legacy SKU Asset Check
3978102,https://www.mcas.com.au/assets/full/3978102.jpg,MCAS Legacy SKU Asset Check
3980102,https://www.mcas.com.au/assets/full/3980102.jpg,MCAS Legacy SKU Asset Check
3971101,https://www.mcas.com.au/assets/full/3971101.jpg,MCAS Legacy SKU Asset Check
3984101,https://www.mcas.com.au/assets/full/3984101.jpg,MCAS Legacy SKU Asset Check
3984102,https://www.mcas.com.au/assets/full/3984102.jpg,MCAS Legacy SKU Asset Check
3979102,https://www.mcas.com.au/assets/full/3979102.jpg,MCAS Legacy SKU Asset Check
3978101,https://www.mcas.com.au/assets/full/3978101.jpg,MCAS Legacy SKU Asset Check
3979101,https://www.mcas.com.au/assets/full/3979101.jpg,MCAS Legacy SKU Asset Check
39852015,https://www.mcas.com.au/assets/full/39852015.jpg,MCAS Legacy SKU Asset Check
3980101,https://www.mcas.com.au/assets/full/3980101.jpg,MCAS Legacy SKU Asset Check
3987001,https://www.mcas.com.au/assets/full/3987001.jpg,MCAS Legacy SKU Asset Check
39852014,https://www.mcas.com.au/assets/full/39852014.jpg,MCAS Legacy SKU Asset Check
3987102,https://www.mcas.com.au/assets/full/3987102.jpg,MCAS Legacy SKU Asset Check
3989102,https://www.mcas.com.au/assets/full/3989102.jpg,MCAS Legacy SKU Asset Check
3989041,https://www.mcas.com.au/assets/full/3989041.jpg,MCAS Legacy SKU Asset Check
3964101,https://www.mcas.com.au/assets/full/3964101.webp,MCAS Legacy SKU Asset Check
3991001,https://www.mcas.com.au/assets/full/3991001.jpg,MCAS Legacy SKU Asset Check
3989001,https://www.mcas.com.au/assets/full/3989001.jpg,MCAS Legacy SKU Asset Check
3997102,https://www.mcas.com.au/assets/full/3997102.jpg,MCAS Legacy SKU Asset Check
3996041,https://www.mcas.com.au/assets/full/3996041.jpg,MCAS Legacy SKU Asset Check
3998001,https://www.mcas.com.au/assets/full/3998001.jpg,MCAS Legacy SKU Asset Check
3998041,https://www.mcas.com.au/assets/full/3998041.jpg,MCAS Legacy SKU Asset Check
3997001,https://www.mcas.com.au/assets/full/3997001.jpg,MCAS Legacy SKU Asset Check
3996001,https://www.mcas.com.au/assets/full/3996001.jpg,MCAS Legacy SKU Asset Check
3988001,https://www.mcas.com.au/assets/full/3988001.webp,MCAS Legacy SKU Asset Check
3999001,https://www.mcas.com.au/assets/full/3999001.webp,MCAS Legacy SKU Asset Check
3999041,https://www.mcas.com.au/assets/full/3999041.webp,MCAS Legacy SKU Asset Check
527FZ,https://www.mcas.com.au/assets/full/527FZ.jpg,MCAS Legacy SKU Asset Check
529FZ,https://www.mcas.com.au/assets/full/529FZ.jpg,MCAS Legacy SKU Asset Check
525VX3GB124FB,https://www.mcas.com.au/assets/full/525VX3GB124FB.webp,MCAS Legacy SKU Asset Check
539FZ,https://www.mcas.com.au/assets/full/539FZ.jpg,MCAS Legacy SKU Asset Check
534FZ,https://www.mcas.com.au/assets/full/534FZ.jpg,MCAS Legacy SKU Asset Check
540FZ,https://www.mcas.com.au/assets/full/540FZ.jpg,MCAS Legacy SKU Asset Check
541FZ,https://www.mcas.com.au/assets/full/541FZ.jpg,MCAS Legacy SKU Asset Check
5600DTD5600KIT,https://www.mcas.com.au/assets/full/5600DTD5600KIT.jpg,MCAS Legacy SKU Asset Check
5603001,https://www.mcas.com.au/assets/full/5603001.jpg,MCAS Legacy SKU Asset Check
5604070,https://www.mcas.com.au/assets/full/5604070.jpg,MCAS Legacy SKU Asset Check
5604001,https://www.mcas.com.au/assets/full/5604001.jpg,MCAS Legacy SKU Asset Check
5606A,https://www.mcas.com.au/assets/full/5606A.jpg,MCAS Legacy SKU Asset Check
5606070,https://www.mcas.com.au/assets/full/5606070.jpg,MCAS Legacy SKU Asset Check
5601041,https://www.mcas.com.au/assets/full/5601041.webp,MCAS Legacy SKU Asset Check
5603070,https://www.mcas.com.au/assets/full/5603070.png,MCAS Legacy SKU Asset Check
5607001,https://www.mcas.com.au/assets/full/5607001.jpg,MCAS Legacy SKU Asset Check
5603041,https://www.mcas.com.au/assets/full/5603041.png,MCAS Legacy SKU Asset Check
5604041,https://www.mcas.com.au/assets/full/5604041.png,MCAS Legacy SKU Asset Check
5601070,https://www.mcas.com.au/assets/full/5601070.webp,MCAS Legacy SKU Asset Check
5605041,https://www.mcas.com.au/assets/full/5605041.png,MCAS Legacy SKU Asset Check
5605001,https://www.mcas.com.au/assets/full/5605001.png,MCAS Legacy SKU Asset Check
5607070,https://www.mcas.com.au/assets/full/5607070.jpg,MCAS Legacy SKU Asset Check
5605070,https://www.mcas.com.au/assets/full/5605070.png,MCAS Legacy SKU Asset Check
5610001,https://www.mcas.com.au/assets/full/5610001.jpg,MCAS Legacy SKU Asset Check
5606041,https://www.mcas.com.au/assets/full/5606041.png,MCAS Legacy SKU Asset Check
5606001,https://www.mcas.com.au/assets/full/5606001.png,MCAS Legacy SKU Asset Check
5611070,https://www.mcas.com.au/assets/full/5611070.jpg,MCAS Legacy SKU Asset Check
5607041,https://www.mcas.com.au/assets/full/5607041.png,MCAS Legacy SKU Asset Check
5608001,https://www.mcas.com.au/assets/full/5608001.webp,MCAS Legacy SKU Asset Check
5614041,https://www.mcas.com.au/assets/full/5614041.webp,MCAS Legacy SKU Asset Check
5614001,https://www.mcas.com.au/assets/full/5614001.webp,MCAS Legacy SKU Asset Check
5614070,https://www.mcas.com.au/assets/full/5614070.webp,MCAS Legacy SKU Asset Check
5611001,https://www.mcas.com.au/assets/full/5611001.webp,MCAS Legacy SKU Asset Check
5615070,https://www.mcas.com.au/assets/full/5615070.webp,MCAS Legacy SKU Asset Check
5615001,https://www.mcas.com.au/assets/full/5615001.webp,MCAS Legacy SKU Asset Check
5616001,https://www.mcas.com.au/assets/full/5616001.webp,MCAS Legacy SKU Asset Check
5615041,https://www.mcas.com.au/assets/full/5615041.webp,MCAS Legacy SKU Asset Check
5618001,https://www.mcas.com.au/assets/full/5618001.webp,MCAS Legacy SKU Asset Check
5616041,https://www.mcas.com.au/assets/full/5616041.webp,MCAS Legacy SKU Asset Check
5616070,https://www.mcas.com.au/assets/full/5616070.webp,MCAS Legacy SKU Asset Check
5619041,https://www.mcas.com.au/assets/full/5619041.webp,MCAS Legacy SKU Asset Check
5618041,https://www.mcas.com.au/assets/full/5618041.webp,MCAS Legacy SKU Asset Check
5619001,https://www.mcas.com.au/assets/full/5619001.webp,MCAS Legacy SKU Asset Check
5619070,https://www.mcas.com.au/assets/full/5619070.webp,MCAS Legacy SKU Asset Check
5620001,https://www.mcas.com.au/assets/full/5620001.webp,MCAS Legacy SKU Asset Check
5620041,https://www.mcas.com.au/assets/full/5620041.webp,MCAS Legacy SKU Asset Check
5618070,https://www.mcas.com.au/assets/full/5618070.webp,MCAS Legacy SKU Asset Check
5620070,https://www.mcas.com.au/assets/full/5620070.webp,MCAS Legacy SKU Asset Check
5621001,https://www.mcas.com.au/assets/full/5621001.webp,MCAS Legacy SKU Asset Check
5621070,https://www.mcas.com.au/assets/full/5621070.webp,MCAS Legacy SKU Asset Check
5621999,https://www.mcas.com.au/assets/full/5621999.webp,MCAS Legacy SKU Asset Check
5621041,https://www.mcas.com.au/assets/full/5621041.webp,MCAS Legacy SKU Asset Check
5800001,https://www.mcas.com.au/assets/full/5800001.jpg,MCAS Legacy SKU Asset Check
59-2040,https://www.mcas.com.au/assets/full/59-2040.webp,MCAS Legacy SKU Asset Check
5802001,https://www.mcas.com.au/assets/full/5802001.webp,MCAS Legacy SKU Asset Check
5802089,https://www.mcas.com.au/assets/full/5802089.webp,MCAS Legacy SKU Asset Check
5802046,https://www.mcas.com.au/assets/full/5802046.webp,MCAS Legacy SKU Asset Check
59-2040RK,https://www.mcas.com.au/assets/full/59-2040RK.webp,MCAS Legacy SKU Asset Check
7352S,https://www.mcas.com.au/assets/full/7352S.jpg,MCAS Legacy SKU Asset Check
7407AA7407A,https://www.mcas.com.au/assets/full/7407AA7407A.jpg,MCAS Legacy SKU Asset Check
74902BK,https://www.mcas.com.au/assets/full/74902BK.jpg,MCAS Legacy SKU Asset Check
7541BK,https://www.mcas.com.au/assets/full/7541BK.jpg,MCAS Legacy SKU Asset Check
7541S,https://www.mcas.com.au/assets/full/7541S.jpg,MCAS Legacy SKU Asset Check
7581BK,https://www.mcas.com.au/assets/full/7581BK.jpg,MCAS Legacy SKU Asset Check
7581S,https://www.mcas.com.au/assets/full/7581S.jpg,MCAS Legacy SKU Asset Check
7551BK,https://www.mcas.com.au/assets/full/7551BK.jpg,MCAS Legacy SKU Asset Check
7641BK,https://www.mcas.com.au/assets/full/7641BK.jpg,MCAS Legacy SKU Asset Check
7641TI,https://www.mcas.com.au/assets/full/7641TI.jpg,MCAS Legacy SKU Asset Check
7682S,https://www.mcas.com.au/assets/full/7682S.jpg,MCAS Legacy SKU Asset Check
7707FZ,https://www.mcas.com.au/assets/full/7707FZ.jpg,MCAS Legacy SKU Asset Check
82501BK,https://www.mcas.com.au/assets/full/82501BK.jpg,MCAS Legacy SKU Asset Check
82601BK,https://www.mcas.com.au/assets/full/82601BK.jpg,MCAS Legacy SKU Asset Check
82701BU,https://www.mcas.com.au/assets/full/82701BU.jpg,MCAS Legacy SKU Asset Check
82850BK,https://www.mcas.com.au/assets/full/82850BK.jpg,MCAS Legacy SKU Asset Check
82501S,https://www.mcas.com.au/assets/full/82501S.jpg,MCAS Legacy SKU Asset Check
82701BK,https://www.mcas.com.au/assets/full/82701BK.jpg,MCAS Legacy SKU Asset Check
82701PE,https://www.mcas.com.au/assets/full/82701PE.jpg,MCAS Legacy SKU Asset Check
83101OR,https://www.mcas.com.au/assets/full/83101OR.jpg,MCAS Legacy SKU Asset Check
83101BK,https://www.mcas.com.au/assets/full/83101BK.jpg,MCAS Legacy SKU Asset Check
84550BK,https://www.mcas.com.au/assets/full/84550BK.jpg,MCAS Legacy SKU Asset Check
83901BK,https://www.mcas.com.au/assets/full/83901BK.jpg,MCAS Legacy SKU Asset Check
8400DT,https://www.mcas.com.au/assets/full/8400DT.jpg,MCAS Legacy SKU Asset Check
84201BK,https://www.mcas.com.au/assets/full/84201BK.jpg,MCAS Legacy SKU Asset Check
84301BK,https://www.mcas.com.au/assets/full/84301BK.jpg,MCAS Legacy SKU Asset Check
84650BK,https://www.mcas.com.au/assets/full/84650BK.jpg,MCAS Legacy SKU Asset Check
84750BK,https://www.mcas.com.au/assets/full/84750BK.jpg,MCAS Legacy SKU Asset Check
8401A,https://www.mcas.com.au/assets/full/8401A.jpg,MCAS Legacy SKU Asset Check
83550BK,https://www.mcas.com.au/assets/full/83550BK.jpg,MCAS Legacy SKU Asset Check
83901PE,https://www.mcas.com.au/assets/full/83901PE.jpg,MCAS Legacy SKU Asset Check
83150BK,https://www.mcas.com.au/assets/full/83150BK.jpg,MCAS Legacy SKU Asset Check
84850BK,https://www.mcas.com.au/assets/full/84850BK.jpg,MCAS Legacy SKU Asset Check
83901RD,https://www.mcas.com.au/assets/full/83901RD.jpg,MCAS Legacy SKU Asset Check
83901TT,https://www.mcas.com.au/assets/full/83901TT.jpg,MCAS Legacy SKU Asset Check
83101PE,https://www.mcas.com.au/assets/full/83101PE.webp,MCAS Legacy SKU Asset Check
850359,https://www.mcas.com.au/assets/full/850359.jpg,MCAS Legacy SKU Asset Check
850434,https://www.mcas.com.au/assets/full/850434.jpg,MCAS Legacy SKU Asset Check
8713FZ,https://www.mcas.com.au/assets/full/8713FZ.jpg,MCAS Legacy SKU Asset Check
88-12078-M,https://www.mcas.com.au/assets/full/88-12078-M.webp,MCAS Legacy SKU Asset Check
8719KIT,https://www.mcas.com.au/assets/full/8719KIT.webp,MCAS Legacy SKU Asset Check
9058A,https://www.mcas.com.au/assets/full/9058A.jpg,MCAS Legacy SKU Asset Check
9053A,https://www.mcas.com.au/assets/full/9053A.jpg,MCAS Legacy SKU Asset Check
9222FZ,https://www.mcas.com.au/assets/full/9222FZ.jpg,MCAS Legacy SKU Asset Check
9221BU,https://www.mcas.com.au/assets/full/9221BU.jpg,MCAS Legacy SKU Asset Check
92101BK,https://www.mcas.com.au/assets/full/92101BK.jpg,MCAS Legacy SKU Asset Check
9223FZ,https://www.mcas.com.au/assets/full/9223FZ.jpg,MCAS Legacy SKU Asset Check
9221TG,https://www.mcas.com.au/assets/full/9221TG.jpg,MCAS Legacy SKU Asset Check
9221BK,https://www.mcas.com.au/assets/full/9221BK.jpg,MCAS Legacy SKU Asset Check
92101BU,https://www.mcas.com.au/assets/full/92101BU.jpg,MCAS Legacy SKU Asset Check
9231BK,https://www.mcas.com.au/assets/full/9231BK.jpg,MCAS Legacy SKU Asset Check
93301BK,https://www.mcas.com.au/assets/full/93301BK.jpg,MCAS Legacy SKU Asset Check
9221RD,https://www.mcas.com.au/assets/full/9221RD.jpg,MCAS Legacy SKU Asset Check
93101BK,https://www.mcas.com.au/assets/full/93101BK.jpg,MCAS Legacy SKU Asset Check
9661BK,https://www.mcas.com.au/assets/full/9661BK.jpg,MCAS Legacy SKU Asset Check
93001BK,https://www.mcas.com.au/assets/full/93001BK.jpg,MCAS Legacy SKU Asset Check
96605PE01261,https://www.mcas.com.au/assets/full/96605PE01261.jpg,MCAS Legacy SKU Asset Check
93401BK,https://www.mcas.com.au/assets/full/93401BK.jpg,MCAS Legacy SKU Asset Check
9661RD,https://www.mcas.com.au/assets/full/9661RD.jpg,MCAS Legacy SKU Asset Check
9661TI,https://www.mcas.com.au/assets/full/9661TI.jpg,MCAS Legacy SKU Asset Check
97108PE01261,https://www.mcas.com.au/assets/full/97108PE01261.jpg,MCAS Legacy SKU Asset Check
97108GN,https://www.mcas.com.au/assets/full/97108GN.jpg,MCAS Legacy SKU Asset Check
9661BU,https://www.mcas.com.au/assets/full/9661BU.jpg,MCAS Legacy SKU Asset Check
9714GO,https://www.mcas.com.au/assets/full/9714GO.jpg,MCAS Legacy SKU Asset Check
9714BK,https://www.mcas.com.au/assets/full/9714BK.jpg,MCAS Legacy SKU Asset Check
9714BU,https://www.mcas.com.au/assets/full/9714BU.jpg,MCAS Legacy SKU Asset Check
9714RD,https://www.mcas.com.au/assets/full/9714RD.jpg,MCAS Legacy SKU Asset Check
9714S,https://www.mcas.com.au/assets/full/9714S.jpg,MCAS Legacy SKU Asset Check
99001BK07185,https://www.mcas.com.au/assets/full/99001BK07185.jpg,MCAS Legacy SKU Asset Check
9714TI,https://www.mcas.com.au/assets/full/9714TI.jpg,MCAS Legacy SKU Asset Check
99101BK07185,https://www.mcas.com.au/assets/full/99101BK07185.jpg,MCAS Legacy SKU Asset Check
99-0533,https://www.mcas.com.au/assets/full/99-0533.webp,MCAS Legacy SKU Asset Check
99-0703-1,https://www.mcas.com.au/assets/full/99-0703-1.webp,MCAS Legacy SKU Asset Check
99-0555,https://www.mcas.com.au/assets/full/99-0555.webp,MCAS Legacy SKU Asset Check
99301BK16294,https://www.mcas.com.au/assets/full/99301BK16294.jpg,MCAS Legacy SKU Asset Check
99401BK,https://www.mcas.com.au/assets/full/99401BK.jpg,MCAS Legacy SKU Asset Check
99401BU,https://www.mcas.com.au/assets/full/99401BU.jpg,MCAS Legacy SKU Asset Check
99601GN,https://www.mcas.com.au/assets/full/99601GN.jpg,MCAS Legacy SKU Asset Check
9961BK,https://www.mcas.com.au/assets/full/9961BK.jpg,MCAS Legacy SKU Asset Check
99701GN,https://www.mcas.com.au/assets/full/99701GN.jpg,MCAS Legacy SKU Asset Check
9971BU,https://www.mcas.com.au/assets/full/9971BU.jpg,MCAS Legacy SKU Asset Check
9971TG,https://www.mcas.com.au/assets/full/9971TG.jpg,MCAS Legacy SKU Asset Check
9961TG,https://www.mcas.com.au/assets/full/9961TG.jpg,MCAS Legacy SKU Asset Check
99601PE07261,https://www.mcas.com.au/assets/full/99601PE07261.jpg,MCAS Legacy SKU Asset Check
9961RD,https://www.mcas.com.au/assets/full/9961RD.jpg,MCAS Legacy SKU Asset Check
9961BU,https://www.mcas.com.au/assets/full/9961BU.jpg,MCAS Legacy SKU Asset Check
99701PE02261,https://www.mcas.com.au/assets/full/99701PE02261.jpg,MCAS Legacy SKU Asset Check
9971BK,https://www.mcas.com.au/assets/full/9971BK.jpg,MCAS Legacy SKU Asset Check
9971RD,https://www.mcas.com.au/assets/full/9971RD.jpg,MCAS Legacy SKU Asset Check
99801GN,https://www.mcas.com.au/assets/full/99801GN.jpg,MCAS Legacy SKU Asset Check
9981TG,https://www.mcas.com.au/assets/full/9981TG.jpg,MCAS Legacy SKU Asset Check
998457,https://www.mcas.com.au/assets/full/998457.jpg,MCAS Legacy SKU Asset Check
99801PE02261,https://www.mcas.com.au/assets/full/99801PE02261.jpg,MCAS Legacy SKU Asset Check
9991BU,https://www.mcas.com.au/assets/full/9991BU.jpg,MCAS Legacy SKU Asset Check
999454,https://www.mcas.com.au/assets/full/999454.jpg,MCAS Legacy SKU Asset Check
99431B1LW,https://www.mcas.com.au/assets/full/99431B1LW.webp,MCAS Legacy SKU Asset Check
9981RD,https://www.mcas.com.au/assets/full/9981RD.jpg,MCAS Legacy SKU Asset Check
9991TG,https://www.mcas.com.au/assets/full/9991TG.jpg,MCAS Legacy SKU Asset Check
9981BU,https://www.mcas.com.au/assets/full/9981BU.jpg,MCAS Legacy SKU Asset Check
9981BK,https://www.mcas.com.au/assets/full/9981BK.jpg,MCAS Legacy SKU Asset Check
9991BK,https://www.mcas.com.au/assets/full/9991BK.jpg,MCAS Legacy SKU Asset Check
99901PE07261,https://www.mcas.com.au/assets/full/99901PE07261.jpg,MCAS Legacy SKU Asset Check
9991RD,https://www.mcas.com.au/assets/full/9991RD.jpg,MCAS Legacy SKU Asset Check
A104A,https://www.mcas.com.au/assets/full/A104A.jpg,MCAS Legacy SKU Asset Check
A1100A,https://www.mcas.com.au/assets/full/A1100A.jpg,MCAS Legacy SKU Asset Check
999607,https://www.mcas.com.au/assets/full/999607.jpg,MCAS Legacy SKU Asset Check
A1106A,https://www.mcas.com.au/assets/full/A1106A.jpg,MCAS Legacy SKU Asset Check
999621,https://www.mcas.com.au/assets/full/999621.jpg,MCAS Legacy SKU Asset Check
A110A,https://www.mcas.com.au/assets/full/A110A.jpg,MCAS Legacy SKU Asset Check
A1117A,https://www.mcas.com.au/assets/full/A1117A.jpg,MCAS Legacy SKU Asset Check
999614,https://www.mcas.com.au/assets/full/999614.jpg,MCAS Legacy SKU Asset Check
A1152,https://www.mcas.com.au/assets/full/A1152.jpg,MCAS Legacy SKU Asset Check
A1153A,https://www.mcas.com.au/assets/full/A1153A.jpg,MCAS Legacy SKU Asset Check
999515,https://www.mcas.com.au/assets/full/999515.webp,MCAS Legacy SKU Asset Check
A1155A,https://www.mcas.com.au/assets/full/A1155A.jpg,MCAS Legacy SKU Asset Check
A1164,https://www.mcas.com.au/assets/full/A1164.jpg,MCAS Legacy SKU Asset Check
A1126,https://www.mcas.com.au/assets/full/A1126.jpg,MCAS Legacy SKU Asset Check
A1173A,https://www.mcas.com.au/assets/full/A1173A.jpg,MCAS Legacy SKU Asset Check
A1159,https://www.mcas.com.au/assets/full/A1159.jpg,MCAS Legacy SKU Asset Check
999539,https://www.mcas.com.au/assets/full/999539.webp,MCAS Legacy SKU Asset Check
A1168A,https://www.mcas.com.au/assets/full/A1168A.jpg,MCAS Legacy SKU Asset Check
999522,https://www.mcas.com.au/assets/full/999522.webp,MCAS Legacy SKU Asset Check
999546,https://www.mcas.com.au/assets/full/999546.webp,MCAS Legacy SKU Asset Check
A1176A,https://www.mcas.com.au/assets/full/A1176A.jpg,MCAS Legacy SKU Asset Check
A1200A,https://www.mcas.com.au/assets/full/A1200A.jpg,MCAS Legacy SKU Asset Check
A129A,https://www.mcas.com.au/assets/full/A129A.jpg,MCAS Legacy SKU Asset Check
A167A,https://www.mcas.com.au/assets/full/A167A.jpg,MCAS Legacy SKU Asset Check
A170A,https://www.mcas.com.au/assets/full/A170A.jpg,MCAS Legacy SKU Asset Check
A201,https://www.mcas.com.au/assets/full/A201.jpg,MCAS Legacy SKU Asset Check
A2118,https://www.mcas.com.au/assets/full/A2118.jpg,MCAS Legacy SKU Asset Check
A210,https://www.mcas.com.au/assets/full/A210.jpg,MCAS Legacy SKU Asset Check
A2127,https://www.mcas.com.au/assets/full/A2127.jpg,MCAS Legacy SKU Asset Check
A2132,https://www.mcas.com.au/assets/full/A2132.jpg,MCAS Legacy SKU Asset Check
A2156A,https://www.mcas.com.au/assets/full/A2156A.jpg,MCAS Legacy SKU Asset Check
A2140,https://www.mcas.com.au/assets/full/A2140.jpg,MCAS Legacy SKU Asset Check
A2154A,https://www.mcas.com.au/assets/full/A2154A.jpg,MCAS Legacy SKU Asset Check
A1208A,https://www.mcas.com.au/assets/full/A1208A.webp,MCAS Legacy SKU Asset Check
A1212A,https://www.mcas.com.au/assets/full/A1212A.webp,MCAS Legacy SKU Asset Check
A2157A,https://www.mcas.com.au/assets/full/A2157A.jpg,MCAS Legacy SKU Asset Check
A2166A,https://www.mcas.com.au/assets/full/A2166A.jpg,MCAS Legacy SKU Asset Check
A137A,https://www.mcas.com.au/assets/full/A137A.webp,MCAS Legacy SKU Asset Check
A220A,https://www.mcas.com.au/assets/full/A220A.jpg,MCAS Legacy SKU Asset Check
A221A,https://www.mcas.com.au/assets/full/A221A.jpg,MCAS Legacy SKU Asset Check
A256A,https://www.mcas.com.au/assets/full/A256A.jpg,MCAS Legacy SKU Asset Check
A240A,https://www.mcas.com.au/assets/full/A240A.jpg,MCAS Legacy SKU Asset Check
A195HW,https://www.mcas.com.au/assets/full/A195HW.webp,MCAS Legacy SKU Asset Check
A204SP,https://www.mcas.com.au/assets/full/A204SP.webp,MCAS Legacy SKU Asset Check
A305,https://www.mcas.com.au/assets/full/A305.jpg,MCAS Legacy SKU Asset Check
A3113,https://www.mcas.com.au/assets/full/A3113.jpg,MCAS Legacy SKU Asset Check
A3122A,https://www.mcas.com.au/assets/full/A3122A.jpg,MCAS Legacy SKU Asset Check
A312A,https://www.mcas.com.au/assets/full/A312A.jpg,MCAS Legacy SKU Asset Check
A3111,https://www.mcas.com.au/assets/full/A3111.jpg,MCAS Legacy SKU Asset Check
A2169A,https://www.mcas.com.au/assets/full/A2169A.webp,MCAS Legacy SKU Asset Check
A3126A,https://www.mcas.com.au/assets/full/A3126A.jpg,MCAS Legacy SKU Asset Check
A34,https://www.mcas.com.au/assets/full/A34.jpg,MCAS Legacy SKU Asset Check
A36,https://www.mcas.com.au/assets/full/A36.jpg,MCAS Legacy SKU Asset Check
A268BECR,https://www.mcas.com.au/assets/full/A268BECR.webp,MCAS Legacy SKU Asset Check
A307A,https://www.mcas.com.au/assets/full/A307A.webp,MCAS Legacy SKU Asset Check
A270HW,https://www.mcas.com.au/assets/full/A270HW.webp,MCAS Legacy SKU Asset Check
A290HW,https://www.mcas.com.au/assets/full/A290HW.webp,MCAS Legacy SKU Asset Check
A240HW,https://www.mcas.com.au/assets/full/A240HW.webp,MCAS Legacy SKU Asset Check
A272HW,https://www.mcas.com.au/assets/full/A272HW.webp,MCAS Legacy SKU Asset Check
A3109A,https://www.mcas.com.au/assets/full/A3109A.webp,MCAS Legacy SKU Asset Check
A310BECR,https://www.mcas.com.au/assets/full/A310BECR.webp,MCAS Legacy SKU Asset Check
A37N,https://www.mcas.com.au/assets/full/A37N.jpg,MCAS Legacy SKU Asset Check
A4125A,https://www.mcas.com.au/assets/full/A4125A.jpg,MCAS Legacy SKU Asset Check
A42,https://www.mcas.com.au/assets/full/A42.jpg,MCAS Legacy SKU Asset Check
A4128A,https://www.mcas.com.au/assets/full/A4128A.jpg,MCAS Legacy SKU Asset Check
A440A,https://www.mcas.com.au/assets/full/A440A.jpg,MCAS Legacy SKU Asset Check
A445A,https://www.mcas.com.au/assets/full/A445A.jpg,MCAS Legacy SKU Asset Check
A447,https://www.mcas.com.au/assets/full/A447.jpg,MCAS Legacy SKU Asset Check
A5606A,https://www.mcas.com.au/assets/full/A5606A.jpg,MCAS Legacy SKU Asset Check
A601,https://www.mcas.com.au/assets/full/A601.jpg,MCAS Legacy SKU Asset Check
A335HW,https://www.mcas.com.au/assets/full/A335HW.webp,MCAS Legacy SKU Asset Check
A603,https://www.mcas.com.au/assets/full/A603.jpg,MCAS Legacy SKU Asset Check
A604,https://www.mcas.com.au/assets/full/A604.jpg,MCAS Legacy SKU Asset Check
A6109A,https://www.mcas.com.au/assets/full/A6109A.jpg,MCAS Legacy SKU Asset Check
A660,https://www.mcas.com.au/assets/full/A660.jpg,MCAS Legacy SKU Asset Check
A46,https://www.mcas.com.au/assets/full/A46.webp,MCAS Legacy SKU Asset Check
A7054A,https://www.mcas.com.au/assets/full/A7054A.jpg,MCAS Legacy SKU Asset Check
A71A,https://www.mcas.com.au/assets/full/A71A.jpg,MCAS Legacy SKU Asset Check
A455BEC,https://www.mcas.com.au/assets/full/A455BEC.webp,MCAS Legacy SKU Asset Check
A40FG,https://www.mcas.com.au/assets/full/A40FG.webp,MCAS Legacy SKU Asset Check
A5615A,https://www.mcas.com.au/assets/full/A5615A.webp,MCAS Legacy SKU Asset Check
A750V,https://www.mcas.com.au/assets/full/A750V.jpg,MCAS Legacy SKU Asset Check
A7708,https://www.mcas.com.au/assets/full/A7708.jpg,MCAS Legacy SKU Asset Check
A780,https://www.mcas.com.au/assets/full/A780.jpg,MCAS Legacy SKU Asset Check
A8401A,https://www.mcas.com.au/assets/full/A8401A.jpg,MCAS Legacy SKU Asset Check
A800N,https://www.mcas.com.au/assets/full/A800N.jpg,MCAS Legacy SKU Asset Check
A8706A,https://www.mcas.com.au/assets/full/A8706A.jpg,MCAS Legacy SKU Asset Check
A8201A,https://www.mcas.com.au/assets/full/A8201A.jpg,MCAS Legacy SKU Asset Check
A755V,https://www.mcas.com.au/assets/full/A755V.jpg,MCAS Legacy SKU Asset Check
A9053A,https://www.mcas.com.au/assets/full/A9053A.jpg,MCAS Legacy SKU Asset Check
A9058A,https://www.mcas.com.au/assets/full/A9058A.jpg,MCAS Legacy SKU Asset Check
A781A,https://www.mcas.com.au/assets/full/A781A.jpg,MCAS Legacy SKU Asset Check
A9056A,https://www.mcas.com.au/assets/full/A9056A.jpg,MCAS Legacy SKU Asset Check
A9222A,https://www.mcas.com.au/assets/full/A9222A.jpg,MCAS Legacy SKU Asset Check
A644ST,https://www.mcas.com.au/assets/full/A644ST.webp,MCAS Legacy SKU Asset Check
AB6,https://www.mcas.com.au/assets/full/AB6.jpg,MCAS Legacy SKU Asset Check
A7067A,https://www.mcas.com.au/assets/full/A7067A.webp,MCAS Legacy SKU Asset Check
AC02450,https://www.mcas.com.au/assets/full/AC02450.jpg,MCAS Legacy SKU Asset Check
AC02456,https://www.mcas.com.au/assets/full/AC02456.jpg,MCAS Legacy SKU Asset Check
A9063A,https://www.mcas.com.au/assets/full/A9063A.webp,MCAS Legacy SKU Asset Check
A9223A,https://www.mcas.com.au/assets/full/A9223A.webp,MCAS Legacy SKU Asset Check
AC-7009,https://www.mcas.com.au/assets/full/AC-7009.webp,MCAS Legacy SKU Asset Check
AC-1012,https://www.mcas.com.au/assets/full/AC-1012.webp,MCAS Legacy SKU Asset Check
AC01980,https://www.mcas.com.au/assets/full/AC01980.webp,MCAS Legacy SKU Asset Check
AD012001,https://www.mcas.com.au/assets/full/AD012001.webp,MCAS Legacy SKU Asset Check
AD002001,https://www.mcas.com.au/assets/full/AD002001.webp,MCAS Legacy SKU Asset Check
AD003001,https://www.mcas.com.au/assets/full/AD003001.webp,MCAS Legacy SKU Asset Check
AD011087,https://www.mcas.com.au/assets/full/AD011087.webp,MCAS Legacy SKU Asset Check
AD026999,https://www.mcas.com.au/assets/full/AD026999.webp,MCAS Legacy SKU Asset Check
AD031046,https://www.mcas.com.au/assets/full/AD031046.webp,MCAS Legacy SKU Asset Check
AD017999A,https://www.mcas.com.au/assets/full/AD017999A.webp,MCAS Legacy SKU Asset Check
AD055001,https://www.mcas.com.au/assets/full/AD055001.webp,MCAS Legacy SKU Asset Check
AF1144,https://www.mcas.com.au/assets/full/AF1144.jpg,MCAS Legacy SKU Asset Check
AF1203B,https://www.mcas.com.au/assets/full/AF1203B.webp,MCAS Legacy SKU Asset Check
BPZ8HS10,https://www.mcas.com.au/assets/full/BPZ8HS10.jpg,MCAS Legacy SKU Asset Check
BR10ECM,https://www.mcas.com.au/assets/full/BR10ECM.jpg,MCAS Legacy SKU Asset Check
BR10EIX,https://www.mcas.com.au/assets/full/BR10EIX.jpg,MCAS Legacy SKU Asset Check
BR10ES,https://www.mcas.com.au/assets/full/BR10ES.jpg,MCAS Legacy SKU Asset Check
BR4HS,https://www.mcas.com.au/assets/full/BR4HS.jpg,MCAS Legacy SKU Asset Check
BR10EG,https://www.mcas.com.au/assets/full/BR10EG.jpg,MCAS Legacy SKU Asset Check
BR6ES,https://www.mcas.com.au/assets/full/BR6ES.jpg,MCAS Legacy SKU Asset Check
BR6HIX,https://www.mcas.com.au/assets/full/BR6HIX.jpg,MCAS Legacy SKU Asset Check
BR10ECMIX,https://www.mcas.com.au/assets/full/BR10ECMIX.jpg,MCAS Legacy SKU Asset Check
BR6HS,https://www.mcas.com.au/assets/full/BR6HS.jpg,MCAS Legacy SKU Asset Check
BR2LM,https://www.mcas.com.au/assets/full/BR2LM.jpg,MCAS Legacy SKU Asset Check
BR7ES,https://www.mcas.com.au/assets/full/BR7ES.jpg,MCAS Legacy SKU Asset Check
BR7EIX,https://www.mcas.com.au/assets/full/BR7EIX.jpg,MCAS Legacy SKU Asset Check
BR8EG,https://www.mcas.com.au/assets/full/BR8EG.jpg,MCAS Legacy SKU Asset Check
BR7ET,https://www.mcas.com.au/assets/full/BR7ET.jpg,MCAS Legacy SKU Asset Check
BR8ES,https://www.mcas.com.au/assets/full/BR8ES.jpg,MCAS Legacy SKU Asset Check
BR7HS10,https://www.mcas.com.au/assets/full/BR7HS10.jpg,MCAS Legacy SKU Asset Check
BR8EIX,https://www.mcas.com.au/assets/full/BR8EIX.jpg,MCAS Legacy SKU Asset Check
BPR9EIX,https://www.mcas.com.au/assets/full/BPR9EIX.webp,MCAS Legacy SKU Asset Check
BR8ECMIX,https://www.mcas.com.au/assets/full/BR8ECMIX.jpg,MCAS Legacy SKU Asset Check
BR7HIX,https://www.mcas.com.au/assets/full/BR7HIX.jpg,MCAS Legacy SKU Asset Check
BR7HS,https://www.mcas.com.au/assets/full/BR7HS.jpg,MCAS Legacy SKU Asset Check
BR8ECM,https://www.mcas.com.au/assets/full/BR8ECM.jpg,MCAS Legacy SKU Asset Check
BR8ES11,https://www.mcas.com.au/assets/full/BR8ES11.jpg,MCAS Legacy SKU Asset Check
BR8HSA,https://www.mcas.com.au/assets/full/BR8HSA.jpg,MCAS Legacy SKU Asset Check
BR9ECMIX,https://www.mcas.com.au/assets/full/BR9ECMIX.jpg,MCAS Legacy SKU Asset Check
BR9HS,https://www.mcas.com.au/assets/full/BR9HS.jpg,MCAS Legacy SKU Asset Check
BR8HIX,https://www.mcas.com.au/assets/full/BR8HIX.jpg,MCAS Legacy SKU Asset Check
BR8HS,https://www.mcas.com.au/assets/full/BR8HS.jpg,MCAS Legacy SKU Asset Check
BR9EGN8,https://www.mcas.com.au/assets/full/BR9EGN8.jpg,MCAS Legacy SKU Asset Check
BR9ES,https://www.mcas.com.au/assets/full/BR9ES.jpg,MCAS Legacy SKU Asset Check
BR8HS10,https://www.mcas.com.au/assets/full/BR8HS10.jpg,MCAS Legacy SKU Asset Check
BR9HS10,https://www.mcas.com.au/assets/full/BR9HS10.jpg,MCAS Legacy SKU Asset Check
BR9EG,https://www.mcas.com.au/assets/full/BR9EG.jpg,MCAS Legacy SKU Asset Check
BR9ECM,https://www.mcas.com.au/assets/full/BR9ECM.jpg,MCAS Legacy SKU Asset Check
BR8ESSP,https://www.mcas.com.au/assets/full/BR8ESSP.jpg,MCAS Legacy SKU Asset Check
BR9ESSP,https://www.mcas.com.au/assets/full/BR9ESSP.jpg,MCAS Legacy SKU Asset Check
BR9EIX,https://www.mcas.com.au/assets/full/BR9EIX.jpg,MCAS Legacy SKU Asset Check
BS300771,https://www.mcas.com.au/assets/full/BS300771.webp,MCAS Legacy SKU Asset Check
BS300939,https://www.mcas.com.au/assets/full/BS300939.webp,MCAS Legacy SKU Asset Check
C244,https://www.mcas.com.au/assets/full/C244.jpg,MCAS Legacy SKU Asset Check
BUHW,https://www.mcas.com.au/assets/full/BUHW.jpg,MCAS Legacy SKU Asset Check
BU8H,https://www.mcas.com.au/assets/full/BU8H.jpg,MCAS Legacy SKU Asset Check
C270,https://www.mcas.com.au/assets/full/C270.jpg,MCAS Legacy SKU Asset Check
C30N,https://www.mcas.com.au/assets/full/C30N.jpg,MCAS Legacy SKU Asset Check
C227,https://www.mcas.com.au/assets/full/C227.jpg,MCAS Legacy SKU Asset Check
C30NT,https://www.mcas.com.au/assets/full/C30NT.jpg,MCAS Legacy SKU Asset Check
C329,https://www.mcas.com.au/assets/full/C329.jpg,MCAS Legacy SKU Asset Check
C370N,https://www.mcas.com.au/assets/full/C370N.jpg,MCAS Legacy SKU Asset Check
C344,https://www.mcas.com.au/assets/full/C344.jpg,MCAS Legacy SKU Asset Check
C370B529,https://www.mcas.com.au/assets/full/C370B529.jpg,MCAS Legacy SKU Asset Check
C370G730,https://www.mcas.com.au/assets/full/C370G730.jpg,MCAS Legacy SKU Asset Check
C328,https://www.mcas.com.au/assets/full/C328.jpg,MCAS Legacy SKU Asset Check
C46G730,https://www.mcas.com.au/assets/full/C46G730.jpg,MCAS Legacy SKU Asset Check
C361,https://www.mcas.com.au/assets/full/C361.jpg,MCAS Legacy SKU Asset Check
C46R301,https://www.mcas.com.au/assets/full/C46R301.jpg,MCAS Legacy SKU Asset Check
C360,https://www.mcas.com.au/assets/full/C360.jpg,MCAS Legacy SKU Asset Check
C345,https://www.mcas.com.au/assets/full/C345.jpg,MCAS Legacy SKU Asset Check
C470G730,https://www.mcas.com.au/assets/full/C470G730.jpg,MCAS Legacy SKU Asset Check
C404,https://www.mcas.com.au/assets/full/C404.jpg,MCAS Legacy SKU Asset Check
C55B508,https://www.mcas.com.au/assets/full/C55B508.jpg,MCAS Legacy SKU Asset Check
C518,https://www.mcas.com.au/assets/full/C518.jpg,MCAS Legacy SKU Asset Check
C55R301,https://www.mcas.com.au/assets/full/C55R301.jpg,MCAS Legacy SKU Asset Check
C526,https://www.mcas.com.au/assets/full/C526.jpg,MCAS Legacy SKU Asset Check
BU-1108,https://www.mcas.com.au/assets/full/BU-1108.webp,MCAS Legacy SKU Asset Check
C55G730,https://www.mcas.com.au/assets/full/C55G730.jpg,MCAS Legacy SKU Asset Check
C8E,https://www.mcas.com.au/assets/full/C8E.jpg,MCAS Legacy SKU Asset Check
C6HSA,https://www.mcas.com.au/assets/full/C6HSA.jpg,MCAS Legacy SKU Asset Check
C7HSA,https://www.mcas.com.au/assets/full/C7HSA.jpg,MCAS Legacy SKU Asset Check
C9E,https://www.mcas.com.au/assets/full/C9E.jpg,MCAS Legacy SKU Asset Check
C8HSA,https://www.mcas.com.au/assets/full/C8HSA.jpg,MCAS Legacy SKU Asset Check
CL015,https://www.mcas.com.au/assets/full/CL015.jpg,MCAS Legacy SKU Asset Check
CL002,https://www.mcas.com.au/assets/full/CL002.jpg,MCAS Legacy SKU Asset Check
CL001,https://www.mcas.com.au/assets/full/CL001.jpg,MCAS Legacy SKU Asset Check
CL003,https://www.mcas.com.au/assets/full/CL003.jpg,MCAS Legacy SKU Asset Check
CL014,https://www.mcas.com.au/assets/full/CL014.jpg,MCAS Legacy SKU Asset Check
CL008,https://www.mcas.com.au/assets/full/CL008.jpg,MCAS Legacy SKU Asset Check
CL051,https://www.mcas.com.au/assets/full/CL051.jpg,MCAS Legacy SKU Asset Check
CL019,https://www.mcas.com.au/assets/full/CL019.jpg,MCAS Legacy SKU Asset Check
CL021,https://www.mcas.com.au/assets/full/CL021.jpg,MCAS Legacy SKU Asset Check
CL052,https://www.mcas.com.au/assets/full/CL052.jpg,MCAS Legacy SKU Asset Check
CL053,https://www.mcas.com.au/assets/full/CL053.jpg,MCAS Legacy SKU Asset Check
CL020,https://www.mcas.com.au/assets/full/CL020.jpg,MCAS Legacy SKU Asset Check
CL059,https://www.mcas.com.au/assets/full/CL059.jpg,MCAS Legacy SKU Asset Check
CL060,https://www.mcas.com.au/assets/full/CL060.jpg,MCAS Legacy SKU Asset Check
CL061,https://www.mcas.com.au/assets/full/CL061.jpg,MCAS Legacy SKU Asset Check
CD01520001,https://www.mcas.com.au/assets/full/CD01520001.webp,MCAS Legacy SKU Asset Check
CL100,https://www.mcas.com.au/assets/full/CL100.jpg,MCAS Legacy SKU Asset Check
CD01520041,https://www.mcas.com.au/assets/full/CD01520041.webp,MCAS Legacy SKU Asset Check
CLAMP120,https://www.mcas.com.au/assets/full/CLAMP120.jpg,MCAS Legacy SKU Asset Check
CL110,https://www.mcas.com.au/assets/full/CL110.jpg,MCAS Legacy SKU Asset Check
CL102,https://www.mcas.com.au/assets/full/CL102.jpg,MCAS Legacy SKU Asset Check
CLAMP100,https://www.mcas.com.au/assets/full/CLAMP100.jpg,MCAS Legacy SKU Asset Check
CLAMP160,https://www.mcas.com.au/assets/full/CLAMP160.jpg,MCAS Legacy SKU Asset Check
CD01520127,https://www.mcas.com.au/assets/full/CD01520127.webp,MCAS Legacy SKU Asset Check
CL063,https://www.mcas.com.au/assets/full/CL063.jpg,MCAS Legacy SKU Asset Check
CLAMP140,https://www.mcas.com.au/assets/full/CLAMP140.jpg,MCAS Legacy SKU Asset Check
CMR5H,https://www.mcas.com.au/assets/full/CMR5H.jpg,MCAS Legacy SKU Asset Check
CMR6H,https://www.mcas.com.au/assets/full/CMR6H.jpg,MCAS Legacy SKU Asset Check
CMR6A,https://www.mcas.com.au/assets/full/CMR6A.jpg,MCAS Legacy SKU Asset Check
CPR8EA9,https://www.mcas.com.au/assets/full/CPR8EA9.jpg,MCAS Legacy SKU Asset Check
CPR9EB9,https://www.mcas.com.au/assets/full/CPR9EB9.jpg,MCAS Legacy SKU Asset Check
CM6,https://www.mcas.com.au/assets/full/CM6.jpg,MCAS Legacy SKU Asset Check
CMR7A,https://www.mcas.com.au/assets/full/CMR7A.jpg,MCAS Legacy SKU Asset Check
CPR8E,https://www.mcas.com.au/assets/full/CPR8E.jpg,MCAS Legacy SKU Asset Check
CPR8EB9,https://www.mcas.com.au/assets/full/CPR8EB9.jpg,MCAS Legacy SKU Asset Check
CPR6EA9,https://www.mcas.com.au/assets/full/CPR6EA9.jpg,MCAS Legacy SKU Asset Check
CMR7H,https://www.mcas.com.au/assets/full/CMR7H.jpg,MCAS Legacy SKU Asset Check
CPR7EA9,https://www.mcas.com.au/assets/full/CPR7EA9.jpg,MCAS Legacy SKU Asset Check
CPR6EB9,https://www.mcas.com.au/assets/full/CPR6EB9.jpg,MCAS Legacy SKU Asset Check
CPR9EA9,https://www.mcas.com.au/assets/full/CPR9EA9.jpg,MCAS Legacy SKU Asset Check
CL503,https://www.mcas.com.au/assets/full/CL503.webp,MCAS Legacy SKU Asset Check
CR10E,https://www.mcas.com.au/assets/full/CR10E.jpg,MCAS Legacy SKU Asset Check
CPR6EA9S,https://www.mcas.com.au/assets/full/CPR6EA9S.jpg,MCAS Legacy SKU Asset Check
CR5HSB,https://www.mcas.com.au/assets/full/CR5HSB.jpg,MCAS Legacy SKU Asset Check
CR5HSA,https://www.mcas.com.au/assets/full/CR5HSA.jpg,MCAS Legacy SKU Asset Check
CR4HSB,https://www.mcas.com.au/assets/full/CR4HSB.jpg,MCAS Legacy SKU Asset Check
CR10EK,https://www.mcas.com.au/assets/full/CR10EK.jpg,MCAS Legacy SKU Asset Check
CR6HSA,https://www.mcas.com.au/assets/full/CR6HSA.jpg,MCAS Legacy SKU Asset Check
CM-9715,https://www.mcas.com.au/assets/full/CM-9715.webp,MCAS Legacy SKU Asset Check
CR6HSB9,https://www.mcas.com.au/assets/full/CR6HSB9.jpg,MCAS Legacy SKU Asset Check
CM-4508DK,https://www.mcas.com.au/assets/full/CM-4508DK.webp,MCAS Legacy SKU Asset Check
CR10EIX,https://www.mcas.com.au/assets/full/CR10EIX.jpg,MCAS Legacy SKU Asset Check
CR7EB,https://www.mcas.com.au/assets/full/CR7EB.jpg,MCAS Legacy SKU Asset Check
CR6E,https://www.mcas.com.au/assets/full/CR6E.jpg,MCAS Legacy SKU Asset Check
CR7EIX,https://www.mcas.com.au/assets/full/CR7EIX.jpg,MCAS Legacy SKU Asset Check
CR7E,https://www.mcas.com.au/assets/full/CR7E.jpg,MCAS Legacy SKU Asset Check
CR7EK,https://www.mcas.com.au/assets/full/CR7EK.jpg,MCAS Legacy SKU Asset Check
CR7EKA,https://www.mcas.com.au/assets/full/CR7EKA.jpg,MCAS Legacy SKU Asset Check
CR6HIX,https://www.mcas.com.au/assets/full/CR6HIX.jpg,MCAS Legacy SKU Asset Check
CR7EH9,https://www.mcas.com.au/assets/full/CR7EH9.jpg,MCAS Legacy SKU Asset Check
CR7EKB,https://www.mcas.com.au/assets/full/CR7EKB.jpg,MCAS Legacy SKU Asset Check
CR8EHIX9,https://www.mcas.com.au/assets/full/CR8EHIX9.jpg,MCAS Legacy SKU Asset Check
CR8EIB10,https://www.mcas.com.au/assets/full/CR8EIB10.jpg,MCAS Legacy SKU Asset Check
CR7HIX,https://www.mcas.com.au/assets/full/CR7HIX.jpg,MCAS Legacy SKU Asset Check
CR7HSA,https://www.mcas.com.au/assets/full/CR7HSA.jpg,MCAS Legacy SKU Asset Check
CR8EIX,https://www.mcas.com.au/assets/full/CR8EIX.jpg,MCAS Legacy SKU Asset Check
CMT1911,https://www.mcas.com.au/assets/full/CMT1911.webp,MCAS Legacy SKU Asset Check
CR8EB,https://www.mcas.com.au/assets/full/CR8EB.jpg,MCAS Legacy SKU Asset Check
CR8E,https://www.mcas.com.au/assets/full/CR8E.jpg,MCAS Legacy SKU Asset Check
CR8EIA10,https://www.mcas.com.au/assets/full/CR8EIA10.jpg,MCAS Legacy SKU Asset Check
CR8EH9,https://www.mcas.com.au/assets/full/CR8EH9.jpg,MCAS Legacy SKU Asset Check
CR8EIA9,https://www.mcas.com.au/assets/full/CR8EIA9.jpg,MCAS Legacy SKU Asset Check
CR8HIX,https://www.mcas.com.au/assets/full/CR8HIX.jpg,MCAS Legacy SKU Asset Check
CR8EKB,https://www.mcas.com.au/assets/full/CR8EKB.jpg,MCAS Legacy SKU Asset Check
CR9EIA9,https://www.mcas.com.au/assets/full/CR9EIA9.jpg,MCAS Legacy SKU Asset Check
CR9EH9,https://www.mcas.com.au/assets/full/CR9EH9.jpg,MCAS Legacy SKU Asset Check
CR9E,https://www.mcas.com.au/assets/full/CR9E.jpg,MCAS Legacy SKU Asset Check
CR8HSA,https://www.mcas.com.au/assets/full/CR8HSA.jpg,MCAS Legacy SKU Asset Check
CR9EB,https://www.mcas.com.au/assets/full/CR9EB.jpg,MCAS Legacy SKU Asset Check
CR8EK,https://www.mcas.com.au/assets/full/CR8EK.jpg,MCAS Legacy SKU Asset Check
CR9EHIX9,https://www.mcas.com.au/assets/full/CR9EHIX9.jpg,MCAS Legacy SKU Asset Check
CR9EIB9,https://www.mcas.com.au/assets/full/CR9EIB9.jpg,MCAS Legacy SKU Asset Check
CR9EIX,https://www.mcas.com.au/assets/full/CR9EIX.jpg,MCAS Legacy SKU Asset Check
CRM102,https://www.mcas.com.au/assets/full/CRM102.jpg,MCAS Legacy SKU Asset Check
CRM103,https://www.mcas.com.au/assets/full/CRM103.jpg,MCAS Legacy SKU Asset Check
CR9EKPA,https://www.mcas.com.au/assets/full/CR9EKPA.jpg,MCAS Legacy SKU Asset Check
CR9EK,https://www.mcas.com.au/assets/full/CR9EK.jpg,MCAS Legacy SKU Asset Check
CR9EKB,https://www.mcas.com.au/assets/full/CR9EKB.jpg,MCAS Legacy SKU Asset Check
CT007,https://www.mcas.com.au/assets/full/CT007.jpg,MCAS Legacy SKU Asset Check
CT008,https://www.mcas.com.au/assets/full/CT008.jpg,MCAS Legacy SKU Asset Check
CT006,https://www.mcas.com.au/assets/full/CT006.jpg,MCAS Legacy SKU Asset Check
CT005,https://www.mcas.com.au/assets/full/CT005.jpg,MCAS Legacy SKU Asset Check
CT009,https://www.mcas.com.au/assets/full/CT009.jpg,MCAS Legacy SKU Asset Check
CRM104,https://www.mcas.com.au/assets/full/CRM104.webp,MCAS Legacy SKU Asset Check
CRM106,https://www.mcas.com.au/assets/full/CRM106.webp,MCAS Legacy SKU Asset Check
CRM105,https://www.mcas.com.au/assets/full/CRM105.webp,MCAS Legacy SKU Asset Check
CRM101,https://www.mcas.com.au/assets/full/CRM101.webp,MCAS Legacy SKU Asset Check
CRM108,https://www.mcas.com.au/assets/full/CRM108.webp,MCAS Legacy SKU Asset Check
CT208502,https://www.mcas.com.au/assets/full/CT208502.webp,MCAS Legacy SKU Asset Check
CT240409,https://www.mcas.com.au/assets/full/CT240409.webp,MCAS Legacy SKU Asset Check
CV47B912,https://www.mcas.com.au/assets/full/CV47B912.jpg,MCAS Legacy SKU Asset Check
CV47G730,https://www.mcas.com.au/assets/full/CV47G730.jpg,MCAS Legacy SKU Asset Check
CT240572,https://www.mcas.com.au/assets/full/CT240572.webp,MCAS Legacy SKU Asset Check
CT240567,https://www.mcas.com.au/assets/full/CT240567.webp,MCAS Legacy SKU Asset Check
CT240571,https://www.mcas.com.au/assets/full/CT240571.webp,MCAS Legacy SKU Asset Check
D1109ST,https://www.mcas.com.au/assets/full/D1109ST.jpg,MCAS Legacy SKU Asset Check
D10EA,https://www.mcas.com.au/assets/full/D10EA.jpg,MCAS Legacy SKU Asset Check
D1112S,https://www.mcas.com.au/assets/full/D1112S.jpg,MCAS Legacy SKU Asset Check
D1122S,https://www.mcas.com.au/assets/full/D1122S.jpg,MCAS Legacy SKU Asset Check
D1110ST,https://www.mcas.com.au/assets/full/D1110ST.jpg,MCAS Legacy SKU Asset Check
D1121ST,https://www.mcas.com.au/assets/full/D1121ST.jpg,MCAS Legacy SKU Asset Check
D1111ST,https://www.mcas.com.au/assets/full/D1111ST.jpg,MCAS Legacy SKU Asset Check
D1136ST,https://www.mcas.com.au/assets/full/D1136ST.jpg,MCAS Legacy SKU Asset Check
D1139ST,https://www.mcas.com.au/assets/full/D1139ST.jpg,MCAS Legacy SKU Asset Check
D1138S,https://www.mcas.com.au/assets/full/D1138S.jpg,MCAS Legacy SKU Asset Check
D1123ST,https://www.mcas.com.au/assets/full/D1123ST.jpg,MCAS Legacy SKU Asset Check
D1144BO,https://www.mcas.com.au/assets/full/D1144BO.jpg,MCAS Legacy SKU Asset Check
D1133ST,https://www.mcas.com.au/assets/full/D1133ST.jpg,MCAS Legacy SKU Asset Check
D1144ST,https://www.mcas.com.au/assets/full/D1144ST.jpg,MCAS Legacy SKU Asset Check
D1146ST,https://www.mcas.com.au/assets/full/D1146ST.jpg,MCAS Legacy SKU Asset Check
D1155BL,https://www.mcas.com.au/assets/full/D1155BL.jpg,MCAS Legacy SKU Asset Check
D1155ST,https://www.mcas.com.au/assets/full/D1155ST.jpg,MCAS Legacy SKU Asset Check
D1178ST,https://www.mcas.com.au/assets/full/D1178ST.jpg,MCAS Legacy SKU Asset Check
D1179S,https://www.mcas.com.au/assets/full/D1179S.jpg,MCAS Legacy SKU Asset Check
D1178B,https://www.mcas.com.au/assets/full/D1178B.jpg,MCAS Legacy SKU Asset Check
D1171ST,https://www.mcas.com.au/assets/full/D1171ST.jpg,MCAS Legacy SKU Asset Check
CV47N,https://www.mcas.com.au/assets/full/CV47N.webp,MCAS Legacy SKU Asset Check
D1179ST,https://www.mcas.com.au/assets/full/D1179ST.jpg,MCAS Legacy SKU Asset Check
D1190KIT,https://www.mcas.com.au/assets/full/D1190KIT.jpg,MCAS Legacy SKU Asset Check
D1181STA5618A,https://www.mcas.com.au/assets/full/D1181STA5618A.jpg,MCAS Legacy SKU Asset Check
D1187ST,https://www.mcas.com.au/assets/full/D1187ST.jpg,MCAS Legacy SKU Asset Check
D1196ST,https://www.mcas.com.au/assets/full/D1196ST.jpg,MCAS Legacy SKU Asset Check
D1197ST,https://www.mcas.com.au/assets/full/D1197ST.jpg,MCAS Legacy SKU Asset Check
D127ST,https://www.mcas.com.au/assets/full/D127ST.jpg,MCAS Legacy SKU Asset Check
D1201ST,https://www.mcas.com.au/assets/full/D1201ST.jpg,MCAS Legacy SKU Asset Check
D122S,https://www.mcas.com.au/assets/full/D122S.jpg,MCAS Legacy SKU Asset Check
D1163KIT,https://www.mcas.com.au/assets/full/D1163KIT.webp,MCAS Legacy SKU Asset Check
D1179BO,https://www.mcas.com.au/assets/full/D1179BO.webp,MCAS Legacy SKU Asset Check
D134ST,https://www.mcas.com.au/assets/full/D134ST.jpg,MCAS Legacy SKU Asset Check
D1190ST,https://www.mcas.com.au/assets/full/D1190ST.webp,MCAS Legacy SKU Asset Check
D133S,https://www.mcas.com.au/assets/full/D133S.jpg,MCAS Legacy SKU Asset Check
D159S,https://www.mcas.com.au/assets/full/D159S.jpg,MCAS Legacy SKU Asset Check
D137ST,https://www.mcas.com.au/assets/full/D137ST.jpg,MCAS Legacy SKU Asset Check
D1214ST,https://www.mcas.com.au/assets/full/D1214ST.webp,MCAS Legacy SKU Asset Check
D179S,https://www.mcas.com.au/assets/full/D179S.jpg,MCAS Legacy SKU Asset Check
D1201S,https://www.mcas.com.au/assets/full/D1201S.webp,MCAS Legacy SKU Asset Check
D1220ST,https://www.mcas.com.au/assets/full/D1220ST.webp,MCAS Legacy SKU Asset Check
D200S,https://www.mcas.com.au/assets/full/D200S.jpg,MCAS Legacy SKU Asset Check
D2013ST,https://www.mcas.com.au/assets/full/D2013ST.jpg,MCAS Legacy SKU Asset Check
D202ST,https://www.mcas.com.au/assets/full/D202ST.jpg,MCAS Legacy SKU Asset Check
D211ST,https://www.mcas.com.au/assets/full/D211ST.jpg,MCAS Legacy SKU Asset Check
D2129S,https://www.mcas.com.au/assets/full/D2129S.jpg,MCAS Legacy SKU Asset Check
D2129B,https://www.mcas.com.au/assets/full/D2129B.jpg,MCAS Legacy SKU Asset Check
D2133ST,https://www.mcas.com.au/assets/full/D2133ST.jpg,MCAS Legacy SKU Asset Check
D2120KIT,https://www.mcas.com.au/assets/full/D2120KIT.jpg,MCAS Legacy SKU Asset Check
D2130S,https://www.mcas.com.au/assets/full/D2130S.jpg,MCAS Legacy SKU Asset Check
D2122S,https://www.mcas.com.au/assets/full/D2122S.jpg,MCAS Legacy SKU Asset Check
D2136ST,https://www.mcas.com.au/assets/full/D2136ST.jpg,MCAS Legacy SKU Asset Check
D2130ST,https://www.mcas.com.au/assets/full/D2130ST.jpg,MCAS Legacy SKU Asset Check
D2143KIT,https://www.mcas.com.au/assets/full/D2143KIT.jpg,MCAS Legacy SKU Asset Check
D2144ST,https://www.mcas.com.au/assets/full/D2144ST.jpg,MCAS Legacy SKU Asset Check
D2145ST,https://www.mcas.com.au/assets/full/D2145ST.jpg,MCAS Legacy SKU Asset Check
D2149ST,https://www.mcas.com.au/assets/full/D2149ST.jpg,MCAS Legacy SKU Asset Check
D214KIT,https://www.mcas.com.au/assets/full/D214KIT.jpg,MCAS Legacy SKU Asset Check
D2145S,https://www.mcas.com.au/assets/full/D2145S.jpg,MCAS Legacy SKU Asset Check
D2167S,https://www.mcas.com.au/assets/full/D2167S.jpg,MCAS Legacy SKU Asset Check
D2159S,https://www.mcas.com.au/assets/full/D2159S.jpg,MCAS Legacy SKU Asset Check
D2161ST,https://www.mcas.com.au/assets/full/D2161ST.jpg,MCAS Legacy SKU Asset Check
D2167B,https://www.mcas.com.au/assets/full/D2167B.jpg,MCAS Legacy SKU Asset Check
D2159ST,https://www.mcas.com.au/assets/full/D2159ST.jpg,MCAS Legacy SKU Asset Check
D2119ST,https://www.mcas.com.au/assets/full/D2119ST.webp,MCAS Legacy SKU Asset Check
D2153KIT,https://www.mcas.com.au/assets/full/D2153KIT.jpg,MCAS Legacy SKU Asset Check
D2109ST,https://www.mcas.com.au/assets/full/D2109ST.webp,MCAS Legacy SKU Asset Check
D219ST,https://www.mcas.com.au/assets/full/D219ST.jpg,MCAS Legacy SKU Asset Check
D233S,https://www.mcas.com.au/assets/full/D233S.jpg,MCAS Legacy SKU Asset Check
D2139KIT,https://www.mcas.com.au/assets/full/D2139KIT.webp,MCAS Legacy SKU Asset Check
D225ST,https://www.mcas.com.au/assets/full/D225ST.jpg,MCAS Legacy SKU Asset Check
D230S,https://www.mcas.com.au/assets/full/D230S.jpg,MCAS Legacy SKU Asset Check
D257ST,https://www.mcas.com.au/assets/full/D257ST.jpg,MCAS Legacy SKU Asset Check
D241ST,https://www.mcas.com.au/assets/full/D241ST.jpg,MCAS Legacy SKU Asset Check
D260ST,https://www.mcas.com.au/assets/full/D260ST.jpg,MCAS Legacy SKU Asset Check
D258ST,https://www.mcas.com.au/assets/full/D258ST.jpg,MCAS Legacy SKU Asset Check
D2167ST,https://www.mcas.com.au/assets/full/D2167ST.webp,MCAS Legacy SKU Asset Check
D2174ST,https://www.mcas.com.au/assets/full/D2174ST.webp,MCAS Legacy SKU Asset Check
D267KIT,https://www.mcas.com.au/assets/full/D267KIT.jpg,MCAS Legacy SKU Asset Check
D266KIT,https://www.mcas.com.au/assets/full/D266KIT.jpg,MCAS Legacy SKU Asset Check
D2174STHLP,https://www.mcas.com.au/assets/full/D2174STHLP.webp,MCAS Legacy SKU Asset Check
D217S,https://www.mcas.com.au/assets/full/D217S.webp,MCAS Legacy SKU Asset Check
D234S,https://www.mcas.com.au/assets/full/D234S.webp,MCAS Legacy SKU Asset Check
D270S,https://www.mcas.com.au/assets/full/D270S.jpg,MCAS Legacy SKU Asset Check
D303ST,https://www.mcas.com.au/assets/full/D303ST.jpg,MCAS Legacy SKU Asset Check
D3101KIT,https://www.mcas.com.au/assets/full/D3101KIT.jpg,MCAS Legacy SKU Asset Check
D3104ST,https://www.mcas.com.au/assets/full/D3104ST.jpg,MCAS Legacy SKU Asset Check
D263ST,https://www.mcas.com.au/assets/full/D263ST.webp,MCAS Legacy SKU Asset Check
D3105ST,https://www.mcas.com.au/assets/full/D3105ST.jpg,MCAS Legacy SKU Asset Check
D3115ST,https://www.mcas.com.au/assets/full/D3115ST.jpg,MCAS Legacy SKU Asset Check
D310DB,https://www.mcas.com.au/assets/full/D310DB.jpg,MCAS Legacy SKU Asset Check
D3112ST,https://www.mcas.com.au/assets/full/D3112ST.jpg,MCAS Legacy SKU Asset Check
D3117ST,https://www.mcas.com.au/assets/full/D3117ST.jpg,MCAS Legacy SKU Asset Check
D3125S,https://www.mcas.com.au/assets/full/D3125S.jpg,MCAS Legacy SKU Asset Check
D3125ST,https://www.mcas.com.au/assets/full/D3125ST.jpg,MCAS Legacy SKU Asset Check
D293ST,https://www.mcas.com.au/assets/full/D293ST.webp,MCAS Legacy SKU Asset Check
D308HCR,https://www.mcas.com.au/assets/full/D308HCR.webp,MCAS Legacy SKU Asset Check
D318ST,https://www.mcas.com.au/assets/full/D318ST.jpg,MCAS Legacy SKU Asset Check
D320ST,https://www.mcas.com.au/assets/full/D320ST.jpg,MCAS Legacy SKU Asset Check
D322ST,https://www.mcas.com.au/assets/full/D322ST.jpg,MCAS Legacy SKU Asset Check
D309HCR,https://www.mcas.com.au/assets/full/D309HCR.webp,MCAS Legacy SKU Asset Check
D332ST,https://www.mcas.com.au/assets/full/D332ST.jpg,MCAS Legacy SKU Asset Check
D330KIT,https://www.mcas.com.au/assets/full/D330KIT.jpg,MCAS Legacy SKU Asset Check
D40,https://www.mcas.com.au/assets/full/D40.jpg,MCAS Legacy SKU Asset Check
D3110ST,https://www.mcas.com.au/assets/full/D3110ST.webp,MCAS Legacy SKU Asset Check
D333KIT,https://www.mcas.com.au/assets/full/D333KIT.jpg,MCAS Legacy SKU Asset Check
D407ST,https://www.mcas.com.au/assets/full/D407ST.jpg,MCAS Legacy SKU Asset Check
D410ST,https://www.mcas.com.au/assets/full/D410ST.jpg,MCAS Legacy SKU Asset Check
D4100KIT,https://www.mcas.com.au/assets/full/D4100KIT.jpg,MCAS Legacy SKU Asset Check
D4114ST,https://www.mcas.com.au/assets/full/D4114ST.jpg,MCAS Legacy SKU Asset Check
D4120ST,https://www.mcas.com.au/assets/full/D4120ST.jpg,MCAS Legacy SKU Asset Check
D322HPR,https://www.mcas.com.au/assets/full/D322HPR.webp,MCAS Legacy SKU Asset Check
D4121ST,https://www.mcas.com.au/assets/full/D4121ST.jpg,MCAS Legacy SKU Asset Check
D4132ST,https://www.mcas.com.au/assets/full/D4132ST.jpg,MCAS Legacy SKU Asset Check
D4133ST,https://www.mcas.com.au/assets/full/D4133ST.jpg,MCAS Legacy SKU Asset Check
D4122ST,https://www.mcas.com.au/assets/full/D4122ST.jpg,MCAS Legacy SKU Asset Check
D437S,https://www.mcas.com.au/assets/full/D437S.jpg,MCAS Legacy SKU Asset Check
D436ST,https://www.mcas.com.au/assets/full/D436ST.jpg,MCAS Legacy SKU Asset Check
D433S,https://www.mcas.com.au/assets/full/D433S.jpg,MCAS Legacy SKU Asset Check
D442ST,https://www.mcas.com.au/assets/full/D442ST.jpg,MCAS Legacy SKU Asset Check
D388HPR,https://www.mcas.com.au/assets/full/D388HPR.webp,MCAS Legacy SKU Asset Check
D448S,https://www.mcas.com.au/assets/full/D448S.jpg,MCAS Legacy SKU Asset Check
D45,https://www.mcas.com.au/assets/full/D45.jpg,MCAS Legacy SKU Asset Check
D443ST,https://www.mcas.com.au/assets/full/D443ST.jpg,MCAS Legacy SKU Asset Check
D447ST,https://www.mcas.com.au/assets/full/D447ST.jpg,MCAS Legacy SKU Asset Check
D442B,https://www.mcas.com.au/assets/full/D442B.jpg,MCAS Legacy SKU Asset Check
D5101ST,https://www.mcas.com.au/assets/full/D5101ST.jpg,MCAS Legacy SKU Asset Check
D4126ST,https://www.mcas.com.au/assets/full/D4126ST.webp,MCAS Legacy SKU Asset Check
D5107KIT,https://www.mcas.com.au/assets/full/D5107KIT.jpg,MCAS Legacy SKU Asset Check
D5105ST,https://www.mcas.com.au/assets/full/D5105ST.jpg,MCAS Legacy SKU Asset Check
D5108KIT,https://www.mcas.com.au/assets/full/D5108KIT.jpg,MCAS Legacy SKU Asset Check
D458HPR,https://www.mcas.com.au/assets/full/D458HPR.webp,MCAS Legacy SKU Asset Check
D5109ST,https://www.mcas.com.au/assets/full/D5109ST.jpg,MCAS Legacy SKU Asset Check
D5127S,https://www.mcas.com.au/assets/full/D5127S.jpg,MCAS Legacy SKU Asset Check
D5120ST,https://www.mcas.com.au/assets/full/D5120ST.jpg,MCAS Legacy SKU Asset Check
D5126ST,https://www.mcas.com.au/assets/full/D5126ST.jpg,MCAS Legacy SKU Asset Check
D5121ST,https://www.mcas.com.au/assets/full/D5121ST.jpg,MCAS Legacy SKU Asset Check
D5127ST,https://www.mcas.com.au/assets/full/D5127ST.jpg,MCAS Legacy SKU Asset Check
D5128KIT,https://www.mcas.com.au/assets/full/D5128KIT.jpg,MCAS Legacy SKU Asset Check
D5131KIT,https://www.mcas.com.au/assets/full/D5131KIT.jpg,MCAS Legacy SKU Asset Check
D5129KIT,https://www.mcas.com.au/assets/full/D5129KIT.jpg,MCAS Legacy SKU Asset Check
D5137ST,https://www.mcas.com.au/assets/full/D5137ST.jpg,MCAS Legacy SKU Asset Check
D5138ST,https://www.mcas.com.au/assets/full/D5138ST.jpg,MCAS Legacy SKU Asset Check
D5143S,https://www.mcas.com.au/assets/full/D5143S.jpg,MCAS Legacy SKU Asset Check
D5143ST,https://www.mcas.com.au/assets/full/D5143ST.jpg,MCAS Legacy SKU Asset Check
D5142S,https://www.mcas.com.au/assets/full/D5142S.jpg,MCAS Legacy SKU Asset Check
D5144ST,https://www.mcas.com.au/assets/full/D5144ST.jpg,MCAS Legacy SKU Asset Check
D5600ST,https://www.mcas.com.au/assets/full/D5600ST.jpg,MCAS Legacy SKU Asset Check
D6104ST,https://www.mcas.com.au/assets/full/D6104ST.jpg,MCAS Legacy SKU Asset Check
D6110ST,https://www.mcas.com.au/assets/full/D6110ST.jpg,MCAS Legacy SKU Asset Check
D6112KIT,https://www.mcas.com.au/assets/full/D6112KIT.jpg,MCAS Legacy SKU Asset Check
D6107ST,https://www.mcas.com.au/assets/full/D6107ST.jpg,MCAS Legacy SKU Asset Check
D6110S,https://www.mcas.com.au/assets/full/D6110S.jpg,MCAS Legacy SKU Asset Check
D6113ST,https://www.mcas.com.au/assets/full/D6113ST.jpg,MCAS Legacy SKU Asset Check
D6122S,https://www.mcas.com.au/assets/full/D6122S.jpg,MCAS Legacy SKU Asset Check
D5142KIT,https://www.mcas.com.au/assets/full/D5142KIT.webp,MCAS Legacy SKU Asset Check
D6124S,https://www.mcas.com.au/assets/full/D6124S.jpg,MCAS Legacy SKU Asset Check
D6122ST,https://www.mcas.com.au/assets/full/D6122ST.jpg,MCAS Legacy SKU Asset Check
D6124ST,https://www.mcas.com.au/assets/full/D6124ST.jpg,MCAS Legacy SKU Asset Check
D6401KIT,https://www.mcas.com.au/assets/full/D6401KIT.jpg,MCAS Legacy SKU Asset Check
D5145ST,https://www.mcas.com.au/assets/full/D5145ST.webp,MCAS Legacy SKU Asset Check
D5145S,https://www.mcas.com.au/assets/full/D5145S.webp,MCAS Legacy SKU Asset Check
D6418ST,https://www.mcas.com.au/assets/full/D6418ST.jpg,MCAS Legacy SKU Asset Check
D6421ST,https://www.mcas.com.au/assets/full/D6421ST.jpg,MCAS Legacy SKU Asset Check
D6415ST,https://www.mcas.com.au/assets/full/D6415ST.jpg,MCAS Legacy SKU Asset Check
D558FCR,https://www.mcas.com.au/assets/full/D558FCR.webp,MCAS Legacy SKU Asset Check
D6422ST,https://www.mcas.com.au/assets/full/D6422ST.jpg,MCAS Legacy SKU Asset Check
D6117S,https://www.mcas.com.au/assets/full/D6117S.webp,MCAS Legacy SKU Asset Check
D6711KIT,https://www.mcas.com.au/assets/full/D6711KIT.jpg,MCAS Legacy SKU Asset Check
D6EA,https://www.mcas.com.au/assets/full/D6EA.jpg,MCAS Legacy SKU Asset Check
D6HA,https://www.mcas.com.au/assets/full/D6HA.jpg,MCAS Legacy SKU Asset Check
D7413S,https://www.mcas.com.au/assets/full/D7413S.jpg,MCAS Legacy SKU Asset Check
D7413ST,https://www.mcas.com.au/assets/full/D7413ST.jpg,MCAS Legacy SKU Asset Check
D7711KIT,https://www.mcas.com.au/assets/full/D7711KIT.jpg,MCAS Legacy SKU Asset Check
D7716ST,https://www.mcas.com.au/assets/full/D7716ST.jpg,MCAS Legacy SKU Asset Check
D7716S,https://www.mcas.com.au/assets/full/D7716S.jpg,MCAS Legacy SKU Asset Check
D7703ST,https://www.mcas.com.au/assets/full/D7703ST.jpg,MCAS Legacy SKU Asset Check
D7706S,https://www.mcas.com.au/assets/full/D7706S.jpg,MCAS Legacy SKU Asset Check
D7713ST,https://www.mcas.com.au/assets/full/D7713ST.jpg,MCAS Legacy SKU Asset Check
D7717KIT,https://www.mcas.com.au/assets/full/D7717KIT.jpg,MCAS Legacy SKU Asset Check
D7406ST,https://www.mcas.com.au/assets/full/D7406ST.webp,MCAS Legacy SKU Asset Check
D7EA,https://www.mcas.com.au/assets/full/D7EA.jpg,MCAS Legacy SKU Asset Check
D8207ST,https://www.mcas.com.au/assets/full/D8207ST.jpg,MCAS Legacy SKU Asset Check
D8203ST,https://www.mcas.com.au/assets/full/D8203ST.jpg,MCAS Legacy SKU Asset Check
D8717S,https://www.mcas.com.au/assets/full/D8717S.jpg,MCAS Legacy SKU Asset Check
D8400KIT,https://www.mcas.com.au/assets/full/D8400KIT.jpg,MCAS Legacy SKU Asset Check
D8717ST,https://www.mcas.com.au/assets/full/D8717ST.jpg,MCAS Legacy SKU Asset Check
D8EA,https://www.mcas.com.au/assets/full/D8EA.jpg,MCAS Legacy SKU Asset Check
D8HA,https://www.mcas.com.au/assets/full/D8HA.jpg,MCAS Legacy SKU Asset Check
D9225ST,https://www.mcas.com.au/assets/full/D9225ST.jpg,MCAS Legacy SKU Asset Check
D9430ST,https://www.mcas.com.au/assets/full/D9430ST.jpg,MCAS Legacy SKU Asset Check
D9EA,https://www.mcas.com.au/assets/full/D9EA.jpg,MCAS Legacy SKU Asset Check
DCPR7EIX,https://www.mcas.com.au/assets/full/DCPR7EIX.jpg,MCAS Legacy SKU Asset Check
DCPR9E,https://www.mcas.com.au/assets/full/DCPR9E.jpg,MCAS Legacy SKU Asset Check
DCPR7E,https://www.mcas.com.au/assets/full/DCPR7E.jpg,MCAS Legacy SKU Asset Check
DCPR8E,https://www.mcas.com.au/assets/full/DCPR8E.jpg,MCAS Legacy SKU Asset Check
DCPR8EKC,https://www.mcas.com.au/assets/full/DCPR8EKC.jpg,MCAS Legacy SKU Asset Check
DCPR8EIX,https://www.mcas.com.au/assets/full/DCPR8EIX.jpg,MCAS Legacy SKU Asset Check
DCPR6E,https://www.mcas.com.au/assets/full/DCPR6E.jpg,MCAS Legacy SKU Asset Check
DCPR9EIX,https://www.mcas.com.au/assets/full/DCPR9EIX.jpg,MCAS Legacy SKU Asset Check
DCR9EIX,https://www.mcas.com.au/assets/full/DCR9EIX.jpg,MCAS Legacy SKU Asset Check
D8703ST,https://www.mcas.com.au/assets/full/D8703ST.webp,MCAS Legacy SKU Asset Check
DCR8EIX,https://www.mcas.com.au/assets/full/DCR8EIX.jpg,MCAS Legacy SKU Asset Check
D9227ST,https://www.mcas.com.au/assets/full/D9227ST.webp,MCAS Legacy SKU Asset Check
D9226ST,https://www.mcas.com.au/assets/full/D9226ST.webp,MCAS Legacy SKU Asset Check
DF3117,https://www.mcas.com.au/assets/full/DF3117.jpg,MCAS Legacy SKU Asset Check
DH207,https://www.mcas.com.au/assets/full/DH207.jpg,MCAS Legacy SKU Asset Check
DIMR8C10,https://www.mcas.com.au/assets/full/DIMR8C10.jpg,MCAS Legacy SKU Asset Check
DH253,https://www.mcas.com.au/assets/full/DH253.jpg,MCAS Legacy SKU Asset Check
DLMK36BPACK2,https://www.mcas.com.au/assets/full/DLMK36BPACK2.jpg,MCAS Legacy SKU Asset Check
DLM30B,https://www.mcas.com.au/assets/full/DLM30B.jpg,MCAS Legacy SKU Asset Check
DLM30A,https://www.mcas.com.au/assets/full/DLM30A.jpg,MCAS Legacy SKU Asset Check
DLM46A,https://www.mcas.com.au/assets/full/DLM46A.jpg,MCAS Legacy SKU Asset Check
DLM36KIT,https://www.mcas.com.au/assets/full/DLM36KIT.jpg,MCAS Legacy SKU Asset Check
DLM46B,https://www.mcas.com.au/assets/full/DLM46B.jpg,MCAS Legacy SKU Asset Check
DP8EA9,https://www.mcas.com.au/assets/full/DP8EA9.jpg,MCAS Legacy SKU Asset Check
DP9EA9,https://www.mcas.com.au/assets/full/DP9EA9.jpg,MCAS Legacy SKU Asset Check
DPR7EA9,https://www.mcas.com.au/assets/full/DPR7EA9.jpg,MCAS Legacy SKU Asset Check
DPR6EB9,https://www.mcas.com.au/assets/full/DPR6EB9.jpg,MCAS Legacy SKU Asset Check
DPR5EA9,https://www.mcas.com.au/assets/full/DPR5EA9.jpg,MCAS Legacy SKU Asset Check
DPR7EIX9,https://www.mcas.com.au/assets/full/DPR7EIX9.jpg,MCAS Legacy SKU Asset Check
DPR6EA9,https://www.mcas.com.au/assets/full/DPR6EA9.jpg,MCAS Legacy SKU Asset Check
DPR8EIX9,https://www.mcas.com.au/assets/full/DPR8EIX9.jpg,MCAS Legacy SKU Asset Check
DPR8EA9,https://www.mcas.com.au/assets/full/DPR8EA9.jpg,MCAS Legacy SKU Asset Check
DPR8Z,https://www.mcas.com.au/assets/full/DPR8Z.jpg,MCAS Legacy SKU Asset Check
DPR9EA9,https://www.mcas.com.au/assets/full/DPR9EA9.jpg,MCAS Legacy SKU Asset Check
DPR9Z,https://www.mcas.com.au/assets/full/DPR9Z.jpg,MCAS Legacy SKU Asset Check
DR7EA,https://www.mcas.com.au/assets/full/DR7EA.jpg,MCAS Legacy SKU Asset Check
DPR9EIX9,https://www.mcas.com.au/assets/full/DPR9EIX9.jpg,MCAS Legacy SKU Asset Check
DR7EB,https://www.mcas.com.au/assets/full/DR7EB.jpg,MCAS Legacy SKU Asset Check
DR8EIX,https://www.mcas.com.au/assets/full/DR8EIX.jpg,MCAS Legacy SKU Asset Check
DR8EB,https://www.mcas.com.au/assets/full/DR8EB.jpg,MCAS Legacy SKU Asset Check
DR8EA,https://www.mcas.com.au/assets/full/DR8EA.jpg,MCAS Legacy SKU Asset Check
DR7ES,https://www.mcas.com.au/assets/full/DR7ES.jpg,MCAS Legacy SKU Asset Check
DR8ESL,https://www.mcas.com.au/assets/full/DR8ESL.jpg,MCAS Legacy SKU Asset Check
DR9EA,https://www.mcas.com.au/assets/full/DR9EA.jpg,MCAS Legacy SKU Asset Check
DR8HS,https://www.mcas.com.au/assets/full/DR8HS.jpg,MCAS Legacy SKU Asset Check
DR8ES,https://www.mcas.com.au/assets/full/DR8ES.jpg,MCAS Legacy SKU Asset Check
DR9EIX,https://www.mcas.com.au/assets/full/DR9EIX.jpg,MCAS Legacy SKU Asset Check
E001,https://www.mcas.com.au/assets/full/E001.jpg,MCAS Legacy SKU Asset Check
E002,https://www.mcas.com.au/assets/full/E002.jpg,MCAS Legacy SKU Asset Check
E0712525,https://www.mcas.com.au/assets/full/E0712525.jpg,MCAS Legacy SKU Asset Check
E0712520,https://www.mcas.com.au/assets/full/E0712520.jpg,MCAS Legacy SKU Asset Check
E0712555,https://www.mcas.com.au/assets/full/E0712555.jpg,MCAS Legacy SKU Asset Check
E0712554,https://www.mcas.com.au/assets/full/E0712554.jpg,MCAS Legacy SKU Asset Check
E0712556,https://www.mcas.com.au/assets/full/E0712556.jpg,MCAS Legacy SKU Asset Check
E0712554B,https://www.mcas.com.au/assets/full/E0712554B.jpg,MCAS Legacy SKU Asset Check
E101,https://www.mcas.com.au/assets/full/E101.jpg,MCAS Legacy SKU Asset Check
E0712597,https://www.mcas.com.au/assets/full/E0712597.jpg,MCAS Legacy SKU Asset Check
E0712594,https://www.mcas.com.au/assets/full/E0712594.jpg,MCAS Legacy SKU Asset Check
DU-8015,https://www.mcas.com.au/assets/full/DU-8015.webp,MCAS Legacy SKU Asset Check
DU-1210,https://www.mcas.com.au/assets/full/DU-1210.webp,MCAS Legacy SKU Asset Check
DU-1004,https://www.mcas.com.au/assets/full/DU-1004.webp,MCAS Legacy SKU Asset Check
DU-1006,https://www.mcas.com.au/assets/full/DU-1006.webp,MCAS Legacy SKU Asset Check
DU-6202,https://www.mcas.com.au/assets/full/DU-6202.webp,MCAS Legacy SKU Asset Check
E103,https://www.mcas.com.au/assets/full/E103.jpg,MCAS Legacy SKU Asset Check
E104,https://www.mcas.com.au/assets/full/E104.jpg,MCAS Legacy SKU Asset Check
E105S,https://www.mcas.com.au/assets/full/E105S.jpg,MCAS Legacy SKU Asset Check
E106,https://www.mcas.com.au/assets/full/E106.jpg,MCAS Legacy SKU Asset Check
E109,https://www.mcas.com.au/assets/full/E109.jpg,MCAS Legacy SKU Asset Check
E115F2,https://www.mcas.com.au/assets/full/E115F2.jpg,MCAS Legacy SKU Asset Check
E118,https://www.mcas.com.au/assets/full/E118.jpg,MCAS Legacy SKU Asset Check
E112,https://www.mcas.com.au/assets/full/E112.jpg,MCAS Legacy SKU Asset Check
E110,https://www.mcas.com.au/assets/full/E110.jpg,MCAS Legacy SKU Asset Check
E115F,https://www.mcas.com.au/assets/full/E115F.jpg,MCAS Legacy SKU Asset Check
E125,https://www.mcas.com.au/assets/full/E125.jpg,MCAS Legacy SKU Asset Check
E129,https://www.mcas.com.au/assets/full/E129.jpg,MCAS Legacy SKU Asset Check
E133S,https://www.mcas.com.au/assets/full/E133S.jpg,MCAS Legacy SKU Asset Check
E130,https://www.mcas.com.au/assets/full/E130.jpg,MCAS Legacy SKU Asset Check
E131S,https://www.mcas.com.au/assets/full/E131S.jpg,MCAS Legacy SKU Asset Check
E134S,https://www.mcas.com.au/assets/full/E134S.jpg,MCAS Legacy SKU Asset Check
E135,https://www.mcas.com.au/assets/full/E135.jpg,MCAS Legacy SKU Asset Check
E107B,https://www.mcas.com.au/assets/full/E107B.webp,MCAS Legacy SKU Asset Check
E142B,https://www.mcas.com.au/assets/full/E142B.jpg,MCAS Legacy SKU Asset Check
E137,https://www.mcas.com.au/assets/full/E137.jpg,MCAS Legacy SKU Asset Check
E143,https://www.mcas.com.au/assets/full/E143.jpg,MCAS Legacy SKU Asset Check
E146,https://www.mcas.com.au/assets/full/E146.jpg,MCAS Legacy SKU Asset Check
E149,https://www.mcas.com.au/assets/full/E149.jpg,MCAS Legacy SKU Asset Check
E157,https://www.mcas.com.au/assets/full/E157.jpg,MCAS Legacy SKU Asset Check
E144,https://www.mcas.com.au/assets/full/E144.jpg,MCAS Legacy SKU Asset Check
E148,https://www.mcas.com.au/assets/full/E148.jpg,MCAS Legacy SKU Asset Check
E161,https://www.mcas.com.au/assets/full/E161.jpg,MCAS Legacy SKU Asset Check
E160,https://www.mcas.com.au/assets/full/E160.jpg,MCAS Legacy SKU Asset Check
E159,https://www.mcas.com.au/assets/full/E159.jpg,MCAS Legacy SKU Asset Check
E158,https://www.mcas.com.au/assets/full/E158.jpg,MCAS Legacy SKU Asset Check
E162,https://www.mcas.com.au/assets/full/E162.jpg,MCAS Legacy SKU Asset Check
E120B,https://www.mcas.com.au/assets/full/E120B.webp,MCAS Legacy SKU Asset Check
E163,https://www.mcas.com.au/assets/full/E163.jpg,MCAS Legacy SKU Asset Check
E165,https://www.mcas.com.au/assets/full/E165.jpg,MCAS Legacy SKU Asset Check
E164,https://www.mcas.com.au/assets/full/E164.jpg,MCAS Legacy SKU Asset Check
E172,https://www.mcas.com.au/assets/full/E172.jpg,MCAS Legacy SKU Asset Check
E173,https://www.mcas.com.au/assets/full/E173.jpg,MCAS Legacy SKU Asset Check
E168,https://www.mcas.com.au/assets/full/E168.jpg,MCAS Legacy SKU Asset Check
E185,https://www.mcas.com.au/assets/full/E185.jpg,MCAS Legacy SKU Asset Check
E188,https://www.mcas.com.au/assets/full/E188.jpg,MCAS Legacy SKU Asset Check
E145,https://www.mcas.com.au/assets/full/E145.webp,MCAS Legacy SKU Asset Check
E183,https://www.mcas.com.au/assets/full/E183.jpg,MCAS Legacy SKU Asset Check
E166,https://www.mcas.com.au/assets/full/E166.jpg,MCAS Legacy SKU Asset Check
E190,https://www.mcas.com.au/assets/full/E190.jpg,MCAS Legacy SKU Asset Check
E196,https://www.mcas.com.au/assets/full/E196.jpg,MCAS Legacy SKU Asset Check
E192,https://www.mcas.com.au/assets/full/E192.jpg,MCAS Legacy SKU Asset Check
E193,https://www.mcas.com.au/assets/full/E193.jpg,MCAS Legacy SKU Asset Check
E197,https://www.mcas.com.au/assets/full/E197.jpg,MCAS Legacy SKU Asset Check
E189,https://www.mcas.com.au/assets/full/E189.jpg,MCAS Legacy SKU Asset Check
E195,https://www.mcas.com.au/assets/full/E195.jpg,MCAS Legacy SKU Asset Check
E200,https://www.mcas.com.au/assets/full/E200.jpg,MCAS Legacy SKU Asset Check
E202,https://www.mcas.com.au/assets/full/E202.jpg,MCAS Legacy SKU Asset Check
E201,https://www.mcas.com.au/assets/full/E201.jpg,MCAS Legacy SKU Asset Check
E203,https://www.mcas.com.au/assets/full/E203.jpg,MCAS Legacy SKU Asset Check
E204,https://www.mcas.com.au/assets/full/E204.jpg,MCAS Legacy SKU Asset Check
E198,https://www.mcas.com.au/assets/full/E198.webp,MCAS Legacy SKU Asset Check
E212,https://www.mcas.com.au/assets/full/E212.jpg,MCAS Legacy SKU Asset Check
E220M,https://www.mcas.com.au/assets/full/E220M.jpg,MCAS Legacy SKU Asset Check
E215,https://www.mcas.com.au/assets/full/E215.jpg,MCAS Legacy SKU Asset Check
E221,https://www.mcas.com.au/assets/full/E221.jpg,MCAS Legacy SKU Asset Check
E221M,https://www.mcas.com.au/assets/full/E221M.jpg,MCAS Legacy SKU Asset Check
E228,https://www.mcas.com.au/assets/full/E228.jpg,MCAS Legacy SKU Asset Check
E223,https://www.mcas.com.au/assets/full/E223.jpg,MCAS Legacy SKU Asset Check
E22N,https://www.mcas.com.au/assets/full/E22N.jpg,MCAS Legacy SKU Asset Check
E2312320B,https://www.mcas.com.au/assets/full/E2312320B.jpg,MCAS Legacy SKU Asset Check
E2312320,https://www.mcas.com.au/assets/full/E2312320.jpg,MCAS Legacy SKU Asset Check
E231,https://www.mcas.com.au/assets/full/E231.jpg,MCAS Legacy SKU Asset Check
E2312321,https://www.mcas.com.au/assets/full/E2312321.jpg,MCAS Legacy SKU Asset Check
E2312321B,https://www.mcas.com.au/assets/full/E2312321B.jpg,MCAS Legacy SKU Asset Check
E2312532,https://www.mcas.com.au/assets/full/E2312532.jpg,MCAS Legacy SKU Asset Check
E2312322,https://www.mcas.com.au/assets/full/E2312322.jpg,MCAS Legacy SKU Asset Check
E205KIT-TRK,https://www.mcas.com.au/assets/full/E205KIT-TRK.webp,MCAS Legacy SKU Asset Check
E2312534,https://www.mcas.com.au/assets/full/E2312534.jpg,MCAS Legacy SKU Asset Check
E2312534B,https://www.mcas.com.au/assets/full/E2312534B.jpg,MCAS Legacy SKU Asset Check
E2312559,https://www.mcas.com.au/assets/full/E2312559.jpg,MCAS Legacy SKU Asset Check
E2312561,https://www.mcas.com.au/assets/full/E2312561.jpg,MCAS Legacy SKU Asset Check
E2312535,https://www.mcas.com.au/assets/full/E2312535.jpg,MCAS Legacy SKU Asset Check
E2312560,https://www.mcas.com.au/assets/full/E2312560.jpg,MCAS Legacy SKU Asset Check
E2312557,https://www.mcas.com.au/assets/full/E2312557.jpg,MCAS Legacy SKU Asset Check
E2312539,https://www.mcas.com.au/assets/full/E2312539.jpg,MCAS Legacy SKU Asset Check
E205,https://www.mcas.com.au/assets/full/E205.webp,MCAS Legacy SKU Asset Check
E207,https://www.mcas.com.au/assets/full/E207.webp,MCAS Legacy SKU Asset Check
E2312562,https://www.mcas.com.au/assets/full/E2312562.jpg,MCAS Legacy SKU Asset Check
E2312563,https://www.mcas.com.au/assets/full/E2312563.jpg,MCAS Legacy SKU Asset Check
E2312564,https://www.mcas.com.au/assets/full/E2312564.jpg,MCAS Legacy SKU Asset Check
E2312571,https://www.mcas.com.au/assets/full/E2312571.jpg,MCAS Legacy SKU Asset Check
E2312573,https://www.mcas.com.au/assets/full/E2312573.jpg,MCAS Legacy SKU Asset Check
E2312564B,https://www.mcas.com.au/assets/full/E2312564B.jpg,MCAS Legacy SKU Asset Check
E2312570,https://www.mcas.com.au/assets/full/E2312570.jpg,MCAS Legacy SKU Asset Check
E251,https://www.mcas.com.au/assets/full/E251.jpg,MCAS Legacy SKU Asset Check
E240,https://www.mcas.com.au/assets/full/E240.jpg,MCAS Legacy SKU Asset Check
E241,https://www.mcas.com.au/assets/full/E241.jpg,MCAS Legacy SKU Asset Check
E233S,https://www.mcas.com.au/assets/full/E233S.jpg,MCAS Legacy SKU Asset Check
E234S,https://www.mcas.com.au/assets/full/E234S.jpg,MCAS Legacy SKU Asset Check
E317M,https://www.mcas.com.au/assets/full/E317M.jpg,MCAS Legacy SKU Asset Check
E318,https://www.mcas.com.au/assets/full/E318.jpg,MCAS Legacy SKU Asset Check
E340,https://www.mcas.com.au/assets/full/E340.jpg,MCAS Legacy SKU Asset Check
E333,https://www.mcas.com.au/assets/full/E333.jpg,MCAS Legacy SKU Asset Check
E333M,https://www.mcas.com.au/assets/full/E333M.jpg,MCAS Legacy SKU Asset Check
E345M,https://www.mcas.com.au/assets/full/E345M.jpg,MCAS Legacy SKU Asset Check
E41NN,https://www.mcas.com.au/assets/full/E41NN.jpg,MCAS Legacy SKU Asset Check
E349,https://www.mcas.com.au/assets/full/E349.jpg,MCAS Legacy SKU Asset Check
E260G730,https://www.mcas.com.au/assets/full/E260G730.webp,MCAS Legacy SKU Asset Check
E244,https://www.mcas.com.au/assets/full/E244.webp,MCAS Legacy SKU Asset Check
E340NT2,https://www.mcas.com.au/assets/full/E340NT2.webp,MCAS Legacy SKU Asset Check
E340N2,https://www.mcas.com.au/assets/full/E340N2.webp,MCAS Legacy SKU Asset Check
E528M,https://www.mcas.com.au/assets/full/E528M.jpg,MCAS Legacy SKU Asset Check
E528,https://www.mcas.com.au/assets/full/E528.jpg,MCAS Legacy SKU Asset Check
E581,https://www.mcas.com.au/assets/full/E581.jpg,MCAS Legacy SKU Asset Check
E46NB,https://www.mcas.com.au/assets/full/E46NB.webp,MCAS Legacy SKU Asset Check
E46N2,https://www.mcas.com.au/assets/full/E46N2.webp,MCAS Legacy SKU Asset Check
E46NT2,https://www.mcas.com.au/assets/full/E46NT2.webp,MCAS Legacy SKU Asset Check
E531,https://www.mcas.com.au/assets/full/E531.webp,MCAS Legacy SKU Asset Check
E68,https://www.mcas.com.au/assets/full/E68.jpg,MCAS Legacy SKU Asset Check
E710,https://www.mcas.com.au/assets/full/E710.jpg,MCAS Legacy SKU Asset Check
E650M,https://www.mcas.com.au/assets/full/E650M.jpg,MCAS Legacy SKU Asset Check
E79,https://www.mcas.com.au/assets/full/E79.jpg,MCAS Legacy SKU Asset Check
E70,https://www.mcas.com.au/assets/full/E70.webp,MCAS Legacy SKU Asset Check
E71,https://www.mcas.com.au/assets/full/E71.webp,MCAS Legacy SKU Asset Check
E91,https://www.mcas.com.au/assets/full/E91.jpg,MCAS Legacy SKU Asset Check
E95S,https://www.mcas.com.au/assets/full/E95S.jpg,MCAS Legacy SKU Asset Check
E93,https://www.mcas.com.au/assets/full/E93.jpg,MCAS Legacy SKU Asset Check
E81B,https://www.mcas.com.au/assets/full/E81B.webp,MCAS Legacy SKU Asset Check
E96B,https://www.mcas.com.au/assets/full/E96B.jpg,MCAS Legacy SKU Asset Check
EA100B,https://www.mcas.com.au/assets/full/EA100B.jpg,MCAS Legacy SKU Asset Check
EA101C,https://www.mcas.com.au/assets/full/EA101C.jpg,MCAS Legacy SKU Asset Check
EA111,https://www.mcas.com.au/assets/full/EA111.jpg,MCAS Legacy SKU Asset Check
EA107C,https://www.mcas.com.au/assets/full/EA107C.jpg,MCAS Legacy SKU Asset Check
E84,https://www.mcas.com.au/assets/full/E84.webp,MCAS Legacy SKU Asset Check
EA114BK,https://www.mcas.com.au/assets/full/EA114BK.jpg,MCAS Legacy SKU Asset Check
EA139B,https://www.mcas.com.au/assets/full/EA139B.jpg,MCAS Legacy SKU Asset Check
EA131B,https://www.mcas.com.au/assets/full/EA131B.jpg,MCAS Legacy SKU Asset Check
EA126,https://www.mcas.com.au/assets/full/EA126.jpg,MCAS Legacy SKU Asset Check
EA115FL,https://www.mcas.com.au/assets/full/EA115FL.jpg,MCAS Legacy SKU Asset Check
EA119BK,https://www.mcas.com.au/assets/full/EA119BK.jpg,MCAS Legacy SKU Asset Check
EA143,https://www.mcas.com.au/assets/full/EA143.jpg,MCAS Legacy SKU Asset Check
EA144B,https://www.mcas.com.au/assets/full/EA144B.jpg,MCAS Legacy SKU Asset Check
EA148B,https://www.mcas.com.au/assets/full/EA148B.jpg,MCAS Legacy SKU Asset Check
EA132B,https://www.mcas.com.au/assets/full/EA132B.jpg,MCAS Legacy SKU Asset Check
EA120,https://www.mcas.com.au/assets/full/EA120.jpg,MCAS Legacy SKU Asset Check
EA115BK,https://www.mcas.com.au/assets/full/EA115BK.jpg,MCAS Legacy SKU Asset Check
EA130B,https://www.mcas.com.au/assets/full/EA130B.jpg,MCAS Legacy SKU Asset Check
EH2139,https://www.mcas.com.au/assets/full/EH2139.jpg,MCAS Legacy SKU Asset Check
EH1178,https://www.mcas.com.au/assets/full/EH1178.jpg,MCAS Legacy SKU Asset Check
EH1110,https://www.mcas.com.au/assets/full/EH1110.jpg,MCAS Legacy SKU Asset Check
EH2130,https://www.mcas.com.au/assets/full/EH2130.jpg,MCAS Legacy SKU Asset Check
E99,https://www.mcas.com.au/assets/full/E99.webp,MCAS Legacy SKU Asset Check
E97,https://www.mcas.com.au/assets/full/E97.webp,MCAS Legacy SKU Asset Check
EH5108,https://www.mcas.com.au/assets/full/EH5108.jpg,MCAS Legacy SKU Asset Check
ER10EH,https://www.mcas.com.au/assets/full/ER10EH.jpg,MCAS Legacy SKU Asset Check
EA147,https://www.mcas.com.au/assets/full/EA147.webp,MCAS Legacy SKU Asset Check
EA142,https://www.mcas.com.au/assets/full/EA142.webp,MCAS Legacy SKU Asset Check
ER8EHN,https://www.mcas.com.au/assets/full/ER8EHN.jpg,MCAS Legacy SKU Asset Check
ER9EH,https://www.mcas.com.au/assets/full/ER9EH.jpg,MCAS Legacy SKU Asset Check
ER9EH6N,https://www.mcas.com.au/assets/full/ER9EH6N.jpg,MCAS Legacy SKU Asset Check
ES1110,https://www.mcas.com.au/assets/full/ES1110.jpg,MCAS Legacy SKU Asset Check
EA146,https://www.mcas.com.au/assets/full/EA146.webp,MCAS Legacy SKU Asset Check
ES1111,https://www.mcas.com.au/assets/full/ES1111.jpg,MCAS Legacy SKU Asset Check
ES1161,https://www.mcas.com.au/assets/full/ES1161.jpg,MCAS Legacy SKU Asset Check
ES1139,https://www.mcas.com.au/assets/full/ES1139.jpg,MCAS Legacy SKU Asset Check
ES1144,https://www.mcas.com.au/assets/full/ES1144.jpg,MCAS Legacy SKU Asset Check
EH2122,https://www.mcas.com.au/assets/full/EH2122.webp,MCAS Legacy SKU Asset Check
ES2119,https://www.mcas.com.au/assets/full/ES2119.jpg,MCAS Legacy SKU Asset Check
ES1178,https://www.mcas.com.au/assets/full/ES1178.jpg,MCAS Legacy SKU Asset Check
EH8203,https://www.mcas.com.au/assets/full/EH8203.webp,MCAS Legacy SKU Asset Check
ES2145,https://www.mcas.com.au/assets/full/ES2145.jpg,MCAS Legacy SKU Asset Check
ES2122,https://www.mcas.com.au/assets/full/ES2122.jpg,MCAS Legacy SKU Asset Check
ES1191,https://www.mcas.com.au/assets/full/ES1191.jpg,MCAS Legacy SKU Asset Check
ES2130,https://www.mcas.com.au/assets/full/ES2130.jpg,MCAS Legacy SKU Asset Check
ES2159,https://www.mcas.com.au/assets/full/ES2159.jpg,MCAS Legacy SKU Asset Check
ES4103,https://www.mcas.com.au/assets/full/ES4103.jpg,MCAS Legacy SKU Asset Check
ES4105,https://www.mcas.com.au/assets/full/ES4105.jpg,MCAS Legacy SKU Asset Check
ES3101,https://www.mcas.com.au/assets/full/ES3101.jpg,MCAS Legacy SKU Asset Check
ES5101,https://www.mcas.com.au/assets/full/ES5101.jpg,MCAS Legacy SKU Asset Check
ES5108,https://www.mcas.com.au/assets/full/ES5108.jpg,MCAS Legacy SKU Asset Check
ES5112,https://www.mcas.com.au/assets/full/ES5112.jpg,MCAS Legacy SKU Asset Check
ES5126,https://www.mcas.com.au/assets/full/ES5126.jpg,MCAS Legacy SKU Asset Check
ES5119,https://www.mcas.com.au/assets/full/ES5119.jpg,MCAS Legacy SKU Asset Check
ES5103,https://www.mcas.com.au/assets/full/ES5103.jpg,MCAS Legacy SKU Asset Check
ES5127,https://www.mcas.com.au/assets/full/ES5127.jpg,MCAS Legacy SKU Asset Check
ES5102,https://www.mcas.com.au/assets/full/ES5102.jpg,MCAS Legacy SKU Asset Check
ES5113,https://www.mcas.com.au/assets/full/ES5113.jpg,MCAS Legacy SKU Asset Check
ES4126,https://www.mcas.com.au/assets/full/ES4126.jpg,MCAS Legacy SKU Asset Check
ES3105,https://www.mcas.com.au/assets/full/ES3105.jpg,MCAS Legacy SKU Asset Check
ES4121,https://www.mcas.com.au/assets/full/ES4121.jpg,MCAS Legacy SKU Asset Check
ES5138,https://www.mcas.com.au/assets/full/ES5138.jpg,MCAS Legacy SKU Asset Check
ES5128,https://www.mcas.com.au/assets/full/ES5128.jpg,MCAS Legacy SKU Asset Check
ES5134,https://www.mcas.com.au/assets/full/ES5134.jpg,MCAS Legacy SKU Asset Check
ES6415,https://www.mcas.com.au/assets/full/ES6415.jpg,MCAS Legacy SKU Asset Check
ES6403,https://www.mcas.com.au/assets/full/ES6403.jpg,MCAS Legacy SKU Asset Check
ES6416,https://www.mcas.com.au/assets/full/ES6416.jpg,MCAS Legacy SKU Asset Check
ES6401,https://www.mcas.com.au/assets/full/ES6401.jpg,MCAS Legacy SKU Asset Check
ES6423,https://www.mcas.com.au/assets/full/ES6423.jpg,MCAS Legacy SKU Asset Check
ES7712,https://www.mcas.com.au/assets/full/ES7712.jpg,MCAS Legacy SKU Asset Check
ES7711,https://www.mcas.com.au/assets/full/ES7711.jpg,MCAS Legacy SKU Asset Check
ES7710,https://www.mcas.com.au/assets/full/ES7710.jpg,MCAS Legacy SKU Asset Check
ES6710,https://www.mcas.com.au/assets/full/ES6710.jpg,MCAS Legacy SKU Asset Check
ES8400,https://www.mcas.com.au/assets/full/ES8400.jpg,MCAS Legacy SKU Asset Check
ES8205,https://www.mcas.com.au/assets/full/ES8205.jpg,MCAS Legacy SKU Asset Check
ES8203,https://www.mcas.com.au/assets/full/ES8203.jpg,MCAS Legacy SKU Asset Check
ES7704,https://www.mcas.com.au/assets/full/ES7704.jpg,MCAS Legacy SKU Asset Check
ES6421,https://www.mcas.com.au/assets/full/ES6421.jpg,MCAS Legacy SKU Asset Check
ES9054,https://www.mcas.com.au/assets/full/ES9054.jpg,MCAS Legacy SKU Asset Check
ES7714,https://www.mcas.com.au/assets/full/ES7714.jpg,MCAS Legacy SKU Asset Check
ES4120,https://www.mcas.com.au/assets/full/ES4120.webp,MCAS Legacy SKU Asset Check
ES8711,https://www.mcas.com.au/assets/full/ES8711.jpg,MCAS Legacy SKU Asset Check
ES7413,https://www.mcas.com.au/assets/full/ES7413.jpg,MCAS Legacy SKU Asset Check
ES7412,https://www.mcas.com.au/assets/full/ES7412.jpg,MCAS Legacy SKU Asset Check
EX1SRA,https://www.mcas.com.au/assets/full/EX1SRA.jpg,MCAS Legacy SKU Asset Check
EX2M,https://www.mcas.com.au/assets/full/EX2M.jpg,MCAS Legacy SKU Asset Check
FB1179,https://www.mcas.com.au/assets/full/FB1179.jpg,MCAS Legacy SKU Asset Check
FB2122,https://www.mcas.com.au/assets/full/FB2122.jpg,MCAS Legacy SKU Asset Check
FB1201,https://www.mcas.com.au/assets/full/FB1201.jpg,MCAS Legacy SKU Asset Check
FB1178,https://www.mcas.com.au/assets/full/FB1178.jpg,MCAS Legacy SKU Asset Check
FB2130,https://www.mcas.com.au/assets/full/FB2130.jpg,MCAS Legacy SKU Asset Check
F5SM,https://www.mcas.com.au/assets/full/F5SM.jpg,MCAS Legacy SKU Asset Check
FB2159,https://www.mcas.com.au/assets/full/FB2159.jpg,MCAS Legacy SKU Asset Check
F3C,https://www.mcas.com.au/assets/full/F3C.jpg,MCAS Legacy SKU Asset Check
F5S,https://www.mcas.com.au/assets/full/F5S.jpg,MCAS Legacy SKU Asset Check
F5C,https://www.mcas.com.au/assets/full/F5C.jpg,MCAS Legacy SKU Asset Check
ES6422,https://www.mcas.com.au/assets/full/ES6422.webp,MCAS Legacy SKU Asset Check
FB3112,https://www.mcas.com.au/assets/full/FB3112.jpg,MCAS Legacy SKU Asset Check
FB4120,https://www.mcas.com.au/assets/full/FB4120.jpg,MCAS Legacy SKU Asset Check
FB3114,https://www.mcas.com.au/assets/full/FB3114.jpg,MCAS Legacy SKU Asset Check
FB5137,https://www.mcas.com.au/assets/full/FB5137.jpg,MCAS Legacy SKU Asset Check
FB5130,https://www.mcas.com.au/assets/full/FB5130.jpg,MCAS Legacy SKU Asset Check
FB5127,https://www.mcas.com.au/assets/full/FB5127.jpg,MCAS Legacy SKU Asset Check
ES9221,https://www.mcas.com.au/assets/full/ES9221.webp,MCAS Legacy SKU Asset Check
FB7413,https://www.mcas.com.au/assets/full/FB7413.jpg,MCAS Legacy SKU Asset Check
FB7408,https://www.mcas.com.au/assets/full/FB7408.jpg,MCAS Legacy SKU Asset Check
FB5126,https://www.mcas.com.au/assets/full/FB5126.jpg,MCAS Legacy SKU Asset Check
FB7706,https://www.mcas.com.au/assets/full/FB7706.jpg,MCAS Legacy SKU Asset Check
FB7414,https://www.mcas.com.au/assets/full/FB7414.jpg,MCAS Legacy SKU Asset Check
FB7710,https://www.mcas.com.au/assets/full/FB7710.jpg,MCAS Legacy SKU Asset Check
FB7716,https://www.mcas.com.au/assets/full/FB7716.jpg,MCAS Legacy SKU Asset Check
FB7717,https://www.mcas.com.au/assets/full/FB7717.jpg,MCAS Legacy SKU Asset Check
FB8203,https://www.mcas.com.au/assets/full/FB8203.jpg,MCAS Legacy SKU Asset Check
FB8717,https://www.mcas.com.au/assets/full/FB8717.jpg,MCAS Legacy SKU Asset Check
FR9BI11,https://www.mcas.com.au/assets/full/FR9BI11.jpg,MCAS Legacy SKU Asset Check
FB6422,https://www.mcas.com.au/assets/full/FB6422.webp,MCAS Legacy SKU Asset Check
FC01005,https://www.mcas.com.au/assets/full/FC01005.webp,MCAS Legacy SKU Asset Check
FC01003,https://www.mcas.com.au/assets/full/FC01003.webp,MCAS Legacy SKU Asset Check
FC01002,https://www.mcas.com.au/assets/full/FC01002.webp,MCAS Legacy SKU Asset Check
FC01007,https://www.mcas.com.au/assets/full/FC01007.webp,MCAS Legacy SKU Asset Check
FC01001,https://www.mcas.com.au/assets/full/FC01001.webp,MCAS Legacy SKU Asset Check
FC01000,https://www.mcas.com.au/assets/full/FC01000.webp,MCAS Legacy SKU Asset Check
FC01009,https://www.mcas.com.au/assets/full/FC01009.webp,MCAS Legacy SKU Asset Check
FC01004,https://www.mcas.com.au/assets/full/FC01004.webp,MCAS Legacy SKU Asset Check
FC01008,https://www.mcas.com.au/assets/full/FC01008.webp,MCAS Legacy SKU Asset Check
FC01006,https://www.mcas.com.au/assets/full/FC01006.webp,MCAS Legacy SKU Asset Check
FU4095500,https://www.mcas.com.au/assets/full/FU4095500.jpg,MCAS Legacy SKU Asset Check
FU4353004,https://www.mcas.com.au/assets/full/FU4353004.jpg,MCAS Legacy SKU Asset Check
G086,https://www.mcas.com.au/assets/full/G086.jpg,MCAS Legacy SKU Asset Check
G087,https://www.mcas.com.au/assets/full/G087.jpg,MCAS Legacy SKU Asset Check
G089,https://www.mcas.com.au/assets/full/G089.jpg,MCAS Legacy SKU Asset Check
G091,https://www.mcas.com.au/assets/full/G091.jpg,MCAS Legacy SKU Asset Check
G088,https://www.mcas.com.au/assets/full/G088.jpg,MCAS Legacy SKU Asset Check
G090,https://www.mcas.com.au/assets/full/G090.jpg,MCAS Legacy SKU Asset Check
FU2125020,https://www.mcas.com.au/assets/full/FU2125020.webp,MCAS Legacy SKU Asset Check
G092,https://www.mcas.com.au/assets/full/G092.jpg,MCAS Legacy SKU Asset Check
G093,https://www.mcas.com.au/assets/full/G093.jpg,MCAS Legacy SKU Asset Check
G104,https://www.mcas.com.au/assets/full/G104.jpg,MCAS Legacy SKU Asset Check
G095,https://www.mcas.com.au/assets/full/G095.jpg,MCAS Legacy SKU Asset Check
G094,https://www.mcas.com.au/assets/full/G094.jpg,MCAS Legacy SKU Asset Check
G096,https://www.mcas.com.au/assets/full/G096.jpg,MCAS Legacy SKU Asset Check
G109,https://www.mcas.com.au/assets/full/G109.jpg,MCAS Legacy SKU Asset Check
G097,https://www.mcas.com.au/assets/full/G097.jpg,MCAS Legacy SKU Asset Check
G110,https://www.mcas.com.au/assets/full/G110.jpg,MCAS Legacy SKU Asset Check
G108,https://www.mcas.com.au/assets/full/G108.jpg,MCAS Legacy SKU Asset Check
FU4814020,https://www.mcas.com.au/assets/full/FU4814020.webp,MCAS Legacy SKU Asset Check
G149,https://www.mcas.com.au/assets/full/G149.jpg,MCAS Legacy SKU Asset Check
G151,https://www.mcas.com.au/assets/full/G151.jpg,MCAS Legacy SKU Asset Check
G154,https://www.mcas.com.au/assets/full/G154.jpg,MCAS Legacy SKU Asset Check
G148,https://www.mcas.com.au/assets/full/G148.jpg,MCAS Legacy SKU Asset Check
G156,https://www.mcas.com.au/assets/full/G156.jpg,MCAS Legacy SKU Asset Check
G155,https://www.mcas.com.au/assets/full/G155.jpg,MCAS Legacy SKU Asset Check
G147,https://www.mcas.com.au/assets/full/G147.jpg,MCAS Legacy SKU Asset Check
G163,https://www.mcas.com.au/assets/full/G163.jpg,MCAS Legacy SKU Asset Check
G152,https://www.mcas.com.au/assets/full/G152.jpg,MCAS Legacy SKU Asset Check
G157,https://www.mcas.com.au/assets/full/G157.jpg,MCAS Legacy SKU Asset Check
G164,https://www.mcas.com.au/assets/full/G164.jpg,MCAS Legacy SKU Asset Check
G168,https://www.mcas.com.au/assets/full/G168.jpg,MCAS Legacy SKU Asset Check
G162,https://www.mcas.com.au/assets/full/G162.jpg,MCAS Legacy SKU Asset Check
G170,https://www.mcas.com.au/assets/full/G170.jpg,MCAS Legacy SKU Asset Check
G165A,https://www.mcas.com.au/assets/full/G165A.jpg,MCAS Legacy SKU Asset Check
G165,https://www.mcas.com.au/assets/full/G165.jpg,MCAS Legacy SKU Asset Check
G175,https://www.mcas.com.au/assets/full/G175.jpg,MCAS Legacy SKU Asset Check
G166,https://www.mcas.com.au/assets/full/G166.jpg,MCAS Legacy SKU Asset Check
G171,https://www.mcas.com.au/assets/full/G171.jpg,MCAS Legacy SKU Asset Check
G176,https://www.mcas.com.au/assets/full/G176.jpg,MCAS Legacy SKU Asset Check
G177,https://www.mcas.com.au/assets/full/G177.jpg,MCAS Legacy SKU Asset Check
G174,https://www.mcas.com.au/assets/full/G174.jpg,MCAS Legacy SKU Asset Check
G193,https://www.mcas.com.au/assets/full/G193.jpg,MCAS Legacy SKU Asset Check
G186,https://www.mcas.com.au/assets/full/G186.jpg,MCAS Legacy SKU Asset Check
G185,https://www.mcas.com.au/assets/full/G185.jpg,MCAS Legacy SKU Asset Check
G192,https://www.mcas.com.au/assets/full/G192.jpg,MCAS Legacy SKU Asset Check
G194,https://www.mcas.com.au/assets/full/G194.jpg,MCAS Legacy SKU Asset Check
G184,https://www.mcas.com.au/assets/full/G184.jpg,MCAS Legacy SKU Asset Check
G190,https://www.mcas.com.au/assets/full/G190.jpg,MCAS Legacy SKU Asset Check
G191,https://www.mcas.com.au/assets/full/G191.jpg,MCAS Legacy SKU Asset Check
G197,https://www.mcas.com.au/assets/full/G197.jpg,MCAS Legacy SKU Asset Check
G209,https://www.mcas.com.au/assets/full/G209.jpg,MCAS Legacy SKU Asset Check
G205,https://www.mcas.com.au/assets/full/G205.jpg,MCAS Legacy SKU Asset Check
G203,https://www.mcas.com.au/assets/full/G203.jpg,MCAS Legacy SKU Asset Check
G204,https://www.mcas.com.au/assets/full/G204.jpg,MCAS Legacy SKU Asset Check
G196,https://www.mcas.com.au/assets/full/G196.jpg,MCAS Legacy SKU Asset Check
G198,https://www.mcas.com.au/assets/full/G198.jpg,MCAS Legacy SKU Asset Check
G208,https://www.mcas.com.au/assets/full/G208.jpg,MCAS Legacy SKU Asset Check
G206,https://www.mcas.com.au/assets/full/G206.jpg,MCAS Legacy SKU Asset Check
G202,https://www.mcas.com.au/assets/full/G202.jpg,MCAS Legacy SKU Asset Check
G211,https://www.mcas.com.au/assets/full/G211.jpg,MCAS Legacy SKU Asset Check
G201,https://www.mcas.com.au/assets/full/G201.webp,MCAS Legacy SKU Asset Check
G217707146,https://www.mcas.com.au/assets/full/G217707146.jpg,MCAS Legacy SKU Asset Check
G217707147,https://www.mcas.com.au/assets/full/G217707147.jpg,MCAS Legacy SKU Asset Check
G219701346,https://www.mcas.com.au/assets/full/G219701346.jpg,MCAS Legacy SKU Asset Check
G219701345,https://www.mcas.com.au/assets/full/G219701345.jpg,MCAS Legacy SKU Asset Check
G226200145,https://www.mcas.com.au/assets/full/G226200145.jpg,MCAS Legacy SKU Asset Check
G226200148,https://www.mcas.com.au/assets/full/G226200148.jpg,MCAS Legacy SKU Asset Check
G226200444,https://www.mcas.com.au/assets/full/G226200444.jpg,MCAS Legacy SKU Asset Check
G226200445,https://www.mcas.com.au/assets/full/G226200445.jpg,MCAS Legacy SKU Asset Check
G226200447,https://www.mcas.com.au/assets/full/G226200447.jpg,MCAS Legacy SKU Asset Check
G226200741,https://www.mcas.com.au/assets/full/G226200741.jpg,MCAS Legacy SKU Asset Check
H-CBK0085,https://www.mcas.com.au/assets/full/H-CBK0085.jpg,MCAS Legacy SKU Asset Check
H-HCSHIM02,https://www.mcas.com.au/assets/full/H-HCSHIM02.jpg,MCAS Legacy SKU Asset Check
KG1002W,https://www.mcas.com.au/assets/full/KG1002W.jpg,MCAS Legacy SKU Asset Check
KG1007W,https://www.mcas.com.au/assets/full/KG1007W.jpg,MCAS Legacy SKU Asset Check
KG1031W,https://www.mcas.com.au/assets/full/KG1031W.jpg,MCAS Legacy SKU Asset Check
KG1045W,https://www.mcas.com.au/assets/full/KG1045W.jpg,MCAS Legacy SKU Asset Check
KG1075W,https://www.mcas.com.au/assets/full/KG1075W.jpg,MCAS Legacy SKU Asset Check
KG1065W,https://www.mcas.com.au/assets/full/KG1065W.jpg,MCAS Legacy SKU Asset Check
KG1091W,https://www.mcas.com.au/assets/full/KG1091W.jpg,MCAS Legacy SKU Asset Check
KG1096W,https://www.mcas.com.au/assets/full/KG1096W.jpg,MCAS Legacy SKU Asset Check
KG1010,https://www.mcas.com.au/assets/full/KG1010.webp,MCAS Legacy SKU Asset Check
KG1215W,https://www.mcas.com.au/assets/full/KG1215W.jpg,MCAS Legacy SKU Asset Check
KG1553W,https://www.mcas.com.au/assets/full/KG1553W.jpg,MCAS Legacy SKU Asset Check
KG1560W,https://www.mcas.com.au/assets/full/KG1560W.jpg,MCAS Legacy SKU Asset Check
KG1034,https://www.mcas.com.au/assets/full/KG1034.webp,MCAS Legacy SKU Asset Check
KG2265W,https://www.mcas.com.au/assets/full/KG2265W.jpg,MCAS Legacy SKU Asset Check
KG2268W,https://www.mcas.com.au/assets/full/KG2268W.jpg,MCAS Legacy SKU Asset Check
KG2300W,https://www.mcas.com.au/assets/full/KG2300W.jpg,MCAS Legacy SKU Asset Check
KG1566,https://www.mcas.com.au/assets/full/KG1566.webp,MCAS Legacy SKU Asset Check
KG1582,https://www.mcas.com.au/assets/full/KG1582.webp,MCAS Legacy SKU Asset Check
KG3560W,https://www.mcas.com.au/assets/full/KG3560W.jpg,MCAS Legacy SKU Asset Check
KG3550W,https://www.mcas.com.au/assets/full/KG3550W.jpg,MCAS Legacy SKU Asset Check
KG3555W,https://www.mcas.com.au/assets/full/KG3555W.jpg,MCAS Legacy SKU Asset Check
KG3525W,https://www.mcas.com.au/assets/full/KG3525W.jpg,MCAS Legacy SKU Asset Check
KG3565W,https://www.mcas.com.au/assets/full/KG3565W.jpg,MCAS Legacy SKU Asset Check
KG4145W,https://www.mcas.com.au/assets/full/KG4145W.jpg,MCAS Legacy SKU Asset Check
KG2058W,https://www.mcas.com.au/assets/full/KG2058W.webp,MCAS Legacy SKU Asset Check
KG3835W,https://www.mcas.com.au/assets/full/KG3835W.jpg,MCAS Legacy SKU Asset Check
KG3850W,https://www.mcas.com.au/assets/full/KG3850W.jpg,MCAS Legacy SKU Asset Check
KG3865W,https://www.mcas.com.au/assets/full/KG3865W.jpg,MCAS Legacy SKU Asset Check
KG4160W,https://www.mcas.com.au/assets/full/KG4160W.jpg,MCAS Legacy SKU Asset Check
KG4110W,https://www.mcas.com.au/assets/full/KG4110W.jpg,MCAS Legacy SKU Asset Check
KG4215W,https://www.mcas.com.au/assets/full/KG4215W.jpg,MCAS Legacy SKU Asset Check
KG4221W,https://www.mcas.com.au/assets/full/KG4221W.jpg,MCAS Legacy SKU Asset Check
KG4300W,https://www.mcas.com.au/assets/full/KG4300W.jpg,MCAS Legacy SKU Asset Check
KG4250W,https://www.mcas.com.au/assets/full/KG4250W.jpg,MCAS Legacy SKU Asset Check
KG4325W,https://www.mcas.com.au/assets/full/KG4325W.jpg,MCAS Legacy SKU Asset Check
KG4365W,https://www.mcas.com.au/assets/full/KG4365W.jpg,MCAS Legacy SKU Asset Check
KG4385W,https://www.mcas.com.au/assets/full/KG4385W.jpg,MCAS Legacy SKU Asset Check
KG4220W,https://www.mcas.com.au/assets/full/KG4220W.webp,MCAS Legacy SKU Asset Check
KG4951W,https://www.mcas.com.au/assets/full/KG4951W.jpg,MCAS Legacy SKU Asset Check
KG4965W,https://www.mcas.com.au/assets/full/KG4965W.jpg,MCAS Legacy SKU Asset Check
KG4300,https://www.mcas.com.au/assets/full/KG4300.webp,MCAS Legacy SKU Asset Check
KG4968W,https://www.mcas.com.au/assets/full/KG4968W.jpg,MCAS Legacy SKU Asset Check
KG5009W,https://www.mcas.com.au/assets/full/KG5009W.jpg,MCAS Legacy SKU Asset Check
KG5017W,https://www.mcas.com.au/assets/full/KG5017W.jpg,MCAS Legacy SKU Asset Check
KG5018WA,https://www.mcas.com.au/assets/full/KG5018WA.jpg,MCAS Legacy SKU Asset Check
KG5018W,https://www.mcas.com.au/assets/full/KG5018W.jpg,MCAS Legacy SKU Asset Check
KG5014W,https://www.mcas.com.au/assets/full/KG5014W.jpg,MCAS Legacy SKU Asset Check
KG5021W,https://www.mcas.com.au/assets/full/KG5021W.jpg,MCAS Legacy SKU Asset Check
KG5032W,https://www.mcas.com.au/assets/full/KG5032W.jpg,MCAS Legacy SKU Asset Check
KG5022W,https://www.mcas.com.au/assets/full/KG5022W.jpg,MCAS Legacy SKU Asset Check
KG5046W,https://www.mcas.com.au/assets/full/KG5046W.jpg,MCAS Legacy SKU Asset Check
KG5051W,https://www.mcas.com.au/assets/full/KG5051W.jpg,MCAS Legacy SKU Asset Check
KG5058W,https://www.mcas.com.au/assets/full/KG5058W.jpg,MCAS Legacy SKU Asset Check
KG5055W,https://www.mcas.com.au/assets/full/KG5055W.jpg,MCAS Legacy SKU Asset Check
KG5053WB,https://www.mcas.com.au/assets/full/KG5053WB.jpg,MCAS Legacy SKU Asset Check
KG5067W,https://www.mcas.com.au/assets/full/KG5067W.jpg,MCAS Legacy SKU Asset Check
KG5082W,https://www.mcas.com.au/assets/full/KG5082W.jpg,MCAS Legacy SKU Asset Check
KG5096W,https://www.mcas.com.au/assets/full/KG5096W.jpg,MCAS Legacy SKU Asset Check
KG5085W,https://www.mcas.com.au/assets/full/KG5085W.jpg,MCAS Legacy SKU Asset Check
KG5090W,https://www.mcas.com.au/assets/full/KG5090W.jpg,MCAS Legacy SKU Asset Check
KG5107W,https://www.mcas.com.au/assets/full/KG5107W.jpg,MCAS Legacy SKU Asset Check
KG5102W,https://www.mcas.com.au/assets/full/KG5102W.jpg,MCAS Legacy SKU Asset Check
KG5111W,https://www.mcas.com.au/assets/full/KG5111W.jpg,MCAS Legacy SKU Asset Check
KG5116W,https://www.mcas.com.au/assets/full/KG5116W.jpg,MCAS Legacy SKU Asset Check
KG5123W,https://www.mcas.com.au/assets/full/KG5123W.jpg,MCAS Legacy SKU Asset Check
KG5126W,https://www.mcas.com.au/assets/full/KG5126W.jpg,MCAS Legacy SKU Asset Check
KG5137W,https://www.mcas.com.au/assets/full/KG5137W.jpg,MCAS Legacy SKU Asset Check
KG5128W,https://www.mcas.com.au/assets/full/KG5128W.jpg,MCAS Legacy SKU Asset Check
KG5150W,https://www.mcas.com.au/assets/full/KG5150W.jpg,MCAS Legacy SKU Asset Check
KG5151W,https://www.mcas.com.au/assets/full/KG5151W.jpg,MCAS Legacy SKU Asset Check
KG5155W,https://www.mcas.com.au/assets/full/KG5155W.jpg,MCAS Legacy SKU Asset Check
KG5122,https://www.mcas.com.au/assets/full/KG5122.webp,MCAS Legacy SKU Asset Check
KG5160W,https://www.mcas.com.au/assets/full/KG5160W.jpg,MCAS Legacy SKU Asset Check
KG5180W,https://www.mcas.com.au/assets/full/KG5180W.jpg,MCAS Legacy SKU Asset Check
KG5117,https://www.mcas.com.au/assets/full/KG5117.webp,MCAS Legacy SKU Asset Check
KG5168W,https://www.mcas.com.au/assets/full/KG5168W.jpg,MCAS Legacy SKU Asset Check
KG5164W,https://www.mcas.com.au/assets/full/KG5164W.jpg,MCAS Legacy SKU Asset Check
KG5185W,https://www.mcas.com.au/assets/full/KG5185W.jpg,MCAS Legacy SKU Asset Check
KG5184W,https://www.mcas.com.au/assets/full/KG5184W.jpg,MCAS Legacy SKU Asset Check
KG5182W,https://www.mcas.com.au/assets/full/KG5182W.jpg,MCAS Legacy SKU Asset Check
KG5139,https://www.mcas.com.au/assets/full/KG5139.webp,MCAS Legacy SKU Asset Check
KG5188W,https://www.mcas.com.au/assets/full/KG5188W.jpg,MCAS Legacy SKU Asset Check
KG5146,https://www.mcas.com.au/assets/full/KG5146.webp,MCAS Legacy SKU Asset Check
KG5187W,https://www.mcas.com.au/assets/full/KG5187W.jpg,MCAS Legacy SKU Asset Check
KG5149WB,https://www.mcas.com.au/assets/full/KG5149WB.webp,MCAS Legacy SKU Asset Check
KG5195W,https://www.mcas.com.au/assets/full/KG5195W.jpg,MCAS Legacy SKU Asset Check
KG5200W,https://www.mcas.com.au/assets/full/KG5200W.jpg,MCAS Legacy SKU Asset Check
KG5300W,https://www.mcas.com.au/assets/full/KG5300W.jpg,MCAS Legacy SKU Asset Check
KG5511W,https://www.mcas.com.au/assets/full/KG5511W.jpg,MCAS Legacy SKU Asset Check
KG5530W,https://www.mcas.com.au/assets/full/KG5530W.jpg,MCAS Legacy SKU Asset Check
KG6015W,https://www.mcas.com.au/assets/full/KG6015W.jpg,MCAS Legacy SKU Asset Check
KG6010W,https://www.mcas.com.au/assets/full/KG6010W.jpg,MCAS Legacy SKU Asset Check
KG6006W,https://www.mcas.com.au/assets/full/KG6006W.jpg,MCAS Legacy SKU Asset Check
KG6016W,https://www.mcas.com.au/assets/full/KG6016W.jpg,MCAS Legacy SKU Asset Check
KG6031W,https://www.mcas.com.au/assets/full/KG6031W.jpg,MCAS Legacy SKU Asset Check
KG6037W,https://www.mcas.com.au/assets/full/KG6037W.jpg,MCAS Legacy SKU Asset Check
KG6062W,https://www.mcas.com.au/assets/full/KG6062W.jpg,MCAS Legacy SKU Asset Check
KG6035W,https://www.mcas.com.au/assets/full/KG6035W.jpg,MCAS Legacy SKU Asset Check
KG6030W,https://www.mcas.com.au/assets/full/KG6030W.jpg,MCAS Legacy SKU Asset Check
KG6092W,https://www.mcas.com.au/assets/full/KG6092W.jpg,MCAS Legacy SKU Asset Check
KG6066W,https://www.mcas.com.au/assets/full/KG6066W.jpg,MCAS Legacy SKU Asset Check
KG5186,https://www.mcas.com.au/assets/full/KG5186.webp,MCAS Legacy SKU Asset Check
KG6090W,https://www.mcas.com.au/assets/full/KG6090W.jpg,MCAS Legacy SKU Asset Check
KG6085W,https://www.mcas.com.au/assets/full/KG6085W.jpg,MCAS Legacy SKU Asset Check
KG6111W,https://www.mcas.com.au/assets/full/KG6111W.jpg,MCAS Legacy SKU Asset Check
KG6115W,https://www.mcas.com.au/assets/full/KG6115W.jpg,MCAS Legacy SKU Asset Check
KG6116W,https://www.mcas.com.au/assets/full/KG6116W.jpg,MCAS Legacy SKU Asset Check
KG6151W,https://www.mcas.com.au/assets/full/KG6151W.jpg,MCAS Legacy SKU Asset Check
KG6159W,https://www.mcas.com.au/assets/full/KG6159W.jpg,MCAS Legacy SKU Asset Check
KG6164W,https://www.mcas.com.au/assets/full/KG6164W.jpg,MCAS Legacy SKU Asset Check
KG6140W,https://www.mcas.com.au/assets/full/KG6140W.jpg,MCAS Legacy SKU Asset Check
KG6160W,https://www.mcas.com.au/assets/full/KG6160W.jpg,MCAS Legacy SKU Asset Check
KG6142W,https://www.mcas.com.au/assets/full/KG6142W.jpg,MCAS Legacy SKU Asset Check
KG6170W,https://www.mcas.com.au/assets/full/KG6170W.jpg,MCAS Legacy SKU Asset Check
KG6182W,https://www.mcas.com.au/assets/full/KG6182W.jpg,MCAS Legacy SKU Asset Check
KG6180W,https://www.mcas.com.au/assets/full/KG6180W.jpg,MCAS Legacy SKU Asset Check
KG6172W,https://www.mcas.com.au/assets/full/KG6172W.jpg,MCAS Legacy SKU Asset Check
KG6184W,https://www.mcas.com.au/assets/full/KG6184W.jpg,MCAS Legacy SKU Asset Check
KG6250W,https://www.mcas.com.au/assets/full/KG6250W.jpg,MCAS Legacy SKU Asset Check
KG6260W,https://www.mcas.com.au/assets/full/KG6260W.jpg,MCAS Legacy SKU Asset Check
KG6228W,https://www.mcas.com.au/assets/full/KG6228W.jpg,MCAS Legacy SKU Asset Check
KG6251W,https://www.mcas.com.au/assets/full/KG6251W.jpg,MCAS Legacy SKU Asset Check
KG6291W,https://www.mcas.com.au/assets/full/KG6291W.jpg,MCAS Legacy SKU Asset Check
KG6302W,https://www.mcas.com.au/assets/full/KG6302W.jpg,MCAS Legacy SKU Asset Check
KG6272W,https://www.mcas.com.au/assets/full/KG6272W.jpg,MCAS Legacy SKU Asset Check
KG6262W,https://www.mcas.com.au/assets/full/KG6262W.jpg,MCAS Legacy SKU Asset Check
KG6281W,https://www.mcas.com.au/assets/full/KG6281W.jpg,MCAS Legacy SKU Asset Check
KG6326W,https://www.mcas.com.au/assets/full/KG6326W.jpg,MCAS Legacy SKU Asset Check
KG6311W,https://www.mcas.com.au/assets/full/KG6311W.jpg,MCAS Legacy SKU Asset Check
KG6335W,https://www.mcas.com.au/assets/full/KG6335W.jpg,MCAS Legacy SKU Asset Check
KG6339W,https://www.mcas.com.au/assets/full/KG6339W.jpg,MCAS Legacy SKU Asset Check
KG6336W,https://www.mcas.com.au/assets/full/KG6336W.jpg,MCAS Legacy SKU Asset Check
KG6374W,https://www.mcas.com.au/assets/full/KG6374W.jpg,MCAS Legacy SKU Asset Check
KG6381W,https://www.mcas.com.au/assets/full/KG6381W.jpg,MCAS Legacy SKU Asset Check
KG6415W,https://www.mcas.com.au/assets/full/KG6415W.jpg,MCAS Legacy SKU Asset Check
KG6416W,https://www.mcas.com.au/assets/full/KG6416W.jpg,MCAS Legacy SKU Asset Check
KG6389W,https://www.mcas.com.au/assets/full/KG6389W.jpg,MCAS Legacy SKU Asset Check
KG6417W,https://www.mcas.com.au/assets/full/KG6417W.jpg,MCAS Legacy SKU Asset Check
KG6421W,https://www.mcas.com.au/assets/full/KG6421W.jpg,MCAS Legacy SKU Asset Check
KG6430WA,https://www.mcas.com.au/assets/full/KG6430WA.jpg,MCAS Legacy SKU Asset Check
KG6432W,https://www.mcas.com.au/assets/full/KG6432W.jpg,MCAS Legacy SKU Asset Check
KG6436W,https://www.mcas.com.au/assets/full/KG6436W.jpg,MCAS Legacy SKU Asset Check
KG6431W,https://www.mcas.com.au/assets/full/KG6431W.jpg,MCAS Legacy SKU Asset Check
KG6423W,https://www.mcas.com.au/assets/full/KG6423W.jpg,MCAS Legacy SKU Asset Check
KG6460W,https://www.mcas.com.au/assets/full/KG6460W.jpg,MCAS Legacy SKU Asset Check
KG6444W,https://www.mcas.com.au/assets/full/KG6444W.jpg,MCAS Legacy SKU Asset Check
KG6500W,https://www.mcas.com.au/assets/full/KG6500W.jpg,MCAS Legacy SKU Asset Check
KG6505W,https://www.mcas.com.au/assets/full/KG6505W.jpg,MCAS Legacy SKU Asset Check
KG6506W,https://www.mcas.com.au/assets/full/KG6506W.jpg,MCAS Legacy SKU Asset Check
KG6515W,https://www.mcas.com.au/assets/full/KG6515W.jpg,MCAS Legacy SKU Asset Check
KG6535W,https://www.mcas.com.au/assets/full/KG6535W.jpg,MCAS Legacy SKU Asset Check
KG6580W,https://www.mcas.com.au/assets/full/KG6580W.jpg,MCAS Legacy SKU Asset Check
KG6821W,https://www.mcas.com.au/assets/full/KG6821W.jpg,MCAS Legacy SKU Asset Check
KG6818,https://www.mcas.com.au/assets/full/KG6818.webp,MCAS Legacy SKU Asset Check
KHA-6519,https://www.mcas.com.au/assets/full/KHA-6519.jpg,MCAS Legacy SKU Asset Check
KHA-9916,https://www.mcas.com.au/assets/full/KHA-9916.jpg,MCAS Legacy SKU Asset Check
KN-111,https://www.mcas.com.au/assets/full/KN-111.jpg,MCAS Legacy SKU Asset Check
KN-138,https://www.mcas.com.au/assets/full/KN-138.jpg,MCAS Legacy SKU Asset Check
KN-113,https://www.mcas.com.au/assets/full/KN-113.webp,MCAS Legacy SKU Asset Check
KN-136,https://www.mcas.com.au/assets/full/KN-136.jpg,MCAS Legacy SKU Asset Check
KN-140,https://www.mcas.com.au/assets/full/KN-140.jpg,MCAS Legacy SKU Asset Check
KN-126,https://www.mcas.com.au/assets/full/KN-126.webp,MCAS Legacy SKU Asset Check
KN-128,https://www.mcas.com.au/assets/full/KN-128.webp,MCAS Legacy SKU Asset Check
KN-131,https://www.mcas.com.au/assets/full/KN-131.webp,MCAS Legacy SKU Asset Check
KN-153,https://www.mcas.com.au/assets/full/KN-153.jpg,MCAS Legacy SKU Asset Check
KN-137,https://www.mcas.com.au/assets/full/KN-137.webp,MCAS Legacy SKU Asset Check
KN-138C,https://www.mcas.com.au/assets/full/KN-138C.webp,MCAS Legacy SKU Asset Check
KN-155,https://www.mcas.com.au/assets/full/KN-155.jpg,MCAS Legacy SKU Asset Check
KN-141,https://www.mcas.com.au/assets/full/KN-141.webp,MCAS Legacy SKU Asset Check
KN-160,https://www.mcas.com.au/assets/full/KN-160.jpg,MCAS Legacy SKU Asset Check
KN-163,https://www.mcas.com.au/assets/full/KN-163.jpg,MCAS Legacy SKU Asset Check
KN-144,https://www.mcas.com.au/assets/full/KN-144.webp,MCAS Legacy SKU Asset Check
KN-164,https://www.mcas.com.au/assets/full/KN-164.jpg,MCAS Legacy SKU Asset Check
KN-170C,https://www.mcas.com.au/assets/full/KN-170C.jpg,MCAS Legacy SKU Asset Check
KN-161,https://www.mcas.com.au/assets/full/KN-161.jpg,MCAS Legacy SKU Asset Check
KN-170,https://www.mcas.com.au/assets/full/KN-170.jpg,MCAS Legacy SKU Asset Check
KN-171B,https://www.mcas.com.au/assets/full/KN-171B.jpg,MCAS Legacy SKU Asset Check
KN-177,https://www.mcas.com.au/assets/full/KN-177.jpg,MCAS Legacy SKU Asset Check
KN-174B,https://www.mcas.com.au/assets/full/KN-174B.jpg,MCAS Legacy SKU Asset Check
KN-171C,https://www.mcas.com.au/assets/full/KN-171C.jpg,MCAS Legacy SKU Asset Check
KN-198,https://www.mcas.com.au/assets/full/KN-198.jpg,MCAS Legacy SKU Asset Check
KN-191,https://www.mcas.com.au/assets/full/KN-191.jpg,MCAS Legacy SKU Asset Check
KN-159,https://www.mcas.com.au/assets/full/KN-159.webp,MCAS Legacy SKU Asset Check
KN-303,https://www.mcas.com.au/assets/full/KN-303.jpg,MCAS Legacy SKU Asset Check
KN-172C,https://www.mcas.com.au/assets/full/KN-172C.webp,MCAS Legacy SKU Asset Check
KN-401,https://www.mcas.com.au/assets/full/KN-401.jpg,MCAS Legacy SKU Asset Check
KN-173C,https://www.mcas.com.au/assets/full/KN-173C.webp,MCAS Legacy SKU Asset Check
KN-192,https://www.mcas.com.au/assets/full/KN-192.webp,MCAS Legacy SKU Asset Check
KN-202,https://www.mcas.com.au/assets/full/KN-202.webp,MCAS Legacy SKU Asset Check
KN-564,https://www.mcas.com.au/assets/full/KN-564.jpg,MCAS Legacy SKU Asset Check
KN-652,https://www.mcas.com.au/assets/full/KN-652.jpg,MCAS Legacy SKU Asset Check
KN2008,https://www.mcas.com.au/assets/full/KN2008.jpg,MCAS Legacy SKU Asset Check
KN2012,https://www.mcas.com.au/assets/full/KN2012.jpg,MCAS Legacy SKU Asset Check
KN2013,https://www.mcas.com.au/assets/full/KN2013.jpg,MCAS Legacy SKU Asset Check
KN2009,https://www.mcas.com.au/assets/full/KN2009.jpg,MCAS Legacy SKU Asset Check
KN2007,https://www.mcas.com.au/assets/full/KN2007.jpg,MCAS Legacy SKU Asset Check
KN2010,https://www.mcas.com.au/assets/full/KN2010.jpg,MCAS Legacy SKU Asset Check
KN2015,https://www.mcas.com.au/assets/full/KN2015.jpg,MCAS Legacy SKU Asset Check
KN2014,https://www.mcas.com.au/assets/full/KN2014.jpg,MCAS Legacy SKU Asset Check
KN2011,https://www.mcas.com.au/assets/full/KN2011.jpg,MCAS Legacy SKU Asset Check
KN2021,https://www.mcas.com.au/assets/full/KN2021.jpg,MCAS Legacy SKU Asset Check
KN2024,https://www.mcas.com.au/assets/full/KN2024.jpg,MCAS Legacy SKU Asset Check
KN2023,https://www.mcas.com.au/assets/full/KN2023.jpg,MCAS Legacy SKU Asset Check
KN2022,https://www.mcas.com.au/assets/full/KN2022.jpg,MCAS Legacy SKU Asset Check
KN2017,https://www.mcas.com.au/assets/full/KN2017.jpg,MCAS Legacy SKU Asset Check
KN2026,https://www.mcas.com.au/assets/full/KN2026.jpg,MCAS Legacy SKU Asset Check
KN-621,https://www.mcas.com.au/assets/full/KN-621.webp,MCAS Legacy SKU Asset Check
KN2020,https://www.mcas.com.au/assets/full/KN2020.jpg,MCAS Legacy SKU Asset Check
KN2018,https://www.mcas.com.au/assets/full/KN2018.jpg,MCAS Legacy SKU Asset Check
KN2028,https://www.mcas.com.au/assets/full/KN2028.jpg,MCAS Legacy SKU Asset Check
KN2030,https://www.mcas.com.au/assets/full/KN2030.jpg,MCAS Legacy SKU Asset Check
KN2040,https://www.mcas.com.au/assets/full/KN2040.jpg,MCAS Legacy SKU Asset Check
KN2031,https://www.mcas.com.au/assets/full/KN2031.jpg,MCAS Legacy SKU Asset Check
KN2035,https://www.mcas.com.au/assets/full/KN2035.jpg,MCAS Legacy SKU Asset Check
KN2046,https://www.mcas.com.au/assets/full/KN2046.jpg,MCAS Legacy SKU Asset Check
KN2025,https://www.mcas.com.au/assets/full/KN2025.jpg,MCAS Legacy SKU Asset Check
KN2045,https://www.mcas.com.au/assets/full/KN2045.jpg,MCAS Legacy SKU Asset Check
KN2078,https://www.mcas.com.au/assets/full/KN2078.jpg,MCAS Legacy SKU Asset Check
KN2060,https://www.mcas.com.au/assets/full/KN2060.jpg,MCAS Legacy SKU Asset Check
KN2062,https://www.mcas.com.au/assets/full/KN2062.jpg,MCAS Legacy SKU Asset Check
KN2064,https://www.mcas.com.au/assets/full/KN2064.jpg,MCAS Legacy SKU Asset Check
KN2061,https://www.mcas.com.au/assets/full/KN2061.jpg,MCAS Legacy SKU Asset Check
KN2095,https://www.mcas.com.au/assets/full/KN2095.jpg,MCAS Legacy SKU Asset Check
KN2079,https://www.mcas.com.au/assets/full/KN2079.jpg,MCAS Legacy SKU Asset Check
KN2085,https://www.mcas.com.au/assets/full/KN2085.jpg,MCAS Legacy SKU Asset Check
KN2094,https://www.mcas.com.au/assets/full/KN2094.jpg,MCAS Legacy SKU Asset Check
KN2097,https://www.mcas.com.au/assets/full/KN2097.jpg,MCAS Legacy SKU Asset Check
KN2055,https://www.mcas.com.au/assets/full/KN2055.jpg,MCAS Legacy SKU Asset Check
KN2054,https://www.mcas.com.au/assets/full/KN2054.jpg,MCAS Legacy SKU Asset Check
KN2050,https://www.mcas.com.au/assets/full/KN2050.jpg,MCAS Legacy SKU Asset Check
KN2080,https://www.mcas.com.au/assets/full/KN2080.jpg,MCAS Legacy SKU Asset Check
KN2065,https://www.mcas.com.au/assets/full/KN2065.jpg,MCAS Legacy SKU Asset Check
KN2120,https://www.mcas.com.au/assets/full/KN2120.jpg,MCAS Legacy SKU Asset Check
KN2091,https://www.mcas.com.au/assets/full/KN2091.jpg,MCAS Legacy SKU Asset Check
KN2105,https://www.mcas.com.au/assets/full/KN2105.jpg,MCAS Legacy SKU Asset Check
KN2063,https://www.mcas.com.au/assets/full/KN2063.jpg,MCAS Legacy SKU Asset Check
KN2115,https://www.mcas.com.au/assets/full/KN2115.jpg,MCAS Legacy SKU Asset Check
KN2090,https://www.mcas.com.au/assets/full/KN2090.jpg,MCAS Legacy SKU Asset Check
KN2093,https://www.mcas.com.au/assets/full/KN2093.jpg,MCAS Legacy SKU Asset Check
KN2110,https://www.mcas.com.au/assets/full/KN2110.jpg,MCAS Legacy SKU Asset Check
KN2133,https://www.mcas.com.au/assets/full/KN2133.jpg,MCAS Legacy SKU Asset Check
KN2136,https://www.mcas.com.au/assets/full/KN2136.jpg,MCAS Legacy SKU Asset Check
KN2100,https://www.mcas.com.au/assets/full/KN2100.jpg,MCAS Legacy SKU Asset Check
KN2135,https://www.mcas.com.au/assets/full/KN2135.jpg,MCAS Legacy SKU Asset Check
KN2125,https://www.mcas.com.au/assets/full/KN2125.jpg,MCAS Legacy SKU Asset Check
KN2134,https://www.mcas.com.au/assets/full/KN2134.jpg,MCAS Legacy SKU Asset Check
KN2140,https://www.mcas.com.au/assets/full/KN2140.jpg,MCAS Legacy SKU Asset Check
KN2126,https://www.mcas.com.au/assets/full/KN2126.jpg,MCAS Legacy SKU Asset Check
KN2148,https://www.mcas.com.au/assets/full/KN2148.jpg,MCAS Legacy SKU Asset Check
KN2145,https://www.mcas.com.au/assets/full/KN2145.jpg,MCAS Legacy SKU Asset Check
KN2130,https://www.mcas.com.au/assets/full/KN2130.jpg,MCAS Legacy SKU Asset Check
KN2137,https://www.mcas.com.au/assets/full/KN2137.jpg,MCAS Legacy SKU Asset Check
KN2167,https://www.mcas.com.au/assets/full/KN2167.jpg,MCAS Legacy SKU Asset Check
KN2161,https://www.mcas.com.au/assets/full/KN2161.jpg,MCAS Legacy SKU Asset Check
KN2142,https://www.mcas.com.au/assets/full/KN2142.jpg,MCAS Legacy SKU Asset Check
KN2147,https://www.mcas.com.au/assets/full/KN2147.jpg,MCAS Legacy SKU Asset Check
KN2150,https://www.mcas.com.au/assets/full/KN2150.jpg,MCAS Legacy SKU Asset Check
KN2160,https://www.mcas.com.au/assets/full/KN2160.jpg,MCAS Legacy SKU Asset Check
KN2175,https://www.mcas.com.au/assets/full/KN2175.jpg,MCAS Legacy SKU Asset Check
KN2172,https://www.mcas.com.au/assets/full/KN2172.jpg,MCAS Legacy SKU Asset Check
KN2171,https://www.mcas.com.au/assets/full/KN2171.jpg,MCAS Legacy SKU Asset Check
KN2169,https://www.mcas.com.au/assets/full/KN2169.jpg,MCAS Legacy SKU Asset Check
KN2155,https://www.mcas.com.au/assets/full/KN2155.jpg,MCAS Legacy SKU Asset Check
KN2168,https://www.mcas.com.au/assets/full/KN2168.jpg,MCAS Legacy SKU Asset Check
KN2170,https://www.mcas.com.au/assets/full/KN2170.jpg,MCAS Legacy SKU Asset Check
KN2203,https://www.mcas.com.au/assets/full/KN2203.jpg,MCAS Legacy SKU Asset Check
KN2180,https://www.mcas.com.au/assets/full/KN2180.jpg,MCAS Legacy SKU Asset Check
KN2207,https://www.mcas.com.au/assets/full/KN2207.jpg,MCAS Legacy SKU Asset Check
KN2185,https://www.mcas.com.au/assets/full/KN2185.jpg,MCAS Legacy SKU Asset Check
KN2202,https://www.mcas.com.au/assets/full/KN2202.jpg,MCAS Legacy SKU Asset Check
KN2206,https://www.mcas.com.au/assets/full/KN2206.jpg,MCAS Legacy SKU Asset Check
KN2201,https://www.mcas.com.au/assets/full/KN2201.jpg,MCAS Legacy SKU Asset Check
KN2209,https://www.mcas.com.au/assets/full/KN2209.jpg,MCAS Legacy SKU Asset Check
KN2224,https://www.mcas.com.au/assets/full/KN2224.jpg,MCAS Legacy SKU Asset Check
KN2212,https://www.mcas.com.au/assets/full/KN2212.jpg,MCAS Legacy SKU Asset Check
KN2221,https://www.mcas.com.au/assets/full/KN2221.jpg,MCAS Legacy SKU Asset Check
KN2208,https://www.mcas.com.au/assets/full/KN2208.jpg,MCAS Legacy SKU Asset Check
KN2220,https://www.mcas.com.au/assets/full/KN2220.jpg,MCAS Legacy SKU Asset Check
KN2215,https://www.mcas.com.au/assets/full/KN2215.jpg,MCAS Legacy SKU Asset Check
KN2211,https://www.mcas.com.au/assets/full/KN2211.jpg,MCAS Legacy SKU Asset Check
KN2223,https://www.mcas.com.au/assets/full/KN2223.jpg,MCAS Legacy SKU Asset Check
KN2216,https://www.mcas.com.au/assets/full/KN2216.jpg,MCAS Legacy SKU Asset Check
KN2222,https://www.mcas.com.au/assets/full/KN2222.jpg,MCAS Legacy SKU Asset Check
KN2210,https://www.mcas.com.au/assets/full/KN2210.jpg,MCAS Legacy SKU Asset Check
KN2230,https://www.mcas.com.au/assets/full/KN2230.jpg,MCAS Legacy SKU Asset Check
KN2226,https://www.mcas.com.au/assets/full/KN2226.jpg,MCAS Legacy SKU Asset Check
KN2235,https://www.mcas.com.au/assets/full/KN2235.jpg,MCAS Legacy SKU Asset Check
KN2240,https://www.mcas.com.au/assets/full/KN2240.jpg,MCAS Legacy SKU Asset Check
KN2242,https://www.mcas.com.au/assets/full/KN2242.jpg,MCAS Legacy SKU Asset Check
KN2246,https://www.mcas.com.au/assets/full/KN2246.jpg,MCAS Legacy SKU Asset Check
KN2228,https://www.mcas.com.au/assets/full/KN2228.jpg,MCAS Legacy SKU Asset Check
KN2247,https://www.mcas.com.au/assets/full/KN2247.jpg,MCAS Legacy SKU Asset Check
KN2248,https://www.mcas.com.au/assets/full/KN2248.jpg,MCAS Legacy SKU Asset Check
KN2250,https://www.mcas.com.au/assets/full/KN2250.jpg,MCAS Legacy SKU Asset Check
KN2251,https://www.mcas.com.au/assets/full/KN2251.jpg,MCAS Legacy SKU Asset Check
KN2231,https://www.mcas.com.au/assets/full/KN2231.jpg,MCAS Legacy SKU Asset Check
KN2241,https://www.mcas.com.au/assets/full/KN2241.jpg,MCAS Legacy SKU Asset Check
KN2255,https://www.mcas.com.au/assets/full/KN2255.jpg,MCAS Legacy SKU Asset Check
KN2249,https://www.mcas.com.au/assets/full/KN2249.jpg,MCAS Legacy SKU Asset Check
KN2625,https://www.mcas.com.au/assets/full/KN2625.jpg,MCAS Legacy SKU Asset Check
KN2650,https://www.mcas.com.au/assets/full/KN2650.jpg,MCAS Legacy SKU Asset Check
KN2620,https://www.mcas.com.au/assets/full/KN2620.jpg,MCAS Legacy SKU Asset Check
KN2696,https://www.mcas.com.au/assets/full/KN2696.jpg,MCAS Legacy SKU Asset Check
KN2630,https://www.mcas.com.au/assets/full/KN2630.jpg,MCAS Legacy SKU Asset Check
KN2730,https://www.mcas.com.au/assets/full/KN2730.jpg,MCAS Legacy SKU Asset Check
KN2660,https://www.mcas.com.au/assets/full/KN2660.jpg,MCAS Legacy SKU Asset Check
KN2675,https://www.mcas.com.au/assets/full/KN2675.jpg,MCAS Legacy SKU Asset Check
KN2665,https://www.mcas.com.au/assets/full/KN2665.jpg,MCAS Legacy SKU Asset Check
KN2640,https://www.mcas.com.au/assets/full/KN2640.jpg,MCAS Legacy SKU Asset Check
KN2695,https://www.mcas.com.au/assets/full/KN2695.jpg,MCAS Legacy SKU Asset Check
KN2735,https://www.mcas.com.au/assets/full/KN2735.jpg,MCAS Legacy SKU Asset Check
KN2785,https://www.mcas.com.au/assets/full/KN2785.jpg,MCAS Legacy SKU Asset Check
KN2820,https://www.mcas.com.au/assets/full/KN2820.jpg,MCAS Legacy SKU Asset Check
KN2670,https://www.mcas.com.au/assets/full/KN2670.jpg,MCAS Legacy SKU Asset Check
KN2690,https://www.mcas.com.au/assets/full/KN2690.jpg,MCAS Legacy SKU Asset Check
KN2825,https://www.mcas.com.au/assets/full/KN2825.jpg,MCAS Legacy SKU Asset Check
KN2790,https://www.mcas.com.au/assets/full/KN2790.jpg,MCAS Legacy SKU Asset Check
KN2750,https://www.mcas.com.au/assets/full/KN2750.jpg,MCAS Legacy SKU Asset Check
KN2830,https://www.mcas.com.au/assets/full/KN2830.jpg,MCAS Legacy SKU Asset Check
KN2850,https://www.mcas.com.au/assets/full/KN2850.jpg,MCAS Legacy SKU Asset Check
KN2835,https://www.mcas.com.au/assets/full/KN2835.jpg,MCAS Legacy SKU Asset Check
KN2880,https://www.mcas.com.au/assets/full/KN2880.jpg,MCAS Legacy SKU Asset Check
KN2840,https://www.mcas.com.au/assets/full/KN2840.jpg,MCAS Legacy SKU Asset Check
KN2865,https://www.mcas.com.au/assets/full/KN2865.jpg,MCAS Legacy SKU Asset Check
KN2900,https://www.mcas.com.au/assets/full/KN2900.jpg,MCAS Legacy SKU Asset Check
KN2898,https://www.mcas.com.au/assets/full/KN2898.jpg,MCAS Legacy SKU Asset Check
KN2860,https://www.mcas.com.au/assets/full/KN2860.jpg,MCAS Legacy SKU Asset Check
KN2910,https://www.mcas.com.au/assets/full/KN2910.jpg,MCAS Legacy SKU Asset Check
KN2879,https://www.mcas.com.au/assets/full/KN2879.jpg,MCAS Legacy SKU Asset Check
KN2911,https://www.mcas.com.au/assets/full/KN2911.jpg,MCAS Legacy SKU Asset Check
KN2907,https://www.mcas.com.au/assets/full/KN2907.jpg,MCAS Legacy SKU Asset Check
KN2912,https://www.mcas.com.au/assets/full/KN2912.jpg,MCAS Legacy SKU Asset Check
KN2915,https://www.mcas.com.au/assets/full/KN2915.jpg,MCAS Legacy SKU Asset Check
KN2905,https://www.mcas.com.au/assets/full/KN2905.jpg,MCAS Legacy SKU Asset Check
KN2913,https://www.mcas.com.au/assets/full/KN2913.jpg,MCAS Legacy SKU Asset Check
KN2932,https://www.mcas.com.au/assets/full/KN2932.jpg,MCAS Legacy SKU Asset Check
KN2945,https://www.mcas.com.au/assets/full/KN2945.jpg,MCAS Legacy SKU Asset Check
KN2940,https://www.mcas.com.au/assets/full/KN2940.jpg,MCAS Legacy SKU Asset Check
KN2960,https://www.mcas.com.au/assets/full/KN2960.jpg,MCAS Legacy SKU Asset Check
KN2925,https://www.mcas.com.au/assets/full/KN2925.jpg,MCAS Legacy SKU Asset Check
KN2947,https://www.mcas.com.au/assets/full/KN2947.jpg,MCAS Legacy SKU Asset Check
KN2980,https://www.mcas.com.au/assets/full/KN2980.jpg,MCAS Legacy SKU Asset Check
KN2975,https://www.mcas.com.au/assets/full/KN2975.jpg,MCAS Legacy SKU Asset Check
KN2948,https://www.mcas.com.au/assets/full/KN2948.jpg,MCAS Legacy SKU Asset Check
KN2950,https://www.mcas.com.au/assets/full/KN2950.jpg,MCAS Legacy SKU Asset Check
KN2930,https://www.mcas.com.au/assets/full/KN2930.jpg,MCAS Legacy SKU Asset Check
KN2942,https://www.mcas.com.au/assets/full/KN2942.jpg,MCAS Legacy SKU Asset Check
KN2939,https://www.mcas.com.au/assets/full/KN2939.jpg,MCAS Legacy SKU Asset Check
KN3027,https://www.mcas.com.au/assets/full/KN3027.jpg,MCAS Legacy SKU Asset Check
KN2955,https://www.mcas.com.au/assets/full/KN2955.jpg,MCAS Legacy SKU Asset Check
KN2985,https://www.mcas.com.au/assets/full/KN2985.jpg,MCAS Legacy SKU Asset Check
KN2995,https://www.mcas.com.au/assets/full/KN2995.jpg,MCAS Legacy SKU Asset Check
KN2970,https://www.mcas.com.au/assets/full/KN2970.jpg,MCAS Legacy SKU Asset Check
KN3050,https://www.mcas.com.au/assets/full/KN3050.jpg,MCAS Legacy SKU Asset Check
KN3045,https://www.mcas.com.au/assets/full/KN3045.jpg,MCAS Legacy SKU Asset Check
KN3055,https://www.mcas.com.au/assets/full/KN3055.jpg,MCAS Legacy SKU Asset Check
KN3105,https://www.mcas.com.au/assets/full/KN3105.jpg,MCAS Legacy SKU Asset Check
KN3110,https://www.mcas.com.au/assets/full/KN3110.jpg,MCAS Legacy SKU Asset Check
KN3075,https://www.mcas.com.au/assets/full/KN3075.jpg,MCAS Legacy SKU Asset Check
KN3083,https://www.mcas.com.au/assets/full/KN3083.jpg,MCAS Legacy SKU Asset Check
KN3064,https://www.mcas.com.au/assets/full/KN3064.jpg,MCAS Legacy SKU Asset Check
KN3108,https://www.mcas.com.au/assets/full/KN3108.jpg,MCAS Legacy SKU Asset Check
KN3120,https://www.mcas.com.au/assets/full/KN3120.jpg,MCAS Legacy SKU Asset Check
KN3112,https://www.mcas.com.au/assets/full/KN3112.jpg,MCAS Legacy SKU Asset Check
KN3080,https://www.mcas.com.au/assets/full/KN3080.jpg,MCAS Legacy SKU Asset Check
KN3066,https://www.mcas.com.au/assets/full/KN3066.jpg,MCAS Legacy SKU Asset Check
KN3109,https://www.mcas.com.au/assets/full/KN3109.jpg,MCAS Legacy SKU Asset Check
KN3174,https://www.mcas.com.au/assets/full/KN3174.jpg,MCAS Legacy SKU Asset Check
KN3087,https://www.mcas.com.au/assets/full/KN3087.jpg,MCAS Legacy SKU Asset Check
KN3113,https://www.mcas.com.au/assets/full/KN3113.jpg,MCAS Legacy SKU Asset Check
KN3115,https://www.mcas.com.au/assets/full/KN3115.jpg,MCAS Legacy SKU Asset Check
KN3179,https://www.mcas.com.au/assets/full/KN3179.jpg,MCAS Legacy SKU Asset Check
KN3180,https://www.mcas.com.au/assets/full/KN3180.jpg,MCAS Legacy SKU Asset Check
KN3175,https://www.mcas.com.au/assets/full/KN3175.jpg,MCAS Legacy SKU Asset Check
KN3185,https://www.mcas.com.au/assets/full/KN3185.jpg,MCAS Legacy SKU Asset Check
KN3173,https://www.mcas.com.au/assets/full/KN3173.jpg,MCAS Legacy SKU Asset Check
KN3183,https://www.mcas.com.au/assets/full/KN3183.jpg,MCAS Legacy SKU Asset Check
KN3237T,https://www.mcas.com.au/assets/full/KN3237T.jpg,MCAS Legacy SKU Asset Check
KN3220T,https://www.mcas.com.au/assets/full/KN3220T.jpg,MCAS Legacy SKU Asset Check
KN3240T,https://www.mcas.com.au/assets/full/KN3240T.jpg,MCAS Legacy SKU Asset Check
KN3178,https://www.mcas.com.au/assets/full/KN3178.jpg,MCAS Legacy SKU Asset Check
KN3210T,https://www.mcas.com.au/assets/full/KN3210T.jpg,MCAS Legacy SKU Asset Check
KN3205T,https://www.mcas.com.au/assets/full/KN3205T.jpg,MCAS Legacy SKU Asset Check
KN3235T,https://www.mcas.com.au/assets/full/KN3235T.jpg,MCAS Legacy SKU Asset Check
KN3257T,https://www.mcas.com.au/assets/full/KN3257T.jpg,MCAS Legacy SKU Asset Check
KN3230T,https://www.mcas.com.au/assets/full/KN3230T.jpg,MCAS Legacy SKU Asset Check
KN3262T,https://www.mcas.com.au/assets/full/KN3262T.jpg,MCAS Legacy SKU Asset Check
KN3265T,https://www.mcas.com.au/assets/full/KN3265T.jpg,MCAS Legacy SKU Asset Check
KN3255T,https://www.mcas.com.au/assets/full/KN3255T.jpg,MCAS Legacy SKU Asset Check
KN3250T,https://www.mcas.com.au/assets/full/KN3250T.jpg,MCAS Legacy SKU Asset Check
KN3267T,https://www.mcas.com.au/assets/full/KN3267T.jpg,MCAS Legacy SKU Asset Check
KN3260T,https://www.mcas.com.au/assets/full/KN3260T.jpg,MCAS Legacy SKU Asset Check
KN3280T,https://www.mcas.com.au/assets/full/KN3280T.jpg,MCAS Legacy SKU Asset Check
KN3337,https://www.mcas.com.au/assets/full/KN3337.jpg,MCAS Legacy SKU Asset Check
KN3330,https://www.mcas.com.au/assets/full/KN3330.jpg,MCAS Legacy SKU Asset Check
KN3350,https://www.mcas.com.au/assets/full/KN3350.jpg,MCAS Legacy SKU Asset Check
KN3345,https://www.mcas.com.au/assets/full/KN3345.jpg,MCAS Legacy SKU Asset Check
KN3355,https://www.mcas.com.au/assets/full/KN3355.jpg,MCAS Legacy SKU Asset Check
KN3285T,https://www.mcas.com.au/assets/full/KN3285T.jpg,MCAS Legacy SKU Asset Check
KN3270,https://www.mcas.com.au/assets/full/KN3270.jpg,MCAS Legacy SKU Asset Check
KN3370,https://www.mcas.com.au/assets/full/KN3370.jpg,MCAS Legacy SKU Asset Check
KN3320,https://www.mcas.com.au/assets/full/KN3320.jpg,MCAS Legacy SKU Asset Check
KN3335,https://www.mcas.com.au/assets/full/KN3335.jpg,MCAS Legacy SKU Asset Check
KN3365,https://www.mcas.com.au/assets/full/KN3365.jpg,MCAS Legacy SKU Asset Check
KN3357,https://www.mcas.com.au/assets/full/KN3357.jpg,MCAS Legacy SKU Asset Check
KN3340,https://www.mcas.com.au/assets/full/KN3340.jpg,MCAS Legacy SKU Asset Check
KN3415,https://www.mcas.com.au/assets/full/KN3415.jpg,MCAS Legacy SKU Asset Check
KN3360,https://www.mcas.com.au/assets/full/KN3360.jpg,MCAS Legacy SKU Asset Check
KN3455,https://www.mcas.com.au/assets/full/KN3455.jpg,MCAS Legacy SKU Asset Check
KN3420,https://www.mcas.com.au/assets/full/KN3420.jpg,MCAS Legacy SKU Asset Check
KN3430,https://www.mcas.com.au/assets/full/KN3430.jpg,MCAS Legacy SKU Asset Check
KN3380,https://www.mcas.com.au/assets/full/KN3380.jpg,MCAS Legacy SKU Asset Check
KN3435,https://www.mcas.com.au/assets/full/KN3435.jpg,MCAS Legacy SKU Asset Check
KN3530,https://www.mcas.com.au/assets/full/KN3530.jpg,MCAS Legacy SKU Asset Check
KN3413,https://www.mcas.com.au/assets/full/KN3413.jpg,MCAS Legacy SKU Asset Check
KN3665,https://www.mcas.com.au/assets/full/KN3665.jpg,MCAS Legacy SKU Asset Check
KN3545,https://www.mcas.com.au/assets/full/KN3545.jpg,MCAS Legacy SKU Asset Check
KN3667,https://www.mcas.com.au/assets/full/KN3667.jpg,MCAS Legacy SKU Asset Check
KN3215R,https://www.mcas.com.au/assets/full/KN3215R.webp,MCAS Legacy SKU Asset Check
KN3655,https://www.mcas.com.au/assets/full/KN3655.jpg,MCAS Legacy SKU Asset Check
KN3662,https://www.mcas.com.au/assets/full/KN3662.jpg,MCAS Legacy SKU Asset Check
KN3660,https://www.mcas.com.au/assets/full/KN3660.jpg,MCAS Legacy SKU Asset Check
KN3525,https://www.mcas.com.au/assets/full/KN3525.jpg,MCAS Legacy SKU Asset Check
KN3735,https://www.mcas.com.au/assets/full/KN3735.jpg,MCAS Legacy SKU Asset Check
KN3565,https://www.mcas.com.au/assets/full/KN3565.jpg,MCAS Legacy SKU Asset Check
KN3550,https://www.mcas.com.au/assets/full/KN3550.jpg,MCAS Legacy SKU Asset Check
KN3560,https://www.mcas.com.au/assets/full/KN3560.jpg,MCAS Legacy SKU Asset Check
KN3760,https://www.mcas.com.au/assets/full/KN3760.jpg,MCAS Legacy SKU Asset Check
KN3680,https://www.mcas.com.au/assets/full/KN3680.jpg,MCAS Legacy SKU Asset Check
KN3750,https://www.mcas.com.au/assets/full/KN3750.jpg,MCAS Legacy SKU Asset Check
KN3815,https://www.mcas.com.au/assets/full/KN3815.jpg,MCAS Legacy SKU Asset Check
KN3785,https://www.mcas.com.au/assets/full/KN3785.jpg,MCAS Legacy SKU Asset Check
KN3837T,https://www.mcas.com.au/assets/full/KN3837T.jpg,MCAS Legacy SKU Asset Check
KN3830,https://www.mcas.com.au/assets/full/KN3830.jpg,MCAS Legacy SKU Asset Check
KN3835T,https://www.mcas.com.au/assets/full/KN3835T.jpg,MCAS Legacy SKU Asset Check
KN3850T,https://www.mcas.com.au/assets/full/KN3850T.jpg,MCAS Legacy SKU Asset Check
KN3860T,https://www.mcas.com.au/assets/full/KN3860T.jpg,MCAS Legacy SKU Asset Check
KN3805X,https://www.mcas.com.au/assets/full/KN3805X.webp,MCAS Legacy SKU Asset Check
KN3865,https://www.mcas.com.au/assets/full/KN3865.jpg,MCAS Legacy SKU Asset Check
KN3862T,https://www.mcas.com.au/assets/full/KN3862T.jpg,MCAS Legacy SKU Asset Check
KN3865T,https://www.mcas.com.au/assets/full/KN3865T.jpg,MCAS Legacy SKU Asset Check
KN3891,https://www.mcas.com.au/assets/full/KN3891.jpg,MCAS Legacy SKU Asset Check
KN3910,https://www.mcas.com.au/assets/full/KN3910.jpg,MCAS Legacy SKU Asset Check
KN3858,https://www.mcas.com.au/assets/full/KN3858.webp,MCAS Legacy SKU Asset Check
KN3909,https://www.mcas.com.au/assets/full/KN3909.jpg,MCAS Legacy SKU Asset Check
KN3908,https://www.mcas.com.au/assets/full/KN3908.jpg,MCAS Legacy SKU Asset Check
KN3911,https://www.mcas.com.au/assets/full/KN3911.jpg,MCAS Legacy SKU Asset Check
KN3905,https://www.mcas.com.au/assets/full/KN3905.jpg,MCAS Legacy SKU Asset Check
KN3900,https://www.mcas.com.au/assets/full/KN3900.jpg,MCAS Legacy SKU Asset Check
KN3954,https://www.mcas.com.au/assets/full/KN3954.jpg,MCAS Legacy SKU Asset Check
KN3956,https://www.mcas.com.au/assets/full/KN3956.jpg,MCAS Legacy SKU Asset Check
KN3914,https://www.mcas.com.au/assets/full/KN3914.jpg,MCAS Legacy SKU Asset Check
KN3957,https://www.mcas.com.au/assets/full/KN3957.jpg,MCAS Legacy SKU Asset Check
KN3913,https://www.mcas.com.au/assets/full/KN3913.jpg,MCAS Legacy SKU Asset Check
KN3961,https://www.mcas.com.au/assets/full/KN3961.jpg,MCAS Legacy SKU Asset Check
KN3962,https://www.mcas.com.au/assets/full/KN3962.jpg,MCAS Legacy SKU Asset Check
KN3970,https://www.mcas.com.au/assets/full/KN3970.jpg,MCAS Legacy SKU Asset Check
KN4020,https://www.mcas.com.au/assets/full/KN4020.jpg,MCAS Legacy SKU Asset Check
KN4026,https://www.mcas.com.au/assets/full/KN4026.jpg,MCAS Legacy SKU Asset Check
KN4045,https://www.mcas.com.au/assets/full/KN4045.jpg,MCAS Legacy SKU Asset Check
KN3982,https://www.mcas.com.au/assets/full/KN3982.jpg,MCAS Legacy SKU Asset Check
KN3981,https://www.mcas.com.au/assets/full/KN3981.jpg,MCAS Legacy SKU Asset Check
KN4065,https://www.mcas.com.au/assets/full/KN4065.jpg,MCAS Legacy SKU Asset Check
KN4052,https://www.mcas.com.au/assets/full/KN4052.jpg,MCAS Legacy SKU Asset Check
KN4037,https://www.mcas.com.au/assets/full/KN4037.jpg,MCAS Legacy SKU Asset Check
KN3912,https://www.mcas.com.au/assets/full/KN3912.webp,MCAS Legacy SKU Asset Check
KN4044,https://www.mcas.com.au/assets/full/KN4044.jpg,MCAS Legacy SKU Asset Check
KN4071,https://www.mcas.com.au/assets/full/KN4071.jpg,MCAS Legacy SKU Asset Check
KN4057,https://www.mcas.com.au/assets/full/KN4057.jpg,MCAS Legacy SKU Asset Check
KN4075,https://www.mcas.com.au/assets/full/KN4075.jpg,MCAS Legacy SKU Asset Check
KN4115,https://www.mcas.com.au/assets/full/KN4115.jpg,MCAS Legacy SKU Asset Check
KN4116,https://www.mcas.com.au/assets/full/KN4116.jpg,MCAS Legacy SKU Asset Check
KN4092,https://www.mcas.com.au/assets/full/KN4092.jpg,MCAS Legacy SKU Asset Check
KN3915,https://www.mcas.com.au/assets/full/KN3915.webp,MCAS Legacy SKU Asset Check
KN4130,https://www.mcas.com.au/assets/full/KN4130.jpg,MCAS Legacy SKU Asset Check
KN4140,https://www.mcas.com.au/assets/full/KN4140.jpg,MCAS Legacy SKU Asset Check
KN4150,https://www.mcas.com.au/assets/full/KN4150.jpg,MCAS Legacy SKU Asset Check
KN4135,https://www.mcas.com.au/assets/full/KN4135.jpg,MCAS Legacy SKU Asset Check
KN4141,https://www.mcas.com.au/assets/full/KN4141.jpg,MCAS Legacy SKU Asset Check
KN4180,https://www.mcas.com.au/assets/full/KN4180.jpg,MCAS Legacy SKU Asset Check
KN4170,https://www.mcas.com.au/assets/full/KN4170.jpg,MCAS Legacy SKU Asset Check
KN4185,https://www.mcas.com.au/assets/full/KN4185.jpg,MCAS Legacy SKU Asset Check
KN4028,https://www.mcas.com.au/assets/full/KN4028.webp,MCAS Legacy SKU Asset Check
KN4190,https://www.mcas.com.au/assets/full/KN4190.jpg,MCAS Legacy SKU Asset Check
KN4040,https://www.mcas.com.au/assets/full/KN4040.webp,MCAS Legacy SKU Asset Check
KN4225,https://www.mcas.com.au/assets/full/KN4225.jpg,MCAS Legacy SKU Asset Check
KN4114,https://www.mcas.com.au/assets/full/KN4114.webp,MCAS Legacy SKU Asset Check
KN4220,https://www.mcas.com.au/assets/full/KN4220.jpg,MCAS Legacy SKU Asset Check
KN4151,https://www.mcas.com.au/assets/full/KN4151.webp,MCAS Legacy SKU Asset Check
KN4117,https://www.mcas.com.au/assets/full/KN4117.webp,MCAS Legacy SKU Asset Check
KN4121,https://www.mcas.com.au/assets/full/KN4121.webp,MCAS Legacy SKU Asset Check
KN4235,https://www.mcas.com.au/assets/full/KN4235.jpg,MCAS Legacy SKU Asset Check
KN4131,https://www.mcas.com.au/assets/full/KN4131.webp,MCAS Legacy SKU Asset Check
KN4265,https://www.mcas.com.au/assets/full/KN4265.jpg,MCAS Legacy SKU Asset Check
KN4240,https://www.mcas.com.au/assets/full/KN4240.jpg,MCAS Legacy SKU Asset Check
KN4136,https://www.mcas.com.au/assets/full/KN4136.webp,MCAS Legacy SKU Asset Check
KN4250,https://www.mcas.com.au/assets/full/KN4250.jpg,MCAS Legacy SKU Asset Check
KN4260,https://www.mcas.com.au/assets/full/KN4260.jpg,MCAS Legacy SKU Asset Check
KN4270,https://www.mcas.com.au/assets/full/KN4270.jpg,MCAS Legacy SKU Asset Check
KN4255,https://www.mcas.com.au/assets/full/KN4255.jpg,MCAS Legacy SKU Asset Check
KN4282,https://www.mcas.com.au/assets/full/KN4282.jpg,MCAS Legacy SKU Asset Check
KN4315,https://www.mcas.com.au/assets/full/KN4315.jpg,MCAS Legacy SKU Asset Check
KN4285,https://www.mcas.com.au/assets/full/KN4285.jpg,MCAS Legacy SKU Asset Check
KN4292,https://www.mcas.com.au/assets/full/KN4292.jpg,MCAS Legacy SKU Asset Check
KN4335,https://www.mcas.com.au/assets/full/KN4335.jpg,MCAS Legacy SKU Asset Check
KN4295,https://www.mcas.com.au/assets/full/KN4295.jpg,MCAS Legacy SKU Asset Check
KN4355,https://www.mcas.com.au/assets/full/KN4355.jpg,MCAS Legacy SKU Asset Check
KN4275,https://www.mcas.com.au/assets/full/KN4275.jpg,MCAS Legacy SKU Asset Check
KN4367,https://www.mcas.com.au/assets/full/KN4367.jpg,MCAS Legacy SKU Asset Check
KN4191,https://www.mcas.com.au/assets/full/KN4191.webp,MCAS Legacy SKU Asset Check
KN4340,https://www.mcas.com.au/assets/full/KN4340.jpg,MCAS Legacy SKU Asset Check
KN4186,https://www.mcas.com.au/assets/full/KN4186.webp,MCAS Legacy SKU Asset Check
KN4181,https://www.mcas.com.au/assets/full/KN4181.webp,MCAS Legacy SKU Asset Check
KN4350,https://www.mcas.com.au/assets/full/KN4350.jpg,MCAS Legacy SKU Asset Check
KN4365,https://www.mcas.com.au/assets/full/KN4365.jpg,MCAS Legacy SKU Asset Check
KN4322,https://www.mcas.com.au/assets/full/KN4322.jpg,MCAS Legacy SKU Asset Check
KN4440,https://www.mcas.com.au/assets/full/KN4440.jpg,MCAS Legacy SKU Asset Check
KN4445,https://www.mcas.com.au/assets/full/KN4445.jpg,MCAS Legacy SKU Asset Check
KN4230,https://www.mcas.com.au/assets/full/KN4230.webp,MCAS Legacy SKU Asset Check
KN4375,https://www.mcas.com.au/assets/full/KN4375.jpg,MCAS Legacy SKU Asset Check
KN4430,https://www.mcas.com.au/assets/full/KN4430.jpg,MCAS Legacy SKU Asset Check
KN4420,https://www.mcas.com.au/assets/full/KN4420.jpg,MCAS Legacy SKU Asset Check
KN4470,https://www.mcas.com.au/assets/full/KN4470.jpg,MCAS Legacy SKU Asset Check
KN4465,https://www.mcas.com.au/assets/full/KN4465.jpg,MCAS Legacy SKU Asset Check
KN4520,https://www.mcas.com.au/assets/full/KN4520.jpg,MCAS Legacy SKU Asset Check
KN4415,https://www.mcas.com.au/assets/full/KN4415.jpg,MCAS Legacy SKU Asset Check
KN4515,https://www.mcas.com.au/assets/full/KN4515.jpg,MCAS Legacy SKU Asset Check
KN4475,https://www.mcas.com.au/assets/full/KN4475.jpg,MCAS Legacy SKU Asset Check
KN4460,https://www.mcas.com.au/assets/full/KN4460.jpg,MCAS Legacy SKU Asset Check
KN4545,https://www.mcas.com.au/assets/full/KN4545.jpg,MCAS Legacy SKU Asset Check
KN4480,https://www.mcas.com.au/assets/full/KN4480.jpg,MCAS Legacy SKU Asset Check
KN4455,https://www.mcas.com.au/assets/full/KN4455.jpg,MCAS Legacy SKU Asset Check
KN4410,https://www.mcas.com.au/assets/full/KN4410.jpg,MCAS Legacy SKU Asset Check
KN4550,https://www.mcas.com.au/assets/full/KN4550.jpg,MCAS Legacy SKU Asset Check
KN4450,https://www.mcas.com.au/assets/full/KN4450.jpg,MCAS Legacy SKU Asset Check
KN4555,https://www.mcas.com.au/assets/full/KN4555.jpg,MCAS Legacy SKU Asset Check
KN4535,https://www.mcas.com.au/assets/full/KN4535.jpg,MCAS Legacy SKU Asset Check
KN4547,https://www.mcas.com.au/assets/full/KN4547.jpg,MCAS Legacy SKU Asset Check
KN4540,https://www.mcas.com.au/assets/full/KN4540.jpg,MCAS Legacy SKU Asset Check
KN4510,https://www.mcas.com.au/assets/full/KN4510.jpg,MCAS Legacy SKU Asset Check
KN4560,https://www.mcas.com.au/assets/full/KN4560.jpg,MCAS Legacy SKU Asset Check
KN4570,https://www.mcas.com.au/assets/full/KN4570.jpg,MCAS Legacy SKU Asset Check
KN4575,https://www.mcas.com.au/assets/full/KN4575.jpg,MCAS Legacy SKU Asset Check
KN4590,https://www.mcas.com.au/assets/full/KN4590.jpg,MCAS Legacy SKU Asset Check
KN4563,https://www.mcas.com.au/assets/full/KN4563.jpg,MCAS Legacy SKU Asset Check
KN4565,https://www.mcas.com.au/assets/full/KN4565.jpg,MCAS Legacy SKU Asset Check
KN4605,https://www.mcas.com.au/assets/full/KN4605.jpg,MCAS Legacy SKU Asset Check
KN4612,https://www.mcas.com.au/assets/full/KN4612.jpg,MCAS Legacy SKU Asset Check
KN4616,https://www.mcas.com.au/assets/full/KN4616.jpg,MCAS Legacy SKU Asset Check
KN4595,https://www.mcas.com.au/assets/full/KN4595.jpg,MCAS Legacy SKU Asset Check
KN4625,https://www.mcas.com.au/assets/full/KN4625.jpg,MCAS Legacy SKU Asset Check
KN4628,https://www.mcas.com.au/assets/full/KN4628.jpg,MCAS Legacy SKU Asset Check
KN4629,https://www.mcas.com.au/assets/full/KN4629.jpg,MCAS Legacy SKU Asset Check
KN4624,https://www.mcas.com.au/assets/full/KN4624.jpg,MCAS Legacy SKU Asset Check
KN4637,https://www.mcas.com.au/assets/full/KN4637.jpg,MCAS Legacy SKU Asset Check
KN4617,https://www.mcas.com.au/assets/full/KN4617.jpg,MCAS Legacy SKU Asset Check
KN4670,https://www.mcas.com.au/assets/full/KN4670.jpg,MCAS Legacy SKU Asset Check
KN4648,https://www.mcas.com.au/assets/full/KN4648.jpg,MCAS Legacy SKU Asset Check
KN4640,https://www.mcas.com.au/assets/full/KN4640.jpg,MCAS Legacy SKU Asset Check
KN4635,https://www.mcas.com.au/assets/full/KN4635.jpg,MCAS Legacy SKU Asset Check
KN4665,https://www.mcas.com.au/assets/full/KN4665.jpg,MCAS Legacy SKU Asset Check
KN4668,https://www.mcas.com.au/assets/full/KN4668.jpg,MCAS Legacy SKU Asset Check
KN4712,https://www.mcas.com.au/assets/full/KN4712.jpg,MCAS Legacy SKU Asset Check
KN4690,https://www.mcas.com.au/assets/full/KN4690.jpg,MCAS Legacy SKU Asset Check
KN4680,https://www.mcas.com.au/assets/full/KN4680.jpg,MCAS Legacy SKU Asset Check
KN4688,https://www.mcas.com.au/assets/full/KN4688.jpg,MCAS Legacy SKU Asset Check
KN4733,https://www.mcas.com.au/assets/full/KN4733.jpg,MCAS Legacy SKU Asset Check
KN4738,https://www.mcas.com.au/assets/full/KN4738.jpg,MCAS Legacy SKU Asset Check
KN4746,https://www.mcas.com.au/assets/full/KN4746.jpg,MCAS Legacy SKU Asset Check
KN4730,https://www.mcas.com.au/assets/full/KN4730.jpg,MCAS Legacy SKU Asset Check
KN4737,https://www.mcas.com.au/assets/full/KN4737.jpg,MCAS Legacy SKU Asset Check
KN4740,https://www.mcas.com.au/assets/full/KN4740.jpg,MCAS Legacy SKU Asset Check
KN4615,https://www.mcas.com.au/assets/full/KN4615.webp,MCAS Legacy SKU Asset Check
KN4739,https://www.mcas.com.au/assets/full/KN4739.jpg,MCAS Legacy SKU Asset Check
KN4743,https://www.mcas.com.au/assets/full/KN4743.jpg,MCAS Legacy SKU Asset Check
KN4747,https://www.mcas.com.au/assets/full/KN4747.jpg,MCAS Legacy SKU Asset Check
KN4749,https://www.mcas.com.au/assets/full/KN4749.jpg,MCAS Legacy SKU Asset Check
KN4751,https://www.mcas.com.au/assets/full/KN4751.jpg,MCAS Legacy SKU Asset Check
KN4757,https://www.mcas.com.au/assets/full/KN4757.jpg,MCAS Legacy SKU Asset Check
KN4744,https://www.mcas.com.au/assets/full/KN4744.jpg,MCAS Legacy SKU Asset Check
KN4610,https://www.mcas.com.au/assets/full/KN4610.webp,MCAS Legacy SKU Asset Check
KN4758,https://www.mcas.com.au/assets/full/KN4758.jpg,MCAS Legacy SKU Asset Check
KN4763,https://www.mcas.com.au/assets/full/KN4763.jpg,MCAS Legacy SKU Asset Check
KN4762,https://www.mcas.com.au/assets/full/KN4762.jpg,MCAS Legacy SKU Asset Check
KN4748,https://www.mcas.com.au/assets/full/KN4748.jpg,MCAS Legacy SKU Asset Check
KN4780,https://www.mcas.com.au/assets/full/KN4780.jpg,MCAS Legacy SKU Asset Check
KN4759,https://www.mcas.com.au/assets/full/KN4759.jpg,MCAS Legacy SKU Asset Check
KN4766,https://www.mcas.com.au/assets/full/KN4766.jpg,MCAS Legacy SKU Asset Check
KN4761,https://www.mcas.com.au/assets/full/KN4761.jpg,MCAS Legacy SKU Asset Check
KN4815,https://www.mcas.com.au/assets/full/KN4815.jpg,MCAS Legacy SKU Asset Check
KN4820,https://www.mcas.com.au/assets/full/KN4820.jpg,MCAS Legacy SKU Asset Check
KN4778,https://www.mcas.com.au/assets/full/KN4778.jpg,MCAS Legacy SKU Asset Check
KN4824,https://www.mcas.com.au/assets/full/KN4824.jpg,MCAS Legacy SKU Asset Check
KN4825,https://www.mcas.com.au/assets/full/KN4825.jpg,MCAS Legacy SKU Asset Check
KN4765,https://www.mcas.com.au/assets/full/KN4765.jpg,MCAS Legacy SKU Asset Check
KN4830,https://www.mcas.com.au/assets/full/KN4830.jpg,MCAS Legacy SKU Asset Check
KN4834,https://www.mcas.com.au/assets/full/KN4834.jpg,MCAS Legacy SKU Asset Check
KN4715,https://www.mcas.com.au/assets/full/KN4715.webp,MCAS Legacy SKU Asset Check
KN4764,https://www.mcas.com.au/assets/full/KN4764.jpg,MCAS Legacy SKU Asset Check
KN4849,https://www.mcas.com.au/assets/full/KN4849.jpg,MCAS Legacy SKU Asset Check
KN4875,https://www.mcas.com.au/assets/full/KN4875.jpg,MCAS Legacy SKU Asset Check
KN4847,https://www.mcas.com.au/assets/full/KN4847.jpg,MCAS Legacy SKU Asset Check
KN4840,https://www.mcas.com.au/assets/full/KN4840.jpg,MCAS Legacy SKU Asset Check
KN4725,https://www.mcas.com.au/assets/full/KN4725.webp,MCAS Legacy SKU Asset Check
KN4835,https://www.mcas.com.au/assets/full/KN4835.jpg,MCAS Legacy SKU Asset Check
KN4860,https://www.mcas.com.au/assets/full/KN4860.jpg,MCAS Legacy SKU Asset Check
KN4855,https://www.mcas.com.au/assets/full/KN4855.jpg,MCAS Legacy SKU Asset Check
KN5007,https://www.mcas.com.au/assets/full/KN5007.jpg,MCAS Legacy SKU Asset Check
KN4980,https://www.mcas.com.au/assets/full/KN4980.jpg,MCAS Legacy SKU Asset Check
KN4910,https://www.mcas.com.au/assets/full/KN4910.jpg,MCAS Legacy SKU Asset Check
KN4972,https://www.mcas.com.au/assets/full/KN4972.jpg,MCAS Legacy SKU Asset Check
KN5015,https://www.mcas.com.au/assets/full/KN5015.jpg,MCAS Legacy SKU Asset Check
KN5025,https://www.mcas.com.au/assets/full/KN5025.jpg,MCAS Legacy SKU Asset Check
KN5016,https://www.mcas.com.au/assets/full/KN5016.jpg,MCAS Legacy SKU Asset Check
KN5018,https://www.mcas.com.au/assets/full/KN5018.jpg,MCAS Legacy SKU Asset Check
KN5030,https://www.mcas.com.au/assets/full/KN5030.jpg,MCAS Legacy SKU Asset Check
KN5021,https://www.mcas.com.au/assets/full/KN5021.jpg,MCAS Legacy SKU Asset Check
KN5017,https://www.mcas.com.au/assets/full/KN5017.jpg,MCAS Legacy SKU Asset Check
KN5026,https://www.mcas.com.au/assets/full/KN5026.jpg,MCAS Legacy SKU Asset Check
KN5010,https://www.mcas.com.au/assets/full/KN5010.jpg,MCAS Legacy SKU Asset Check
KN5024,https://www.mcas.com.au/assets/full/KN5024.jpg,MCAS Legacy SKU Asset Check
KN5035,https://www.mcas.com.au/assets/full/KN5035.jpg,MCAS Legacy SKU Asset Check
KN5031,https://www.mcas.com.au/assets/full/KN5031.jpg,MCAS Legacy SKU Asset Check
KN5028,https://www.mcas.com.au/assets/full/KN5028.jpg,MCAS Legacy SKU Asset Check
KN5041,https://www.mcas.com.au/assets/full/KN5041.jpg,MCAS Legacy SKU Asset Check
KN5032,https://www.mcas.com.au/assets/full/KN5032.jpg,MCAS Legacy SKU Asset Check
KN5027,https://www.mcas.com.au/assets/full/KN5027.jpg,MCAS Legacy SKU Asset Check
KN4870,https://www.mcas.com.au/assets/full/KN4870.webp,MCAS Legacy SKU Asset Check
KN5045,https://www.mcas.com.au/assets/full/KN5045.jpg,MCAS Legacy SKU Asset Check
KN5043,https://www.mcas.com.au/assets/full/KN5043.jpg,MCAS Legacy SKU Asset Check
KN5040,https://www.mcas.com.au/assets/full/KN5040.jpg,MCAS Legacy SKU Asset Check
KN5050,https://www.mcas.com.au/assets/full/KN5050.jpg,MCAS Legacy SKU Asset Check
KN5052,https://www.mcas.com.au/assets/full/KN5052.jpg,MCAS Legacy SKU Asset Check
KN5101,https://www.mcas.com.au/assets/full/KN5101.jpg,MCAS Legacy SKU Asset Check
KN5053,https://www.mcas.com.au/assets/full/KN5053.jpg,MCAS Legacy SKU Asset Check
KN4950,https://www.mcas.com.au/assets/full/KN4950.webp,MCAS Legacy SKU Asset Check
KN5107,https://www.mcas.com.au/assets/full/KN5107.jpg,MCAS Legacy SKU Asset Check
KN5120,https://www.mcas.com.au/assets/full/KN5120.jpg,MCAS Legacy SKU Asset Check
KN5105,https://www.mcas.com.au/assets/full/KN5105.jpg,MCAS Legacy SKU Asset Check
KN5080,https://www.mcas.com.au/assets/full/KN5080.jpg,MCAS Legacy SKU Asset Check
KN5070,https://www.mcas.com.au/assets/full/KN5070.jpg,MCAS Legacy SKU Asset Check
KN5091,https://www.mcas.com.au/assets/full/KN5091.jpg,MCAS Legacy SKU Asset Check
KN5125,https://www.mcas.com.au/assets/full/KN5125.jpg,MCAS Legacy SKU Asset Check
KN5085,https://www.mcas.com.au/assets/full/KN5085.jpg,MCAS Legacy SKU Asset Check
KN5069,https://www.mcas.com.au/assets/full/KN5069.jpg,MCAS Legacy SKU Asset Check
KN5082,https://www.mcas.com.au/assets/full/KN5082.jpg,MCAS Legacy SKU Asset Check
KN5127,https://www.mcas.com.au/assets/full/KN5127.jpg,MCAS Legacy SKU Asset Check
KN5110,https://www.mcas.com.au/assets/full/KN5110.jpg,MCAS Legacy SKU Asset Check
KN5135,https://www.mcas.com.au/assets/full/KN5135.jpg,MCAS Legacy SKU Asset Check
KN5129,https://www.mcas.com.au/assets/full/KN5129.jpg,MCAS Legacy SKU Asset Check
KN5157,https://www.mcas.com.au/assets/full/KN5157.jpg,MCAS Legacy SKU Asset Check
KN5160,https://www.mcas.com.au/assets/full/KN5160.jpg,MCAS Legacy SKU Asset Check
KN5142,https://www.mcas.com.au/assets/full/KN5142.jpg,MCAS Legacy SKU Asset Check
KN5230,https://www.mcas.com.au/assets/full/KN5230.jpg,MCAS Legacy SKU Asset Check
KN5158,https://www.mcas.com.au/assets/full/KN5158.jpg,MCAS Legacy SKU Asset Check
KN5208,https://www.mcas.com.au/assets/full/KN5208.jpg,MCAS Legacy SKU Asset Check
KN5212,https://www.mcas.com.au/assets/full/KN5212.jpg,MCAS Legacy SKU Asset Check
KN5166,https://www.mcas.com.au/assets/full/KN5166.jpg,MCAS Legacy SKU Asset Check
KN5203,https://www.mcas.com.au/assets/full/KN5203.jpg,MCAS Legacy SKU Asset Check
KN5210,https://www.mcas.com.au/assets/full/KN5210.jpg,MCAS Legacy SKU Asset Check
KN5209,https://www.mcas.com.au/assets/full/KN5209.jpg,MCAS Legacy SKU Asset Check
KN5207,https://www.mcas.com.au/assets/full/KN5207.jpg,MCAS Legacy SKU Asset Check
KN5191,https://www.mcas.com.au/assets/full/KN5191.jpg,MCAS Legacy SKU Asset Check
KN5236,https://www.mcas.com.au/assets/full/KN5236.jpg,MCAS Legacy SKU Asset Check
KN5241,https://www.mcas.com.au/assets/full/KN5241.jpg,MCAS Legacy SKU Asset Check
KN5231,https://www.mcas.com.au/assets/full/KN5231.jpg,MCAS Legacy SKU Asset Check
KN5234,https://www.mcas.com.au/assets/full/KN5234.jpg,MCAS Legacy SKU Asset Check
KN5247,https://www.mcas.com.au/assets/full/KN5247.jpg,MCAS Legacy SKU Asset Check
KN5252,https://www.mcas.com.au/assets/full/KN5252.jpg,MCAS Legacy SKU Asset Check
KN5256,https://www.mcas.com.au/assets/full/KN5256.jpg,MCAS Legacy SKU Asset Check
KN5124,https://www.mcas.com.au/assets/full/KN5124.webp,MCAS Legacy SKU Asset Check
KN5155,https://www.mcas.com.au/assets/full/KN5155.webp,MCAS Legacy SKU Asset Check
KN5280,https://www.mcas.com.au/assets/full/KN5280.jpg,MCAS Legacy SKU Asset Check
KN5131,https://www.mcas.com.au/assets/full/KN5131.webp,MCAS Legacy SKU Asset Check
KN5248B,https://www.mcas.com.au/assets/full/KN5248B.jpg,MCAS Legacy SKU Asset Check
KN5249,https://www.mcas.com.au/assets/full/KN5249.jpg,MCAS Legacy SKU Asset Check
KN5246,https://www.mcas.com.au/assets/full/KN5246.jpg,MCAS Legacy SKU Asset Check
KN5266,https://www.mcas.com.au/assets/full/KN5266.jpg,MCAS Legacy SKU Asset Check
KN5261,https://www.mcas.com.au/assets/full/KN5261.jpg,MCAS Legacy SKU Asset Check
KN5263,https://www.mcas.com.au/assets/full/KN5263.jpg,MCAS Legacy SKU Asset Check
KN5267,https://www.mcas.com.au/assets/full/KN5267.jpg,MCAS Legacy SKU Asset Check
KN5268,https://www.mcas.com.au/assets/full/KN5268.jpg,MCAS Legacy SKU Asset Check
KN5293,https://www.mcas.com.au/assets/full/KN5293.jpg,MCAS Legacy SKU Asset Check
KN5285,https://www.mcas.com.au/assets/full/KN5285.jpg,MCAS Legacy SKU Asset Check
KN5291,https://www.mcas.com.au/assets/full/KN5291.jpg,MCAS Legacy SKU Asset Check
KN5294,https://www.mcas.com.au/assets/full/KN5294.jpg,MCAS Legacy SKU Asset Check
KN5320,https://www.mcas.com.au/assets/full/KN5320.jpg,MCAS Legacy SKU Asset Check
KN5400,https://www.mcas.com.au/assets/full/KN5400.jpg,MCAS Legacy SKU Asset Check
KN5298,https://www.mcas.com.au/assets/full/KN5298.jpg,MCAS Legacy SKU Asset Check
KN5390,https://www.mcas.com.au/assets/full/KN5390.jpg,MCAS Legacy SKU Asset Check
KN5450,https://www.mcas.com.au/assets/full/KN5450.jpg,MCAS Legacy SKU Asset Check
KN5441,https://www.mcas.com.au/assets/full/KN5441.jpg,MCAS Legacy SKU Asset Check
KN5296,https://www.mcas.com.au/assets/full/KN5296.jpg,MCAS Legacy SKU Asset Check
KN5299,https://www.mcas.com.au/assets/full/KN5299.jpg,MCAS Legacy SKU Asset Check
KN5295,https://www.mcas.com.au/assets/full/KN5295.jpg,MCAS Legacy SKU Asset Check
KN5435,https://www.mcas.com.au/assets/full/KN5435.jpg,MCAS Legacy SKU Asset Check
KN5341,https://www.mcas.com.au/assets/full/KN5341.jpg,MCAS Legacy SKU Asset Check
KN5297,https://www.mcas.com.au/assets/full/KN5297.jpg,MCAS Legacy SKU Asset Check
KN5426,https://www.mcas.com.au/assets/full/KN5426.jpg,MCAS Legacy SKU Asset Check
KN5502,https://www.mcas.com.au/assets/full/KN5502.jpg,MCAS Legacy SKU Asset Check
KN5471,https://www.mcas.com.au/assets/full/KN5471.jpg,MCAS Legacy SKU Asset Check
KN5455,https://www.mcas.com.au/assets/full/KN5455.jpg,MCAS Legacy SKU Asset Check
KN5516A,https://www.mcas.com.au/assets/full/KN5516A.jpg,MCAS Legacy SKU Asset Check
KN5516,https://www.mcas.com.au/assets/full/KN5516.jpg,MCAS Legacy SKU Asset Check
KN5500,https://www.mcas.com.au/assets/full/KN5500.jpg,MCAS Legacy SKU Asset Check
KN5505A,https://www.mcas.com.au/assets/full/KN5505A.jpg,MCAS Legacy SKU Asset Check
KN5505,https://www.mcas.com.au/assets/full/KN5505.jpg,MCAS Legacy SKU Asset Check
KN5523,https://www.mcas.com.au/assets/full/KN5523.jpg,MCAS Legacy SKU Asset Check
KN5501,https://www.mcas.com.au/assets/full/KN5501.jpg,MCAS Legacy SKU Asset Check
KN5527,https://www.mcas.com.au/assets/full/KN5527.jpg,MCAS Legacy SKU Asset Check
KN5515A,https://www.mcas.com.au/assets/full/KN5515A.jpg,MCAS Legacy SKU Asset Check
KN5507,https://www.mcas.com.au/assets/full/KN5507.jpg,MCAS Legacy SKU Asset Check
KN5524,https://www.mcas.com.au/assets/full/KN5524.jpg,MCAS Legacy SKU Asset Check
KN5516C,https://www.mcas.com.au/assets/full/KN5516C.jpg,MCAS Legacy SKU Asset Check
KN5282,https://www.mcas.com.au/assets/full/KN5282.webp,MCAS Legacy SKU Asset Check
KN5520A,https://www.mcas.com.au/assets/full/KN5520A.jpg,MCAS Legacy SKU Asset Check
KN5530,https://www.mcas.com.au/assets/full/KN5530.jpg,MCAS Legacy SKU Asset Check
KN5521B,https://www.mcas.com.au/assets/full/KN5521B.jpg,MCAS Legacy SKU Asset Check
KN5526,https://www.mcas.com.au/assets/full/KN5526.jpg,MCAS Legacy SKU Asset Check
KN5531B,https://www.mcas.com.au/assets/full/KN5531B.jpg,MCAS Legacy SKU Asset Check
KN5528E,https://www.mcas.com.au/assets/full/KN5528E.jpg,MCAS Legacy SKU Asset Check
KN5528F,https://www.mcas.com.au/assets/full/KN5528F.jpg,MCAS Legacy SKU Asset Check
KN5546,https://www.mcas.com.au/assets/full/KN5546.jpg,MCAS Legacy SKU Asset Check
KN5456A,https://www.mcas.com.au/assets/full/KN5456A.webp,MCAS Legacy SKU Asset Check
KN5531,https://www.mcas.com.au/assets/full/KN5531.jpg,MCAS Legacy SKU Asset Check
KN5550F,https://www.mcas.com.au/assets/full/KN5550F.jpg,MCAS Legacy SKU Asset Check
KN5531A,https://www.mcas.com.au/assets/full/KN5531A.jpg,MCAS Legacy SKU Asset Check
KN5554,https://www.mcas.com.au/assets/full/KN5554.jpg,MCAS Legacy SKU Asset Check
KN5531C,https://www.mcas.com.au/assets/full/KN5531C.jpg,MCAS Legacy SKU Asset Check
KN5545,https://www.mcas.com.au/assets/full/KN5545.jpg,MCAS Legacy SKU Asset Check
KN5547,https://www.mcas.com.au/assets/full/KN5547.jpg,MCAS Legacy SKU Asset Check
KN5532A,https://www.mcas.com.au/assets/full/KN5532A.jpg,MCAS Legacy SKU Asset Check
KN5555,https://www.mcas.com.au/assets/full/KN5555.jpg,MCAS Legacy SKU Asset Check
KN5556,https://www.mcas.com.au/assets/full/KN5556.jpg,MCAS Legacy SKU Asset Check
KN5555A,https://www.mcas.com.au/assets/full/KN5555A.jpg,MCAS Legacy SKU Asset Check
KN5509,https://www.mcas.com.au/assets/full/KN5509.webp,MCAS Legacy SKU Asset Check
KN5560,https://www.mcas.com.au/assets/full/KN5560.jpg,MCAS Legacy SKU Asset Check
KN5568,https://www.mcas.com.au/assets/full/KN5568.jpg,MCAS Legacy SKU Asset Check
KN5569,https://www.mcas.com.au/assets/full/KN5569.jpg,MCAS Legacy SKU Asset Check
KN5565A,https://www.mcas.com.au/assets/full/KN5565A.jpg,MCAS Legacy SKU Asset Check
KN5564F,https://www.mcas.com.au/assets/full/KN5564F.jpg,MCAS Legacy SKU Asset Check
KN5568A,https://www.mcas.com.au/assets/full/KN5568A.jpg,MCAS Legacy SKU Asset Check
KN5564,https://www.mcas.com.au/assets/full/KN5564.jpg,MCAS Legacy SKU Asset Check
KN5573A,https://www.mcas.com.au/assets/full/KN5573A.jpg,MCAS Legacy SKU Asset Check
KN5567,https://www.mcas.com.au/assets/full/KN5567.jpg,MCAS Legacy SKU Asset Check
KN5573B,https://www.mcas.com.au/assets/full/KN5573B.jpg,MCAS Legacy SKU Asset Check
KN5566,https://www.mcas.com.au/assets/full/KN5566.jpg,MCAS Legacy SKU Asset Check
KN5570,https://www.mcas.com.au/assets/full/KN5570.jpg,MCAS Legacy SKU Asset Check
KN5568C,https://www.mcas.com.au/assets/full/KN5568C.jpg,MCAS Legacy SKU Asset Check
KN5540,https://www.mcas.com.au/assets/full/KN5540.webp,MCAS Legacy SKU Asset Check
KN5569F,https://www.mcas.com.au/assets/full/KN5569F.jpg,MCAS Legacy SKU Asset Check
KN5573,https://www.mcas.com.au/assets/full/KN5573.jpg,MCAS Legacy SKU Asset Check
KN5587,https://www.mcas.com.au/assets/full/KN5587.jpg,MCAS Legacy SKU Asset Check
KN5586F,https://www.mcas.com.au/assets/full/KN5586F.jpg,MCAS Legacy SKU Asset Check
KN5578F,https://www.mcas.com.au/assets/full/KN5578F.jpg,MCAS Legacy SKU Asset Check
KN5580,https://www.mcas.com.au/assets/full/KN5580.jpg,MCAS Legacy SKU Asset Check
KN5575,https://www.mcas.com.au/assets/full/KN5575.jpg,MCAS Legacy SKU Asset Check
KN5594,https://www.mcas.com.au/assets/full/KN5594.jpg,MCAS Legacy SKU Asset Check
KN5590,https://www.mcas.com.au/assets/full/KN5590.jpg,MCAS Legacy SKU Asset Check
KN5579,https://www.mcas.com.au/assets/full/KN5579.jpg,MCAS Legacy SKU Asset Check
KN5620,https://www.mcas.com.au/assets/full/KN5620.jpg,MCAS Legacy SKU Asset Check
KN5589,https://www.mcas.com.au/assets/full/KN5589.jpg,MCAS Legacy SKU Asset Check
KN5620F,https://www.mcas.com.au/assets/full/KN5620F.jpg,MCAS Legacy SKU Asset Check
KN5600,https://www.mcas.com.au/assets/full/KN5600.jpg,MCAS Legacy SKU Asset Check
KN5588,https://www.mcas.com.au/assets/full/KN5588.jpg,MCAS Legacy SKU Asset Check
KN5633,https://www.mcas.com.au/assets/full/KN5633.jpg,MCAS Legacy SKU Asset Check
KN5640F,https://www.mcas.com.au/assets/full/KN5640F.jpg,MCAS Legacy SKU Asset Check
KN5631,https://www.mcas.com.au/assets/full/KN5631.jpg,MCAS Legacy SKU Asset Check
KN5625,https://www.mcas.com.au/assets/full/KN5625.jpg,MCAS Legacy SKU Asset Check
KN5605,https://www.mcas.com.au/assets/full/KN5605.jpg,MCAS Legacy SKU Asset Check
KN5608,https://www.mcas.com.au/assets/full/KN5608.jpg,MCAS Legacy SKU Asset Check
KN5652,https://www.mcas.com.au/assets/full/KN5652.jpg,MCAS Legacy SKU Asset Check
KN5643,https://www.mcas.com.au/assets/full/KN5643.jpg,MCAS Legacy SKU Asset Check
KN5659,https://www.mcas.com.au/assets/full/KN5659.jpg,MCAS Legacy SKU Asset Check
KN5658,https://www.mcas.com.au/assets/full/KN5658.jpg,MCAS Legacy SKU Asset Check
KN5640,https://www.mcas.com.au/assets/full/KN5640.jpg,MCAS Legacy SKU Asset Check
KN5650,https://www.mcas.com.au/assets/full/KN5650.jpg,MCAS Legacy SKU Asset Check
KN5663,https://www.mcas.com.au/assets/full/KN5663.jpg,MCAS Legacy SKU Asset Check
KN5655,https://www.mcas.com.au/assets/full/KN5655.jpg,MCAS Legacy SKU Asset Check
KN5668,https://www.mcas.com.au/assets/full/KN5668.jpg,MCAS Legacy SKU Asset Check
KN5654,https://www.mcas.com.au/assets/full/KN5654.jpg,MCAS Legacy SKU Asset Check
KN5676F,https://www.mcas.com.au/assets/full/KN5676F.jpg,MCAS Legacy SKU Asset Check
KN5656,https://www.mcas.com.au/assets/full/KN5656.jpg,MCAS Legacy SKU Asset Check
KN5685F,https://www.mcas.com.au/assets/full/KN5685F.jpg,MCAS Legacy SKU Asset Check
KN5672,https://www.mcas.com.au/assets/full/KN5672.jpg,MCAS Legacy SKU Asset Check
KN5577,https://www.mcas.com.au/assets/full/KN5577.webp,MCAS Legacy SKU Asset Check
KN5665,https://www.mcas.com.au/assets/full/KN5665.jpg,MCAS Legacy SKU Asset Check
KN5691,https://www.mcas.com.au/assets/full/KN5691.jpg,MCAS Legacy SKU Asset Check
KN5697,https://www.mcas.com.au/assets/full/KN5697.jpg,MCAS Legacy SKU Asset Check
KN5702,https://www.mcas.com.au/assets/full/KN5702.jpg,MCAS Legacy SKU Asset Check
KN6002,https://www.mcas.com.au/assets/full/KN6002.jpg,MCAS Legacy SKU Asset Check
KN5900,https://www.mcas.com.au/assets/full/KN5900.jpg,MCAS Legacy SKU Asset Check
KN5688,https://www.mcas.com.au/assets/full/KN5688.jpg,MCAS Legacy SKU Asset Check
KN5701,https://www.mcas.com.au/assets/full/KN5701.jpg,MCAS Legacy SKU Asset Check
KN5698,https://www.mcas.com.au/assets/full/KN5698.jpg,MCAS Legacy SKU Asset Check
KN6010,https://www.mcas.com.au/assets/full/KN6010.jpg,MCAS Legacy SKU Asset Check
KN5694,https://www.mcas.com.au/assets/full/KN5694.jpg,MCAS Legacy SKU Asset Check
KN5696,https://www.mcas.com.au/assets/full/KN5696.jpg,MCAS Legacy SKU Asset Check
KN5700,https://www.mcas.com.au/assets/full/KN5700.jpg,MCAS Legacy SKU Asset Check
KN6005,https://www.mcas.com.au/assets/full/KN6005.jpg,MCAS Legacy SKU Asset Check
KN5699,https://www.mcas.com.au/assets/full/KN5699.jpg,MCAS Legacy SKU Asset Check
KN5693,https://www.mcas.com.au/assets/full/KN5693.jpg,MCAS Legacy SKU Asset Check
KN6004,https://www.mcas.com.au/assets/full/KN6004.jpg,MCAS Legacy SKU Asset Check
KN6003,https://www.mcas.com.au/assets/full/KN6003.jpg,MCAS Legacy SKU Asset Check
KN6039,https://www.mcas.com.au/assets/full/KN6039.jpg,MCAS Legacy SKU Asset Check
KN5661,https://www.mcas.com.au/assets/full/KN5661.webp,MCAS Legacy SKU Asset Check
KN6030,https://www.mcas.com.au/assets/full/KN6030.jpg,MCAS Legacy SKU Asset Check
KN6020,https://www.mcas.com.au/assets/full/KN6020.jpg,MCAS Legacy SKU Asset Check
KN6040,https://www.mcas.com.au/assets/full/KN6040.jpg,MCAS Legacy SKU Asset Check
KN8100,https://www.mcas.com.au/assets/full/KN8100.jpg,MCAS Legacy SKU Asset Check
KN8102,https://www.mcas.com.au/assets/full/KN8102.jpg,MCAS Legacy SKU Asset Check
KN8101,https://www.mcas.com.au/assets/full/KN8101.jpg,MCAS Legacy SKU Asset Check
KN8103,https://www.mcas.com.au/assets/full/KN8103.jpg,MCAS Legacy SKU Asset Check
KN6041,https://www.mcas.com.au/assets/full/KN6041.jpg,MCAS Legacy SKU Asset Check
KN8104,https://www.mcas.com.au/assets/full/KN8104.jpg,MCAS Legacy SKU Asset Check
KN8004,https://www.mcas.com.au/assets/full/KN8004.jpg,MCAS Legacy SKU Asset Check
KN8105,https://www.mcas.com.au/assets/full/KN8105.jpg,MCAS Legacy SKU Asset Check
KN8106,https://www.mcas.com.au/assets/full/KN8106.jpg,MCAS Legacy SKU Asset Check
KN8001,https://www.mcas.com.au/assets/full/KN8001.jpg,MCAS Legacy SKU Asset Check
KN8000,https://www.mcas.com.au/assets/full/KN8000.jpg,MCAS Legacy SKU Asset Check
KN8002,https://www.mcas.com.au/assets/full/KN8002.jpg,MCAS Legacy SKU Asset Check
KN8003,https://www.mcas.com.au/assets/full/KN8003.jpg,MCAS Legacy SKU Asset Check
KPL-1115,https://www.mcas.com.au/assets/full/KPL-1115.jpg,MCAS Legacy SKU Asset Check
KR002116,https://www.mcas.com.au/assets/full/KR002116.jpg,MCAS Legacy SKU Asset Check
KR004776,https://www.mcas.com.au/assets/full/KR004776.jpg,MCAS Legacy SKU Asset Check
KR9CI,https://www.mcas.com.au/assets/full/KR9CI.jpg,MCAS Legacy SKU Asset Check
KR9EG,https://www.mcas.com.au/assets/full/KR9EG.jpg,MCAS Legacy SKU Asset Check
KR001874,https://www.mcas.com.au/assets/full/KR001874.webp,MCAS Legacy SKU Asset Check
KR004745,https://www.mcas.com.au/assets/full/KR004745.webp,MCAS Legacy SKU Asset Check
KR994589,https://www.mcas.com.au/assets/full/KR994589.webp,MCAS Legacy SKU Asset Check
KR004738,https://www.mcas.com.au/assets/full/KR004738.webp,MCAS Legacy SKU Asset Check
KSU-1009,https://www.mcas.com.au/assets/full/KSU-1009.jpg,MCAS Legacy SKU Asset Check
KT-6912,https://www.mcas.com.au/assets/full/KT-6912.webp,MCAS Legacy SKU Asset Check
KT-7918,https://www.mcas.com.au/assets/full/KT-7918.webp,MCAS Legacy SKU Asset Check
KTFK529E999F,https://www.mcas.com.au/assets/full/KTFK529E999F.jpg,MCAS Legacy SKU Asset Check
KTKIT506FE001,https://www.mcas.com.au/assets/full/KTKIT506FE001.jpg,MCAS Legacy SKU Asset Check
KTKIT505E999,https://www.mcas.com.au/assets/full/KTKIT505E999.jpg,MCAS Legacy SKU Asset Check
KTKIT508E999,https://www.mcas.com.au/assets/full/KTKIT508E999.jpg,MCAS Legacy SKU Asset Check
KTKIT507E999,https://www.mcas.com.au/assets/full/KTKIT507E999.jpg,MCAS Legacy SKU Asset Check
KTKIT510FE999,https://www.mcas.com.au/assets/full/KTKIT510FE999.jpg,MCAS Legacy SKU Asset Check
KTKIT514FFLU,https://www.mcas.com.au/assets/full/KTKIT514FFLU.jpg,MCAS Legacy SKU Asset Check
KTKIT511FE001,https://www.mcas.com.au/assets/full/KTKIT511FE001.jpg,MCAS Legacy SKU Asset Check
KTKIT514E999,https://www.mcas.com.au/assets/full/KTKIT514E999.jpg,MCAS Legacy SKU Asset Check
KTKIT515E999,https://www.mcas.com.au/assets/full/KTKIT515E999.jpg,MCAS Legacy SKU Asset Check
KTKIT516E001,https://www.mcas.com.au/assets/full/KTKIT516E001.jpg,MCAS Legacy SKU Asset Check
KTKIT516E999,https://www.mcas.com.au/assets/full/KTKIT516E999.jpg,MCAS Legacy SKU Asset Check
KTKIT517E047,https://www.mcas.com.au/assets/full/KTKIT517E047.jpg,MCAS Legacy SKU Asset Check
KTKIT517FE001,https://www.mcas.com.au/assets/full/KTKIT517FE001.jpg,MCAS Legacy SKU Asset Check
KTKIT511FE999,https://www.mcas.com.au/assets/full/KTKIT511FE999.webp,MCAS Legacy SKU Asset Check
KTKIT513FE999,https://www.mcas.com.au/assets/full/KTKIT513FE999.webp,MCAS Legacy SKU Asset Check
KTKIT518E999,https://www.mcas.com.au/assets/full/KTKIT518E999.jpg,MCAS Legacy SKU Asset Check
KTKIT522E001,https://www.mcas.com.au/assets/full/KTKIT522E001.jpg,MCAS Legacy SKU Asset Check
KTKIT515FE001,https://www.mcas.com.au/assets/full/KTKIT515FE001.webp,MCAS Legacy SKU Asset Check
KTKIT519E001,https://www.mcas.com.au/assets/full/KTKIT519E001.jpg,MCAS Legacy SKU Asset Check
KTKIT519E999,https://www.mcas.com.au/assets/full/KTKIT519E999.jpg,MCAS Legacy SKU Asset Check
KTKIT522E127,https://www.mcas.com.au/assets/full/KTKIT522E127.jpg,MCAS Legacy SKU Asset Check
KTKIT522E999K,https://www.mcas.com.au/assets/full/KTKIT522E999K.jpg,MCAS Legacy SKU Asset Check
KTKIT522FFLU,https://www.mcas.com.au/assets/full/KTKIT522FFLU.jpg,MCAS Legacy SKU Asset Check
KTKIT522FE047,https://www.mcas.com.au/assets/full/KTKIT522FE047.jpg,MCAS Legacy SKU Asset Check
KTKIT522LTD19,https://www.mcas.com.au/assets/full/KTKIT522LTD19.jpg,MCAS Legacy SKU Asset Check
KTKIT523E999,https://www.mcas.com.au/assets/full/KTKIT523E999.jpg,MCAS Legacy SKU Asset Check
KTKIT523FE127,https://www.mcas.com.au/assets/full/KTKIT523FE127.jpg,MCAS Legacy SKU Asset Check
KTKIT517FE127,https://www.mcas.com.au/assets/full/KTKIT517FE127.webp,MCAS Legacy SKU Asset Check
KTKIT518FE999,https://www.mcas.com.au/assets/full/KTKIT518FE999.webp,MCAS Legacy SKU Asset Check
KTKIT527E042,https://www.mcas.com.au/assets/full/KTKIT527E042.jpg,MCAS Legacy SKU Asset Check
KTKIT519E127,https://www.mcas.com.au/assets/full/KTKIT519E127.webp,MCAS Legacy SKU Asset Check
KTKIT527FE127,https://www.mcas.com.au/assets/full/KTKIT527FE127.jpg,MCAS Legacy SKU Asset Check
KTKIT522FE999,https://www.mcas.com.au/assets/full/KTKIT522FE999.webp,MCAS Legacy SKU Asset Check
KTKIT523FE001,https://www.mcas.com.au/assets/full/KTKIT523FE001.webp,MCAS Legacy SKU Asset Check
KTKIT529FE999W,https://www.mcas.com.au/assets/full/KTKIT529FE999W.jpg,MCAS Legacy SKU Asset Check
KTKIT526E001,https://www.mcas.com.au/assets/full/KTKIT526E001.webp,MCAS Legacy SKU Asset Check
KTKIT523FE999,https://www.mcas.com.au/assets/full/KTKIT523FE999.webp,MCAS Legacy SKU Asset Check
KTKIT526E999W,https://www.mcas.com.au/assets/full/KTKIT526E999W.webp,MCAS Legacy SKU Asset Check
KTKIT527FE001,https://www.mcas.com.au/assets/full/KTKIT527FE001.webp,MCAS Legacy SKU Asset Check
KTKIT527E001,https://www.mcas.com.au/assets/full/KTKIT527E001.webp,MCAS Legacy SKU Asset Check
KTKIT528E222,https://www.mcas.com.au/assets/full/KTKIT528E222.webp,MCAS Legacy SKU Asset Check
KTKIT527FE999,https://www.mcas.com.au/assets/full/KTKIT527FE999.webp,MCAS Legacy SKU Asset Check
KTKIT529FE024,https://www.mcas.com.au/assets/full/KTKIT529FE024.webp,MCAS Legacy SKU Asset Check
KTKIT529FE127,https://www.mcas.com.au/assets/full/KTKIT529FE127.webp,MCAS Legacy SKU Asset Check
KTKIT529FE042,https://www.mcas.com.au/assets/full/KTKIT529FE042.webp,MCAS Legacy SKU Asset Check
KTKIT529FEFFLU,https://www.mcas.com.au/assets/full/KTKIT529FEFFLU.webp,MCAS Legacy SKU Asset Check
KTKIT529FE999,https://www.mcas.com.au/assets/full/KTKIT529FE999.webp,MCAS Legacy SKU Asset Check
KTKIT529FE001,https://www.mcas.com.au/assets/full/KTKIT529FE001.jpg,MCAS Legacy SKU Asset Check
OBK37AL,https://www.mcas.com.au/assets/full/OBK37AL.jpg,MCAS Legacy SKU Asset Check
OBK48AR,https://www.mcas.com.au/assets/full/OBK48AR.jpg,MCAS Legacy SKU Asset Check
OBKE37AL,https://www.mcas.com.au/assets/full/OBKE37AL.jpg,MCAS Legacy SKU Asset Check
OBKES33AR,https://www.mcas.com.au/assets/full/OBKES33AR.jpg,MCAS Legacy SKU Asset Check
OBK48BR,https://www.mcas.com.au/assets/full/OBK48BR.jpg,MCAS Legacy SKU Asset Check
OBKN37AL,https://www.mcas.com.au/assets/full/OBKN37AL.jpg,MCAS Legacy SKU Asset Check
OBKN37BL,https://www.mcas.com.au/assets/full/OBKN37BL.jpg,MCAS Legacy SKU Asset Check
OFMK,https://www.mcas.com.au/assets/full/OFMK.jpg,MCAS Legacy SKU Asset Check
OBKN48AR,https://www.mcas.com.au/assets/full/OBKN48AR.jpg,MCAS Legacy SKU Asset Check
OFCAM,https://www.mcas.com.au/assets/full/OFCAM.jpg,MCAS Legacy SKU Asset Check
OG10802436,https://www.mcas.com.au/assets/full/OG10802436.jpg,MCAS Legacy SKU Asset Check
OG12100936,https://www.mcas.com.au/assets/full/OG12100936.jpg,MCAS Legacy SKU Asset Check
OG12210203,https://www.mcas.com.au/assets/full/OG12210203.jpg,MCAS Legacy SKU Asset Check
OG122014205,https://www.mcas.com.au/assets/full/OG122014205.jpg,MCAS Legacy SKU Asset Check
OG12210103,https://www.mcas.com.au/assets/full/OG12210103.jpg,MCAS Legacy SKU Asset Check
OG12100103,https://www.mcas.com.au/assets/full/OG12100103.jpg,MCAS Legacy SKU Asset Check
OG12210303,https://www.mcas.com.au/assets/full/OG12210303.jpg,MCAS Legacy SKU Asset Check
OG122107113,https://www.mcas.com.au/assets/full/OG122107113.jpg,MCAS Legacy SKU Asset Check
OG12300636,https://www.mcas.com.au/assets/full/OG12300636.jpg,MCAS Legacy SKU Asset Check
OG10902536,https://www.mcas.com.au/assets/full/OG10902536.jpg,MCAS Legacy SKU Asset Check
OG122105113,https://www.mcas.com.au/assets/full/OG122105113.jpg,MCAS Legacy SKU Asset Check
OG12300736,https://www.mcas.com.au/assets/full/OG12300736.jpg,MCAS Legacy SKU Asset Check
OG41106903,https://www.mcas.com.au/assets/full/OG41106903.jpg,MCAS Legacy SKU Asset Check
OG12300836,https://www.mcas.com.au/assets/full/OG12300836.jpg,MCAS Legacy SKU Asset Check
OG122106113,https://www.mcas.com.au/assets/full/OG122106113.jpg,MCAS Legacy SKU Asset Check
OG5918037,https://www.mcas.com.au/assets/full/OG5918037.jpg,MCAS Legacy SKU Asset Check
OG5918040,https://www.mcas.com.au/assets/full/OG5918040.jpg,MCAS Legacy SKU Asset Check
OG12101502,https://www.mcas.com.au/assets/full/OG12101502.png,MCAS Legacy SKU Asset Check
OG5919316,https://www.mcas.com.au/assets/full/OG5919316.jpg,MCAS Legacy SKU Asset Check
OG5919013,https://www.mcas.com.au/assets/full/OG5919013.jpg,MCAS Legacy SKU Asset Check
OG112056396,https://www.mcas.com.au/assets/full/OG112056396.png,MCAS Legacy SKU Asset Check
OG414006747,https://www.mcas.com.au/assets/full/OG414006747.jpg,MCAS Legacy SKU Asset Check
OG5919323,https://www.mcas.com.au/assets/full/OG5919323.jpg,MCAS Legacy SKU Asset Check
OG5919330,https://www.mcas.com.au/assets/full/OG5919330.jpg,MCAS Legacy SKU Asset Check
OG5919574,https://www.mcas.com.au/assets/full/OG5919574.jpg,MCAS Legacy SKU Asset Check
OG5919011,https://www.mcas.com.au/assets/full/OG5919011.jpg,MCAS Legacy SKU Asset Check
OG5919580,https://www.mcas.com.au/assets/full/OG5919580.jpg,MCAS Legacy SKU Asset Check
OG5919579,https://www.mcas.com.au/assets/full/OG5919579.jpg,MCAS Legacy SKU Asset Check
OG5918039,https://www.mcas.com.au/assets/full/OG5918039.png,MCAS Legacy SKU Asset Check
OG71310236,https://www.mcas.com.au/assets/full/OG71310236.jpg,MCAS Legacy SKU Asset Check
OG80100004,https://www.mcas.com.au/assets/full/OG80100004.jpg,MCAS Legacy SKU Asset Check
OG80100006,https://www.mcas.com.au/assets/full/OG80100006.jpg,MCAS Legacy SKU Asset Check
OG80100009,https://www.mcas.com.au/assets/full/OG80100009.jpg,MCAS Legacy SKU Asset Check
OG80100008,https://www.mcas.com.au/assets/full/OG80100008.jpg,MCAS Legacy SKU Asset Check
OG5919012,https://www.mcas.com.au/assets/full/OG5919012.png,MCAS Legacy SKU Asset Check
OG5919581,https://www.mcas.com.au/assets/full/OG5919581.jpg,MCAS Legacy SKU Asset Check
OG5919010,https://www.mcas.com.au/assets/full/OG5919010.png,MCAS Legacy SKU Asset Check
OG5919009,https://www.mcas.com.au/assets/full/OG5919009.png,MCAS Legacy SKU Asset Check
OG5921168,https://www.mcas.com.au/assets/full/OG5921168.png,MCAS Legacy SKU Asset Check
OG80100113,https://www.mcas.com.au/assets/full/OG80100113.jpg,MCAS Legacy SKU Asset Check
OG80100002,https://www.mcas.com.au/assets/full/OG80100002.png,MCAS Legacy SKU Asset Check
OG5917001,https://www.mcas.com.au/assets/full/OG5917001.webp,MCAS Legacy SKU Asset Check
OG80100101,https://www.mcas.com.au/assets/full/OG80100101.jpg,MCAS Legacy SKU Asset Check
OG80100201,https://www.mcas.com.au/assets/full/OG80100201.jpg,MCAS Legacy SKU Asset Check
OG80100114,https://www.mcas.com.au/assets/full/OG80100114.jpg,MCAS Legacy SKU Asset Check
OG80100110,https://www.mcas.com.au/assets/full/OG80100110.png,MCAS Legacy SKU Asset Check
OG80100107,https://www.mcas.com.au/assets/full/OG80100107.png,MCAS Legacy SKU Asset Check
OG80100108,https://www.mcas.com.au/assets/full/OG80100108.png,MCAS Legacy SKU Asset Check
OG801000115,https://www.mcas.com.au/assets/full/OG801000115.webp,MCAS Legacy SKU Asset Check
OG80100323,https://www.mcas.com.au/assets/full/OG80100323.jpg,MCAS Legacy SKU Asset Check
OG80100017,https://www.mcas.com.au/assets/full/OG80100017.webp,MCAS Legacy SKU Asset Check
OG80100313,https://www.mcas.com.au/assets/full/OG80100313.png,MCAS Legacy SKU Asset Check
OG80100022,https://www.mcas.com.au/assets/full/OG80100022.webp,MCAS Legacy SKU Asset Check
OG80100023,https://www.mcas.com.au/assets/full/OG80100023.webp,MCAS Legacy SKU Asset Check
OG80100019,https://www.mcas.com.au/assets/full/OG80100019.webp,MCAS Legacy SKU Asset Check
OG801000116,https://www.mcas.com.au/assets/full/OG801000116.webp,MCAS Legacy SKU Asset Check
OG80100314,https://www.mcas.com.au/assets/full/OG80100314.png,MCAS Legacy SKU Asset Check
OG80100021,https://www.mcas.com.au/assets/full/OG80100021.webp,MCAS Legacy SKU Asset Check
OG80100601,https://www.mcas.com.au/assets/full/OG80100601.jpg,MCAS Legacy SKU Asset Check
OG80100701,https://www.mcas.com.au/assets/full/OG80100701.jpg,MCAS Legacy SKU Asset Check
OG80100024,https://www.mcas.com.au/assets/full/OG80100024.webp,MCAS Legacy SKU Asset Check
OG801003998,https://www.mcas.com.au/assets/full/OG801003998.png,MCAS Legacy SKU Asset Check
OG801003997,https://www.mcas.com.au/assets/full/OG801003997.png,MCAS Legacy SKU Asset Check
OG80100025,https://www.mcas.com.au/assets/full/OG80100025.webp,MCAS Legacy SKU Asset Check
OG803002,https://www.mcas.com.au/assets/full/OG803002.jpg,MCAS Legacy SKU Asset Check
OG802999,https://www.mcas.com.au/assets/full/OG802999.jpg,MCAS Legacy SKU Asset Check
OG803001,https://www.mcas.com.au/assets/full/OG803001.jpg,MCAS Legacy SKU Asset Check
OG80100501,https://www.mcas.com.au/assets/full/OG80100501.png,MCAS Legacy SKU Asset Check
OG803010,https://www.mcas.com.au/assets/full/OG803010.jpg,MCAS Legacy SKU Asset Check
OG80100316,https://www.mcas.com.au/assets/full/OG80100316.png,MCAS Legacy SKU Asset Check
OG802004,https://www.mcas.com.au/assets/full/OG802004.jpg,MCAS Legacy SKU Asset Check
OG802100,https://www.mcas.com.au/assets/full/OG802100.jpg,MCAS Legacy SKU Asset Check
OG802006,https://www.mcas.com.au/assets/full/OG802006.jpg,MCAS Legacy SKU Asset Check
OG803003,https://www.mcas.com.au/assets/full/OG803003.jpg,MCAS Legacy SKU Asset Check
OG801003999,https://www.mcas.com.au/assets/full/OG801003999.png,MCAS Legacy SKU Asset Check
OG803013,https://www.mcas.com.au/assets/full/OG803013.jpg,MCAS Legacy SKU Asset Check
OG803012,https://www.mcas.com.au/assets/full/OG803012.jpg,MCAS Legacy SKU Asset Check
OG802002,https://www.mcas.com.au/assets/full/OG802002.png,MCAS Legacy SKU Asset Check
OG802005,https://www.mcas.com.au/assets/full/OG802005.jpg,MCAS Legacy SKU Asset Check
OG802001,https://www.mcas.com.au/assets/full/OG802001.png,MCAS Legacy SKU Asset Check
OG803014,https://www.mcas.com.au/assets/full/OG803014.jpg,MCAS Legacy SKU Asset Check
OG803011,https://www.mcas.com.au/assets/full/OG803011.jpg,MCAS Legacy SKU Asset Check
OG803015,https://www.mcas.com.au/assets/full/OG803015.jpg,MCAS Legacy SKU Asset Check
OG803017,https://www.mcas.com.au/assets/full/OG803017.jpg,MCAS Legacy SKU Asset Check
OG802003,https://www.mcas.com.au/assets/full/OG802003.png,MCAS Legacy SKU Asset Check
OG803018,https://www.mcas.com.au/assets/full/OG803018.jpg,MCAS Legacy SKU Asset Check
OG803016,https://www.mcas.com.au/assets/full/OG803016.jpg,MCAS Legacy SKU Asset Check
OG80400006,https://www.mcas.com.au/assets/full/OG80400006.jpg,MCAS Legacy SKU Asset Check
OG803906,https://www.mcas.com.au/assets/full/OG803906.jpg,MCAS Legacy SKU Asset Check
OG80400901,https://www.mcas.com.au/assets/full/OG80400901.jpg,MCAS Legacy SKU Asset Check
OG805007,https://www.mcas.com.au/assets/full/OG805007.jpg,MCAS Legacy SKU Asset Check
OG803901,https://www.mcas.com.au/assets/full/OG803901.png,MCAS Legacy SKU Asset Check
OG803904,https://www.mcas.com.au/assets/full/OG803904.png,MCAS Legacy SKU Asset Check
OG80400801,https://www.mcas.com.au/assets/full/OG80400801.png,MCAS Legacy SKU Asset Check
OG805006,https://www.mcas.com.au/assets/full/OG805006.jpg,MCAS Legacy SKU Asset Check
OG803902,https://www.mcas.com.au/assets/full/OG803902.png,MCAS Legacy SKU Asset Check
OG803905,https://www.mcas.com.au/assets/full/OG803905.png,MCAS Legacy SKU Asset Check
OG803019,https://www.mcas.com.au/assets/full/OG803019.webp,MCAS Legacy SKU Asset Check
OG803903,https://www.mcas.com.au/assets/full/OG803903.png,MCAS Legacy SKU Asset Check
OG804011,https://www.mcas.com.au/assets/full/OG804011.webp,MCAS Legacy SKU Asset Check
OG804010,https://www.mcas.com.au/assets/full/OG804010.webp,MCAS Legacy SKU Asset Check
OG80400401,https://www.mcas.com.au/assets/full/OG80400401.webp,MCAS Legacy SKU Asset Check
OIL2000100,https://www.mcas.com.au/assets/full/OIL2000100.webp,MCAS Legacy SKU Asset Check
OG80400007,https://www.mcas.com.au/assets/full/OG80400007.webp,MCAS Legacy SKU Asset Check
OIL2000300,https://www.mcas.com.au/assets/full/OIL2000300.webp,MCAS Legacy SKU Asset Check
OIL2000700,https://www.mcas.com.au/assets/full/OIL2000700.webp,MCAS Legacy SKU Asset Check
OIL2001000,https://www.mcas.com.au/assets/full/OIL2001000.webp,MCAS Legacy SKU Asset Check
OIL2001011,https://www.mcas.com.au/assets/full/OIL2001011.webp,MCAS Legacy SKU Asset Check
OIL2001900,https://www.mcas.com.au/assets/full/OIL2001900.webp,MCAS Legacy SKU Asset Check
OIL2003000,https://www.mcas.com.au/assets/full/OIL2003000.webp,MCAS Legacy SKU Asset Check
OIL200900,https://www.mcas.com.au/assets/full/OIL200900.webp,MCAS Legacy SKU Asset Check
OIL2007000,https://www.mcas.com.au/assets/full/OIL2007000.webp,MCAS Legacy SKU Asset Check
OK000015OK,https://www.mcas.com.au/assets/full/OK000015OK.jpg,MCAS Legacy SKU Asset Check
OKL03409OK,https://www.mcas.com.au/assets/full/OKL03409OK.jpg,MCAS Legacy SKU Asset Check
ON001E02C,https://www.mcas.com.au/assets/full/ON001E02C.jpg,MCAS Legacy SKU Asset Check
OKL03402OKQ,https://www.mcas.com.au/assets/full/OKL03402OKQ.jpg,MCAS Legacy SKU Asset Check
ON001E07C,https://www.mcas.com.au/assets/full/ON001E07C.jpg,MCAS Legacy SKU Asset Check
ON001E03C,https://www.mcas.com.au/assets/full/ON001E03C.jpg,MCAS Legacy SKU Asset Check
ON001E04C,https://www.mcas.com.au/assets/full/ON001E04C.jpg,MCAS Legacy SKU Asset Check
ON001E06C,https://www.mcas.com.au/assets/full/ON001E06C.jpg,MCAS Legacy SKU Asset Check
ON001E05C,https://www.mcas.com.au/assets/full/ON001E05C.jpg,MCAS Legacy SKU Asset Check
ON0000500,https://www.mcas.com.au/assets/full/ON0000500.png,MCAS Legacy SKU Asset Check
ON0000282,https://www.mcas.com.au/assets/full/ON0000282.png,MCAS Legacy SKU Asset Check
ON001E08C,https://www.mcas.com.au/assets/full/ON001E08C.jpg,MCAS Legacy SKU Asset Check
ON001E13C,https://www.mcas.com.au/assets/full/ON001E13C.jpg,MCAS Legacy SKU Asset Check
ON001E14C,https://www.mcas.com.au/assets/full/ON001E14C.jpg,MCAS Legacy SKU Asset Check
ON001E16C,https://www.mcas.com.au/assets/full/ON001E16C.jpg,MCAS Legacy SKU Asset Check
ON001E15C,https://www.mcas.com.au/assets/full/ON001E15C.jpg,MCAS Legacy SKU Asset Check
ON001E12C,https://www.mcas.com.au/assets/full/ON001E12C.jpg,MCAS Legacy SKU Asset Check
ON002E01C,https://www.mcas.com.au/assets/full/ON002E01C.webp,MCAS Legacy SKU Asset Check
ON002E04C,https://www.mcas.com.au/assets/full/ON002E04C.webp,MCAS Legacy SKU Asset Check
ON002E02C,https://www.mcas.com.au/assets/full/ON002E02C.webp,MCAS Legacy SKU Asset Check
ON002E05C,https://www.mcas.com.au/assets/full/ON002E05C.webp,MCAS Legacy SKU Asset Check
ON002E03C,https://www.mcas.com.au/assets/full/ON002E03C.webp,MCAS Legacy SKU Asset Check
ON010E018C,https://www.mcas.com.au/assets/full/ON010E018C.webp,MCAS Legacy SKU Asset Check
ON010E020C,https://www.mcas.com.au/assets/full/ON010E020C.webp,MCAS Legacy SKU Asset Check
ON010E022C,https://www.mcas.com.au/assets/full/ON010E022C.webp,MCAS Legacy SKU Asset Check
ON010E026C,https://www.mcas.com.au/assets/full/ON010E026C.webp,MCAS Legacy SKU Asset Check
ON010E024C,https://www.mcas.com.au/assets/full/ON010E024C.webp,MCAS Legacy SKU Asset Check
ON010E027C,https://www.mcas.com.au/assets/full/ON010E027C.webp,MCAS Legacy SKU Asset Check
ON010E036C,https://www.mcas.com.au/assets/full/ON010E036C.webp,MCAS Legacy SKU Asset Check
ON010E030C,https://www.mcas.com.au/assets/full/ON010E030C.webp,MCAS Legacy SKU Asset Check
ON010E034C,https://www.mcas.com.au/assets/full/ON010E034C.webp,MCAS Legacy SKU Asset Check
ON010E028C,https://www.mcas.com.au/assets/full/ON010E028C.webp,MCAS Legacy SKU Asset Check
ON010E038C,https://www.mcas.com.au/assets/full/ON010E038C.webp,MCAS Legacy SKU Asset Check
ON010E032C,https://www.mcas.com.au/assets/full/ON010E032C.webp,MCAS Legacy SKU Asset Check
ON010E044C,https://www.mcas.com.au/assets/full/ON010E044C.webp,MCAS Legacy SKU Asset Check
ON010E046C,https://www.mcas.com.au/assets/full/ON010E046C.webp,MCAS Legacy SKU Asset Check
ON010E048C,https://www.mcas.com.au/assets/full/ON010E048C.webp,MCAS Legacy SKU Asset Check
ON010E040C,https://www.mcas.com.au/assets/full/ON010E040C.webp,MCAS Legacy SKU Asset Check
ON010E130C,https://www.mcas.com.au/assets/full/ON010E130C.webp,MCAS Legacy SKU Asset Check
ON010E050C,https://www.mcas.com.au/assets/full/ON010E050C.webp,MCAS Legacy SKU Asset Check
ON010E132C,https://www.mcas.com.au/assets/full/ON010E132C.webp,MCAS Legacy SKU Asset Check
ON010E134C,https://www.mcas.com.au/assets/full/ON010E134C.webp,MCAS Legacy SKU Asset Check
ON010E128C,https://www.mcas.com.au/assets/full/ON010E128C.webp,MCAS Legacy SKU Asset Check
ON010E127C,https://www.mcas.com.au/assets/full/ON010E127C.webp,MCAS Legacy SKU Asset Check
ON010E138C,https://www.mcas.com.au/assets/full/ON010E138C.webp,MCAS Legacy SKU Asset Check
ON010E136C,https://www.mcas.com.au/assets/full/ON010E136C.webp,MCAS Legacy SKU Asset Check
ON010E042C,https://www.mcas.com.au/assets/full/ON010E042C.webp,MCAS Legacy SKU Asset Check
ON0134434,https://www.mcas.com.au/assets/full/ON0134434.jpg,MCAS Legacy SKU Asset Check
ON0134461,https://www.mcas.com.au/assets/full/ON0134461.jpg,MCAS Legacy SKU Asset Check
ON0134469,https://www.mcas.com.au/assets/full/ON0134469.jpg,MCAS Legacy SKU Asset Check
ON0134465,https://www.mcas.com.au/assets/full/ON0134465.jpg,MCAS Legacy SKU Asset Check
ON0134438,https://www.mcas.com.au/assets/full/ON0134438.jpg,MCAS Legacy SKU Asset Check
ON0134444,https://www.mcas.com.au/assets/full/ON0134444.jpg,MCAS Legacy SKU Asset Check
ON0115100,https://www.mcas.com.au/assets/full/ON0115100.webp,MCAS Legacy SKU Asset Check
ON0134471,https://www.mcas.com.au/assets/full/ON0134471.jpg,MCAS Legacy SKU Asset Check
ON0134467,https://www.mcas.com.au/assets/full/ON0134467.jpg,MCAS Legacy SKU Asset Check
ON0134463,https://www.mcas.com.au/assets/full/ON0134463.jpg,MCAS Legacy SKU Asset Check
ON0115202,https://www.mcas.com.au/assets/full/ON0115202.webp,MCAS Legacy SKU Asset Check
ON0183128,https://www.mcas.com.au/assets/full/ON0183128.jpg,MCAS Legacy SKU Asset Check
ON0134473,https://www.mcas.com.au/assets/full/ON0134473.jpg,MCAS Legacy SKU Asset Check
ON0183130,https://www.mcas.com.au/assets/full/ON0183130.jpg,MCAS Legacy SKU Asset Check
ON0183138,https://www.mcas.com.au/assets/full/ON0183138.jpg,MCAS Legacy SKU Asset Check
ON0183132,https://www.mcas.com.au/assets/full/ON0183132.jpg,MCAS Legacy SKU Asset Check
ON0183134,https://www.mcas.com.au/assets/full/ON0183134.jpg,MCAS Legacy SKU Asset Check
ON0183136,https://www.mcas.com.au/assets/full/ON0183136.jpg,MCAS Legacy SKU Asset Check
ON0183140,https://www.mcas.com.au/assets/full/ON0183140.jpg,MCAS Legacy SKU Asset Check
ON0200302,https://www.mcas.com.au/assets/full/ON0200302.jpg,MCAS Legacy SKU Asset Check
ON0183142,https://www.mcas.com.au/assets/full/ON0183142.jpg,MCAS Legacy SKU Asset Check
ON0200260,https://www.mcas.com.au/assets/full/ON0200260.jpg,MCAS Legacy SKU Asset Check
ON0200270,https://www.mcas.com.au/assets/full/ON0200270.jpg,MCAS Legacy SKU Asset Check
ON0200280,https://www.mcas.com.au/assets/full/ON0200280.jpg,MCAS Legacy SKU Asset Check
ON0200463,https://www.mcas.com.au/assets/full/ON0200463.jpg,MCAS Legacy SKU Asset Check
ON0251001,https://www.mcas.com.au/assets/full/ON0251001.jpg,MCAS Legacy SKU Asset Check
ON0200SP100,https://www.mcas.com.au/assets/full/ON0200SP100.jpg,MCAS Legacy SKU Asset Check
ON0251202,https://www.mcas.com.au/assets/full/ON0251202.jpg,MCAS Legacy SKU Asset Check
ON0200S10,https://www.mcas.com.au/assets/full/ON0200S10.jpg,MCAS Legacy SKU Asset Check
ON0200R10,https://www.mcas.com.au/assets/full/ON0200R10.jpg,MCAS Legacy SKU Asset Check
ON0200120,https://www.mcas.com.au/assets/full/ON0200120.png,MCAS Legacy SKU Asset Check
ON0200490,https://www.mcas.com.au/assets/full/ON0200490.jpg,MCAS Legacy SKU Asset Check
ON0251000,https://www.mcas.com.au/assets/full/ON0251000.jpg,MCAS Legacy SKU Asset Check
ON0200140,https://www.mcas.com.au/assets/full/ON0200140.png,MCAS Legacy SKU Asset Check
ON0251203,https://www.mcas.com.au/assets/full/ON0251203.jpg,MCAS Legacy SKU Asset Check
ON0200430,https://www.mcas.com.au/assets/full/ON0200430.png,MCAS Legacy SKU Asset Check
ON0200420,https://www.mcas.com.au/assets/full/ON0200420.png,MCAS Legacy SKU Asset Check
ON0251403,https://www.mcas.com.au/assets/full/ON0251403.jpg,MCAS Legacy SKU Asset Check
ON0251344,https://www.mcas.com.au/assets/full/ON0251344.jpg,MCAS Legacy SKU Asset Check
ON0251603,https://www.mcas.com.au/assets/full/ON0251603.jpg,MCAS Legacy SKU Asset Check
ON0251601,https://www.mcas.com.au/assets/full/ON0251601.jpg,MCAS Legacy SKU Asset Check
ON0251401,https://www.mcas.com.au/assets/full/ON0251401.jpg,MCAS Legacy SKU Asset Check
ON0251201,https://www.mcas.com.au/assets/full/ON0251201.webp,MCAS Legacy SKU Asset Check
ON0251300,https://www.mcas.com.au/assets/full/ON0251300.webp,MCAS Legacy SKU Asset Check
ON0251301,https://www.mcas.com.au/assets/full/ON0251301.webp,MCAS Legacy SKU Asset Check
ON0251315,https://www.mcas.com.au/assets/full/ON0251315.webp,MCAS Legacy SKU Asset Check
ON0251311,https://www.mcas.com.au/assets/full/ON0251311.webp,MCAS Legacy SKU Asset Check
ON0251310,https://www.mcas.com.au/assets/full/ON0251310.webp,MCAS Legacy SKU Asset Check
ON0251322,https://www.mcas.com.au/assets/full/ON0251322.webp,MCAS Legacy SKU Asset Check
RJBK4,https://www.mcas.com.au/assets/full/RJBK4.jpg,MCAS Legacy SKU Asset Check
RJBK3,https://www.mcas.com.au/assets/full/RJBK3.jpg,MCAS Legacy SKU Asset Check
RJBK5,https://www.mcas.com.au/assets/full/RJBK5.jpg,MCAS Legacy SKU Asset Check
RJBK6,https://www.mcas.com.au/assets/full/RJBK6.jpg,MCAS Legacy SKU Asset Check
RJBK2,https://www.mcas.com.au/assets/full/RJBK2.jpg,MCAS Legacy SKU Asset Check
RJBK7,https://www.mcas.com.au/assets/full/RJBK7.jpg,MCAS Legacy SKU Asset Check
RJBK8,https://www.mcas.com.au/assets/full/RJBK8.jpg,MCAS Legacy SKU Asset Check
RJBT3246,https://www.mcas.com.au/assets/full/RJBT3246.jpg,MCAS Legacy SKU Asset Check
RJBK9,https://www.mcas.com.au/assets/full/RJBK9.jpg,MCAS Legacy SKU Asset Check
RJBT3738,https://www.mcas.com.au/assets/full/RJBT3738.jpg,MCAS Legacy SKU Asset Check
RJBT3337,https://www.mcas.com.au/assets/full/RJBT3337.jpg,MCAS Legacy SKU Asset Check
RJBT3137,https://www.mcas.com.au/assets/full/RJBT3137.jpg,MCAS Legacy SKU Asset Check
RJBT3737,https://www.mcas.com.au/assets/full/RJBT3737.jpg,MCAS Legacy SKU Asset Check
RJBT3838,https://www.mcas.com.au/assets/full/RJBT3838.jpg,MCAS Legacy SKU Asset Check
RJBT3740,https://www.mcas.com.au/assets/full/RJBT3740.jpg,MCAS Legacy SKU Asset Check
RJBT3739,https://www.mcas.com.au/assets/full/RJBT3739.jpg,MCAS Legacy SKU Asset Check
RJBT3839,https://www.mcas.com.au/assets/full/RJBT3839.jpg,MCAS Legacy SKU Asset Check
RJBT3947,https://www.mcas.com.au/assets/full/RJBT3947.jpg,MCAS Legacy SKU Asset Check
RJBT3837,https://www.mcas.com.au/assets/full/RJBT3837.jpg,MCAS Legacy SKU Asset Check
RJBT3742,https://www.mcas.com.au/assets/full/RJBT3742.jpg,MCAS Legacy SKU Asset Check
RJBT3840,https://www.mcas.com.au/assets/full/RJBT3840.jpg,MCAS Legacy SKU Asset Check
RJBT4141,https://www.mcas.com.au/assets/full/RJBT4141.jpg,MCAS Legacy SKU Asset Check
RJBT3842,https://www.mcas.com.au/assets/full/RJBT3842.jpg,MCAS Legacy SKU Asset Check
RJBT3945,https://www.mcas.com.au/assets/full/RJBT3945.jpg,MCAS Legacy SKU Asset Check
RJBT4248,https://www.mcas.com.au/assets/full/RJBT4248.jpg,MCAS Legacy SKU Asset Check
RJBT4639,https://www.mcas.com.au/assets/full/RJBT4639.jpg,MCAS Legacy SKU Asset Check
RJBT3946,https://www.mcas.com.au/assets/full/RJBT3946.jpg,MCAS Legacy SKU Asset Check
RJBT4245,https://www.mcas.com.au/assets/full/RJBT4245.jpg,MCAS Legacy SKU Asset Check
RJBT4140,https://www.mcas.com.au/assets/full/RJBT4140.jpg,MCAS Legacy SKU Asset Check
RJBT4640,https://www.mcas.com.au/assets/full/RJBT4640.jpg,MCAS Legacy SKU Asset Check
RJBT48BK45,https://www.mcas.com.au/assets/full/RJBT48BK45.jpg,MCAS Legacy SKU Asset Check
RJFIG2,https://www.mcas.com.au/assets/full/RJFIG2.jpg,MCAS Legacy SKU Asset Check
RJFIG3,https://www.mcas.com.au/assets/full/RJFIG3.jpg,MCAS Legacy SKU Asset Check
RJBT5339,https://www.mcas.com.au/assets/full/RJBT5339.webp,MCAS Legacy SKU Asset Check
RJBT5340,https://www.mcas.com.au/assets/full/RJBT5340.webp,MCAS Legacy SKU Asset Check
RJBT5341,https://www.mcas.com.au/assets/full/RJBT5341.webp,MCAS Legacy SKU Asset Check
RJBT5343,https://www.mcas.com.au/assets/full/RJBT5343.webp,MCAS Legacy SKU Asset Check
RJFIG5,https://www.mcas.com.au/assets/full/RJFIG5.jpg,MCAS Legacy SKU Asset Check
RJFIG4,https://www.mcas.com.au/assets/full/RJFIG4.jpg,MCAS Legacy SKU Asset Check
RJBT5344,https://www.mcas.com.au/assets/full/RJBT5344.webp,MCAS Legacy SKU Asset Check
RJBT5342,https://www.mcas.com.au/assets/full/RJBT5342.webp,MCAS Legacy SKU Asset Check
RJFIG6,https://www.mcas.com.au/assets/full/RJFIG6.jpg,MCAS Legacy SKU Asset Check
RJFL001BUBK3,https://www.mcas.com.au/assets/full/RJFL001BUBK3.jpg,MCAS Legacy SKU Asset Check
RJBT5347,https://www.mcas.com.au/assets/full/RJBT5347.webp,MCAS Legacy SKU Asset Check
RJBT5345,https://www.mcas.com.au/assets/full/RJBT5345.webp,MCAS Legacy SKU Asset Check
RJFL001GYBK6,https://www.mcas.com.au/assets/full/RJFL001GYBK6.jpg,MCAS Legacy SKU Asset Check
RJBT5346,https://www.mcas.com.au/assets/full/RJBT5346.webp,MCAS Legacy SKU Asset Check
RJFIG7,https://www.mcas.com.au/assets/full/RJFIG7.jpg,MCAS Legacy SKU Asset Check
RJFL001BK4,https://www.mcas.com.au/assets/full/RJFL001BK4.jpg,MCAS Legacy SKU Asset Check
RJFL001BK5,https://www.mcas.com.au/assets/full/RJFL001BK5.jpg,MCAS Legacy SKU Asset Check
RJFL001GY5,https://www.mcas.com.au/assets/full/RJFL001GY5.jpg,MCAS Legacy SKU Asset Check
RJFL001RDBK3,https://www.mcas.com.au/assets/full/RJFL001RDBK3.jpg,MCAS Legacy SKU Asset Check
RJH101BKWH6,https://www.mcas.com.au/assets/full/RJH101BKWH6.jpg,MCAS Legacy SKU Asset Check
RJH102VCB,https://www.mcas.com.au/assets/full/RJH102VCB.jpg,MCAS Legacy SKU Asset Check
RJH102VCG,https://www.mcas.com.au/assets/full/RJH102VCG.jpg,MCAS Legacy SKU Asset Check
RJH102VC,https://www.mcas.com.au/assets/full/RJH102VC.jpg,MCAS Legacy SKU Asset Check
RJH102VCS,https://www.mcas.com.au/assets/full/RJH102VCS.jpg,MCAS Legacy SKU Asset Check
RJH102VCR,https://www.mcas.com.au/assets/full/RJH102VCR.jpg,MCAS Legacy SKU Asset Check
RJH102VDT,https://www.mcas.com.au/assets/full/RJH102VDT.jpg,MCAS Legacy SKU Asset Check
RJH103VCB,https://www.mcas.com.au/assets/full/RJH103VCB.jpg,MCAS Legacy SKU Asset Check
RJH103VC,https://www.mcas.com.au/assets/full/RJH103VC.jpg,MCAS Legacy SKU Asset Check
RJH103VCR,https://www.mcas.com.au/assets/full/RJH103VCR.jpg,MCAS Legacy SKU Asset Check
RJH103VCS,https://www.mcas.com.au/assets/full/RJH103VCS.jpg,MCAS Legacy SKU Asset Check
RJH103VDT,https://www.mcas.com.au/assets/full/RJH103VDT.jpg,MCAS Legacy SKU Asset Check
RJH103VCG,https://www.mcas.com.au/assets/full/RJH103VCG.jpg,MCAS Legacy SKU Asset Check
RJH105GY2,https://www.mcas.com.au/assets/full/RJH105GY2.jpg,MCAS Legacy SKU Asset Check
RJH105BK5,https://www.mcas.com.au/assets/full/RJH105BK5.jpg,MCAS Legacy SKU Asset Check
RJH105BK3,https://www.mcas.com.au/assets/full/RJH105BK3.jpg,MCAS Legacy SKU Asset Check
RJH105BK2,https://www.mcas.com.au/assets/full/RJH105BK2.jpg,MCAS Legacy SKU Asset Check
RJH105GY4,https://www.mcas.com.au/assets/full/RJH105GY4.jpg,MCAS Legacy SKU Asset Check
RJH105BK4,https://www.mcas.com.au/assets/full/RJH105BK4.jpg,MCAS Legacy SKU Asset Check
RJH105BK7,https://www.mcas.com.au/assets/full/RJH105BK7.jpg,MCAS Legacy SKU Asset Check
RJH105GY3,https://www.mcas.com.au/assets/full/RJH105GY3.jpg,MCAS Legacy SKU Asset Check
RJH105BK6,https://www.mcas.com.au/assets/full/RJH105BK6.jpg,MCAS Legacy SKU Asset Check
RJH105GY5,https://www.mcas.com.au/assets/full/RJH105GY5.jpg,MCAS Legacy SKU Asset Check
RJH105GY6,https://www.mcas.com.au/assets/full/RJH105GY6.jpg,MCAS Legacy SKU Asset Check
RJH105MB3,https://www.mcas.com.au/assets/full/RJH105MB3.jpg,MCAS Legacy SKU Asset Check
RJH105MB2,https://www.mcas.com.au/assets/full/RJH105MB2.jpg,MCAS Legacy SKU Asset Check
RJH105MB5,https://www.mcas.com.au/assets/full/RJH105MB5.jpg,MCAS Legacy SKU Asset Check
RJH105GY7,https://www.mcas.com.au/assets/full/RJH105GY7.jpg,MCAS Legacy SKU Asset Check
RJH105WH3,https://www.mcas.com.au/assets/full/RJH105WH3.jpg,MCAS Legacy SKU Asset Check
RJH105MB4,https://www.mcas.com.au/assets/full/RJH105MB4.jpg,MCAS Legacy SKU Asset Check
RJH105WH5,https://www.mcas.com.au/assets/full/RJH105WH5.jpg,MCAS Legacy SKU Asset Check
RJH105MB7,https://www.mcas.com.au/assets/full/RJH105MB7.jpg,MCAS Legacy SKU Asset Check
RJH105VDS,https://www.mcas.com.au/assets/full/RJH105VDS.jpg,MCAS Legacy SKU Asset Check
RJH105WH4,https://www.mcas.com.au/assets/full/RJH105WH4.jpg,MCAS Legacy SKU Asset Check
RJH105MB6,https://www.mcas.com.au/assets/full/RJH105MB6.jpg,MCAS Legacy SKU Asset Check
RJH105WH2,https://www.mcas.com.au/assets/full/RJH105WH2.jpg,MCAS Legacy SKU Asset Check
RJH12VIRS,https://www.mcas.com.au/assets/full/RJH12VIRS.jpg,MCAS Legacy SKU Asset Check
RJH12VDS,https://www.mcas.com.au/assets/full/RJH12VDS.jpg,MCAS Legacy SKU Asset Check
RJH105WH7,https://www.mcas.com.au/assets/full/RJH105WH7.jpg,MCAS Legacy SKU Asset Check
RJH44VDS,https://www.mcas.com.au/assets/full/RJH44VDS.jpg,MCAS Legacy SKU Asset Check
RJH18VDS,https://www.mcas.com.au/assets/full/RJH18VDS.jpg,MCAS Legacy SKU Asset Check
RJH105WH6,https://www.mcas.com.au/assets/full/RJH105WH6.jpg,MCAS Legacy SKU Asset Check
RJH85VIRSI,https://www.mcas.com.au/assets/full/RJH85VIRSI.jpg,MCAS Legacy SKU Asset Check
RJH105VC,https://www.mcas.com.au/assets/full/RJH105VC.webp,MCAS Legacy SKU Asset Check
RJH86MB4,https://www.mcas.com.au/assets/full/RJH86MB4.jpg,MCAS Legacy SKU Asset Check
RJH86IVDT,https://www.mcas.com.au/assets/full/RJH86IVDT.jpg,MCAS Legacy SKU Asset Check
RJH86VC,https://www.mcas.com.au/assets/full/RJH86VC.jpg,MCAS Legacy SKU Asset Check
RJH86VDT,https://www.mcas.com.au/assets/full/RJH86VDT.jpg,MCAS Legacy SKU Asset Check
RJH86VIRSI,https://www.mcas.com.au/assets/full/RJH86VIRSI.jpg,MCAS Legacy SKU Asset Check
RJH86VT,https://www.mcas.com.au/assets/full/RJH86VT.jpg,MCAS Legacy SKU Asset Check
RJH86WHGY2,https://www.mcas.com.au/assets/full/RJH86WHGY2.jpg,MCAS Legacy SKU Asset Check
RJH86WHGY3,https://www.mcas.com.au/assets/full/RJH86WHGY3.jpg,MCAS Legacy SKU Asset Check
RJH87IVDS,https://www.mcas.com.au/assets/full/RJH87IVDS.jpg,MCAS Legacy SKU Asset Check
RJH87VC,https://www.mcas.com.au/assets/full/RJH87VC.jpg,MCAS Legacy SKU Asset Check
RJH87VDT,https://www.mcas.com.au/assets/full/RJH87VDT.jpg,MCAS Legacy SKU Asset Check
RJH87VIRSI,https://www.mcas.com.au/assets/full/RJH87VIRSI.jpg,MCAS Legacy SKU Asset Check
RJH88BP,https://www.mcas.com.au/assets/full/RJH88BP.jpg,MCAS Legacy SKU Asset Check
RJH88VC,https://www.mcas.com.au/assets/full/RJH88VC.jpg,MCAS Legacy SKU Asset Check
RJH88IVDT,https://www.mcas.com.au/assets/full/RJH88IVDT.jpg,MCAS Legacy SKU Asset Check
RJH88VDT,https://www.mcas.com.au/assets/full/RJH88VDT.jpg,MCAS Legacy SKU Asset Check
RJH88VT,https://www.mcas.com.au/assets/full/RJH88VT.jpg,MCAS Legacy SKU Asset Check
RJH89IVDS,https://www.mcas.com.au/assets/full/RJH89IVDS.jpg,MCAS Legacy SKU Asset Check
RJH89VC,https://www.mcas.com.au/assets/full/RJH89VC.jpg,MCAS Legacy SKU Asset Check
RJH89VS,https://www.mcas.com.au/assets/full/RJH89VS.jpg,MCAS Legacy SKU Asset Check
RJH89VDS,https://www.mcas.com.au/assets/full/RJH89VDS.jpg,MCAS Legacy SKU Asset Check
RJH89VIRS,https://www.mcas.com.au/assets/full/RJH89VIRS.jpg,MCAS Legacy SKU Asset Check
RJH92VC,https://www.mcas.com.au/assets/full/RJH92VC.jpg,MCAS Legacy SKU Asset Check
RJH92IVDS,https://www.mcas.com.au/assets/full/RJH92IVDS.jpg,MCAS Legacy SKU Asset Check
RJH92VDS,https://www.mcas.com.au/assets/full/RJH92VDS.jpg,MCAS Legacy SKU Asset Check
RJH92VIRS,https://www.mcas.com.au/assets/full/RJH92VIRS.jpg,MCAS Legacy SKU Asset Check
RJH95BKGY2,https://www.mcas.com.au/assets/full/RJH95BKGY2.jpg,MCAS Legacy SKU Asset Check
RJH95BKRD2,https://www.mcas.com.au/assets/full/RJH95BKRD2.jpg,MCAS Legacy SKU Asset Check
RJH95MWHRD6,https://www.mcas.com.au/assets/full/RJH95MWHRD6.jpg,MCAS Legacy SKU Asset Check
RJH95BKRD3,https://www.mcas.com.au/assets/full/RJH95BKRD3.jpg,MCAS Legacy SKU Asset Check
RJH95MBKGN3,https://www.mcas.com.au/assets/full/RJH95MBKGN3.jpg,MCAS Legacy SKU Asset Check
RJH95MWHRD3,https://www.mcas.com.au/assets/full/RJH95MWHRD3.jpg,MCAS Legacy SKU Asset Check
RJH96IBKRD2,https://www.mcas.com.au/assets/full/RJH96IBKRD2.jpg,MCAS Legacy SKU Asset Check
RJH96IMHBU2,https://www.mcas.com.au/assets/full/RJH96IMHBU2.jpg,MCAS Legacy SKU Asset Check
RJH96GBK2,https://www.mcas.com.au/assets/full/RJH96GBK2.jpg,MCAS Legacy SKU Asset Check
RJH96ISV,https://www.mcas.com.au/assets/full/RJH96ISV.jpg,MCAS Legacy SKU Asset Check
RJH96IMHBU3,https://www.mcas.com.au/assets/full/RJH96IMHBU3.jpg,MCAS Legacy SKU Asset Check
RJH96IWHRD3,https://www.mcas.com.au/assets/full/RJH96IWHRD3.jpg,MCAS Legacy SKU Asset Check
RJH96IWHGD3,https://www.mcas.com.au/assets/full/RJH96IWHGD3.jpg,MCAS Legacy SKU Asset Check
RJH96PLVCS,https://www.mcas.com.au/assets/full/RJH96PLVCS.jpg,MCAS Legacy SKU Asset Check
RJH96PLVDS,https://www.mcas.com.au/assets/full/RJH96PLVDS.jpg,MCAS Legacy SKU Asset Check
RJH96PLVR,https://www.mcas.com.au/assets/full/RJH96PLVR.jpg,MCAS Legacy SKU Asset Check
RJH96PLVC,https://www.mcas.com.au/assets/full/RJH96PLVC.jpg,MCAS Legacy SKU Asset Check
RJH97VC,https://www.mcas.com.au/assets/full/RJH97VC.jpg,MCAS Legacy SKU Asset Check
RJH97VDS,https://www.mcas.com.au/assets/full/RJH97VDS.jpg,MCAS Legacy SKU Asset Check
RJH98WB7,https://www.mcas.com.au/assets/full/RJH98WB7.jpg,MCAS Legacy SKU Asset Check
RJHDOB2,https://www.mcas.com.au/assets/full/RJHDOB2.jpg,MCAS Legacy SKU Asset Check
RJH98BW2,https://www.mcas.com.au/assets/full/RJH98BW2.jpg,MCAS Legacy SKU Asset Check
RJH97VCS,https://www.mcas.com.au/assets/full/RJH97VCS.jpg,MCAS Legacy SKU Asset Check
RJH97VR,https://www.mcas.com.au/assets/full/RJH97VR.jpg,MCAS Legacy SKU Asset Check
RJHDOB3,https://www.mcas.com.au/assets/full/RJHDOB3.jpg,MCAS Legacy SKU Asset Check
RJHDOB7,https://www.mcas.com.au/assets/full/RJHDOB7.jpg,MCAS Legacy SKU Asset Check
RJHDOB6,https://www.mcas.com.au/assets/full/RJHDOB6.jpg,MCAS Legacy SKU Asset Check
RJHDOB4,https://www.mcas.com.au/assets/full/RJHDOB4.jpg,MCAS Legacy SKU Asset Check
RJHDOB5,https://www.mcas.com.au/assets/full/RJHDOB5.jpg,MCAS Legacy SKU Asset Check
RJIG3,https://www.mcas.com.au/assets/full/RJIG3.jpg,MCAS Legacy SKU Asset Check
RJLJREL10,https://www.mcas.com.au/assets/full/RJLJREL10.jpg,MCAS Legacy SKU Asset Check
RJLJREL16,https://www.mcas.com.au/assets/full/RJLJREL16.jpg,MCAS Legacy SKU Asset Check
RJPREMSV7,https://www.mcas.com.au/assets/full/RJPREMSV7.jpg,MCAS Legacy SKU Asset Check
RJLVS,https://www.mcas.com.au/assets/full/RJLVS.jpg,MCAS Legacy SKU Asset Check
RJPREMSV3,https://www.mcas.com.au/assets/full/RJPREMSV3.jpg,MCAS Legacy SKU Asset Check
RJPREMSV8,https://www.mcas.com.au/assets/full/RJPREMSV8.jpg,MCAS Legacy SKU Asset Check
RJPREMSV6,https://www.mcas.com.au/assets/full/RJPREMSV6.jpg,MCAS Legacy SKU Asset Check
RJPREMSV4,https://www.mcas.com.au/assets/full/RJPREMSV4.jpg,MCAS Legacy SKU Asset Check
RJPREMSV5,https://www.mcas.com.au/assets/full/RJPREMSV5.jpg,MCAS Legacy SKU Asset Check
RJSV3,https://www.mcas.com.au/assets/full/RJSV3.jpg,MCAS Legacy SKU Asset Check
RJSV5,https://www.mcas.com.au/assets/full/RJSV5.jpg,MCAS Legacy SKU Asset Check
RJSV6,https://www.mcas.com.au/assets/full/RJSV6.jpg,MCAS Legacy SKU Asset Check
RJTUPM,https://www.mcas.com.au/assets/full/RJTUPM.jpg,MCAS Legacy SKU Asset Check
RJSV4,https://www.mcas.com.au/assets/full/RJSV4.jpg,MCAS Legacy SKU Asset Check
RJSV7,https://www.mcas.com.au/assets/full/RJSV7.jpg,MCAS Legacy SKU Asset Check
RJSV8,https://www.mcas.com.au/assets/full/RJSV8.jpg,MCAS Legacy SKU Asset Check
RJUS1PU,https://www.mcas.com.au/assets/full/RJUS1PU.jpg,MCAS Legacy SKU Asset Check
RJTUPS,https://www.mcas.com.au/assets/full/RJTUPS.jpg,MCAS Legacy SKU Asset Check
RJUS2BK,https://www.mcas.com.au/assets/full/RJUS2BK.jpg,MCAS Legacy SKU Asset Check
RJUS1BK,https://www.mcas.com.au/assets/full/RJUS1BK.jpg,MCAS Legacy SKU Asset Check
RJUS1GY,https://www.mcas.com.au/assets/full/RJUS1GY.jpg,MCAS Legacy SKU Asset Check
RJUS1PU1,https://www.mcas.com.au/assets/full/RJUS1PU1.jpg,MCAS Legacy SKU Asset Check
RJUS2GY,https://www.mcas.com.au/assets/full/RJUS2GY.jpg,MCAS Legacy SKU Asset Check
RJTUTS,https://www.mcas.com.au/assets/full/RJTUTS.jpg,MCAS Legacy SKU Asset Check
RJWPOM1,https://www.mcas.com.au/assets/full/RJWPOM1.jpg,MCAS Legacy SKU Asset Check
RJUS2PU1,https://www.mcas.com.au/assets/full/RJUS2PU1.jpg,MCAS Legacy SKU Asset Check
RJTUPXS,https://www.mcas.com.au/assets/full/RJTUPXS.jpg,MCAS Legacy SKU Asset Check
RJUS2PU2,https://www.mcas.com.au/assets/full/RJUS2PU2.jpg,MCAS Legacy SKU Asset Check
RJWPOM2,https://www.mcas.com.au/assets/full/RJWPOM2.jpg,MCAS Legacy SKU Asset Check
RM02,https://www.mcas.com.au/assets/full/RM02.jpg,MCAS Legacy SKU Asset Check
RM01,https://www.mcas.com.au/assets/full/RM01.jpg,MCAS Legacy SKU Asset Check
RM1171KIT,https://www.mcas.com.au/assets/full/RM1171KIT.jpg,MCAS Legacy SKU Asset Check
RM18120E,https://www.mcas.com.au/assets/full/RM18120E.jpg,MCAS Legacy SKU Asset Check
RM18140A,https://www.mcas.com.au/assets/full/RM18140A.jpg,MCAS Legacy SKU Asset Check
RM18140E,https://www.mcas.com.au/assets/full/RM18140E.jpg,MCAS Legacy SKU Asset Check
RM18120A,https://www.mcas.com.au/assets/full/RM18120A.jpg,MCAS Legacy SKU Asset Check
RM18140C,https://www.mcas.com.au/assets/full/RM18140C.jpg,MCAS Legacy SKU Asset Check
RM18120X,https://www.mcas.com.au/assets/full/RM18120X.jpg,MCAS Legacy SKU Asset Check
RM18140EM,https://www.mcas.com.au/assets/full/RM18140EM.jpg,MCAS Legacy SKU Asset Check
RM18140X,https://www.mcas.com.au/assets/full/RM18140X.jpg,MCAS Legacy SKU Asset Check
RK49001,https://www.mcas.com.au/assets/full/RK49001.webp,MCAS Legacy SKU Asset Check
RM19110MX,https://www.mcas.com.au/assets/full/RM19110MX.jpg,MCAS Legacy SKU Asset Check
RM19100MX,https://www.mcas.com.au/assets/full/RM19100MX.jpg,MCAS Legacy SKU Asset Check
RM2180E,https://www.mcas.com.au/assets/full/RM2180E.jpg,MCAS Legacy SKU Asset Check
RM2190E,https://www.mcas.com.au/assets/full/RM2190E.jpg,MCAS Legacy SKU Asset Check
RKSVI105,https://www.mcas.com.au/assets/full/RKSVI105.webp,MCAS Legacy SKU Asset Check
RM1030MX,https://www.mcas.com.au/assets/full/RM1030MX.webp,MCAS Legacy SKU Asset Check
RKSVI15-25,https://www.mcas.com.au/assets/full/RKSVI15-25.webp,MCAS Legacy SKU Asset Check
RM2180MX,https://www.mcas.com.au/assets/full/RM2180MX.jpg,MCAS Legacy SKU Asset Check
RKSVI2.5-1,https://www.mcas.com.au/assets/full/RKSVI2.5-1.webp,MCAS Legacy SKU Asset Check
RM2180A,https://www.mcas.com.au/assets/full/RM2180A.jpg,MCAS Legacy SKU Asset Check
RKSVI2.5-05,https://www.mcas.com.au/assets/full/RKSVI2.5-05.webp,MCAS Legacy SKU Asset Check
RM2190EM,https://www.mcas.com.au/assets/full/RM2190EM.jpg,MCAS Legacy SKU Asset Check
RM1690MX,https://www.mcas.com.au/assets/full/RM1690MX.webp,MCAS Legacy SKU Asset Check
RMG0075,https://www.mcas.com.au/assets/full/RMG0075.jpg,MCAS Legacy SKU Asset Check
RO303501P,https://www.mcas.com.au/assets/full/RO303501P.jpg,MCAS Legacy SKU Asset Check
RMG0500,https://www.mcas.com.au/assets/full/RMG0500.jpg,MCAS Legacy SKU Asset Check
RMG1000,https://www.mcas.com.au/assets/full/RMG1000.jpg,MCAS Legacy SKU Asset Check
RO303701P,https://www.mcas.com.au/assets/full/RO303701P.jpg,MCAS Legacy SKU Asset Check
RO305501P,https://www.mcas.com.au/assets/full/RO305501P.jpg,MCAS Legacy SKU Asset Check
RO304301,https://www.mcas.com.au/assets/full/RO304301.jpg,MCAS Legacy SKU Asset Check
RO303743P,https://www.mcas.com.au/assets/full/RO303743P.jpg,MCAS Legacy SKU Asset Check
RO305143P,https://www.mcas.com.au/assets/full/RO305143P.jpg,MCAS Legacy SKU Asset Check
RO305601P,https://www.mcas.com.au/assets/full/RO305601P.jpg,MCAS Legacy SKU Asset Check
RO305101P,https://www.mcas.com.au/assets/full/RO305101P.jpg,MCAS Legacy SKU Asset Check
RM1970MX,https://www.mcas.com.au/assets/full/RM1970MX.webp,MCAS Legacy SKU Asset Check
RO305843P,https://www.mcas.com.au/assets/full/RO305843P.jpg,MCAS Legacy SKU Asset Check
RO306611P,https://www.mcas.com.au/assets/full/RO306611P.jpg,MCAS Legacy SKU Asset Check
RO306643P,https://www.mcas.com.au/assets/full/RO306643P.jpg,MCAS Legacy SKU Asset Check
RO306401P,https://www.mcas.com.au/assets/full/RO306401P.jpg,MCAS Legacy SKU Asset Check
RO306501P,https://www.mcas.com.au/assets/full/RO306501P.jpg,MCAS Legacy SKU Asset Check
RO306601P,https://www.mcas.com.au/assets/full/RO306601P.jpg,MCAS Legacy SKU Asset Check
RO306701P,https://www.mcas.com.au/assets/full/RO306701P.jpg,MCAS Legacy SKU Asset Check
RO306711P,https://www.mcas.com.au/assets/full/RO306711P.jpg,MCAS Legacy SKU Asset Check
RO306843P,https://www.mcas.com.au/assets/full/RO306843P.jpg,MCAS Legacy SKU Asset Check
RO307601P,https://www.mcas.com.au/assets/full/RO307601P.jpg,MCAS Legacy SKU Asset Check
RO307801P,https://www.mcas.com.au/assets/full/RO307801P.jpg,MCAS Legacy SKU Asset Check
RO307201P,https://www.mcas.com.au/assets/full/RO307201P.jpg,MCAS Legacy SKU Asset Check
RO307501P,https://www.mcas.com.au/assets/full/RO307501P.jpg,MCAS Legacy SKU Asset Check
RO307901P,https://www.mcas.com.au/assets/full/RO307901P.jpg,MCAS Legacy SKU Asset Check
RO308701P,https://www.mcas.com.au/assets/full/RO308701P.jpg,MCAS Legacy SKU Asset Check
RO304301-PLUS,https://www.mcas.com.au/assets/full/RO304301-PLUS.webp,MCAS Legacy SKU Asset Check
RO308501P,https://www.mcas.com.au/assets/full/RO308501P.jpg,MCAS Legacy SKU Asset Check
RO330899P,https://www.mcas.com.au/assets/full/RO330899P.jpg,MCAS Legacy SKU Asset Check
RO308601P,https://www.mcas.com.au/assets/full/RO308601P.jpg,MCAS Legacy SKU Asset Check
RO309501P,https://www.mcas.com.au/assets/full/RO309501P.jpg,MCAS Legacy SKU Asset Check
RO330101PA,https://www.mcas.com.au/assets/full/RO330101PA.jpg,MCAS Legacy SKU Asset Check
RO308801P,https://www.mcas.com.au/assets/full/RO308801P.jpg,MCAS Legacy SKU Asset Check
RO332001P,https://www.mcas.com.au/assets/full/RO332001P.jpg,MCAS Legacy SKU Asset Check
RO309601P,https://www.mcas.com.au/assets/full/RO309601P.jpg,MCAS Legacy SKU Asset Check
RO331799P,https://www.mcas.com.au/assets/full/RO331799P.jpg,MCAS Legacy SKU Asset Check
RO334201P,https://www.mcas.com.au/assets/full/RO334201P.jpg,MCAS Legacy SKU Asset Check
RO334101P,https://www.mcas.com.au/assets/full/RO334101P.jpg,MCAS Legacy SKU Asset Check
RO334401P,https://www.mcas.com.au/assets/full/RO334401P.jpg,MCAS Legacy SKU Asset Check
RO334601PM,https://www.mcas.com.au/assets/full/RO334601PM.jpg,MCAS Legacy SKU Asset Check
RO334601P,https://www.mcas.com.au/assets/full/RO334601P.jpg,MCAS Legacy SKU Asset Check
RO336201,https://www.mcas.com.au/assets/full/RO336201.jpg,MCAS Legacy SKU Asset Check
RO335801,https://www.mcas.com.au/assets/full/RO335801.jpg,MCAS Legacy SKU Asset Check
RP1144,https://www.mcas.com.au/assets/full/RP1144.jpg,MCAS Legacy SKU Asset Check
RO337101,https://www.mcas.com.au/assets/full/RO337101.jpg,MCAS Legacy SKU Asset Check
RO336901,https://www.mcas.com.au/assets/full/RO336901.jpg,MCAS Legacy SKU Asset Check
RO308501P-PRO,https://www.mcas.com.au/assets/full/RO308501P-PRO.webp,MCAS Legacy SKU Asset Check
RO337001,https://www.mcas.com.au/assets/full/RO337001.jpg,MCAS Legacy SKU Asset Check
RP1144KIT,https://www.mcas.com.au/assets/full/RP1144KIT.jpg,MCAS Legacy SKU Asset Check
RO331299-ALRP,https://www.mcas.com.au/assets/full/RO331299-ALRP.webp,MCAS Legacy SKU Asset Check
RP1179,https://www.mcas.com.au/assets/full/RP1179.jpg,MCAS Legacy SKU Asset Check
RP1162,https://www.mcas.com.au/assets/full/RP1162.jpg,MCAS Legacy SKU Asset Check
RP1201,https://www.mcas.com.au/assets/full/RP1201.jpg,MCAS Legacy SKU Asset Check
RP2122,https://www.mcas.com.au/assets/full/RP2122.jpg,MCAS Legacy SKU Asset Check
RP1191,https://www.mcas.com.au/assets/full/RP1191.jpg,MCAS Legacy SKU Asset Check
RO334101-DP-V2,https://www.mcas.com.au/assets/full/RO334101-DP-V2.webp,MCAS Legacy SKU Asset Check
RP3117,https://www.mcas.com.au/assets/full/RP3117.jpg,MCAS Legacy SKU Asset Check
RO334001-50,https://www.mcas.com.au/assets/full/RO334001-50.webp,MCAS Legacy SKU Asset Check
RP2145,https://www.mcas.com.au/assets/full/RP2145.jpg,MCAS Legacy SKU Asset Check
RO334201P-PA,https://www.mcas.com.au/assets/full/RO334201P-PA.webp,MCAS Legacy SKU Asset Check
RP5103,https://www.mcas.com.au/assets/full/RP5103.jpg,MCAS Legacy SKU Asset Check
RP3101,https://www.mcas.com.au/assets/full/RP3101.jpg,MCAS Legacy SKU Asset Check
RP3118,https://www.mcas.com.au/assets/full/RP3118.jpg,MCAS Legacy SKU Asset Check
RP2139,https://www.mcas.com.au/assets/full/RP2139.jpg,MCAS Legacy SKU Asset Check
RO334201-ME,https://www.mcas.com.au/assets/full/RO334201-ME.webp,MCAS Legacy SKU Asset Check
RO334101-DP,https://www.mcas.com.au/assets/full/RO334101-DP.webp,MCAS Legacy SKU Asset Check
RO335501-CLA,https://www.mcas.com.au/assets/full/RO335501-CLA.webp,MCAS Legacy SKU Asset Check
RP5129,https://www.mcas.com.au/assets/full/RP5129.jpg,MCAS Legacy SKU Asset Check
RP7703,https://www.mcas.com.au/assets/full/RP7703.jpg,MCAS Legacy SKU Asset Check
RP5140,https://www.mcas.com.au/assets/full/RP5140.jpg,MCAS Legacy SKU Asset Check
RP7711,https://www.mcas.com.au/assets/full/RP7711.jpg,MCAS Legacy SKU Asset Check
RPBK11,https://www.mcas.com.au/assets/full/RPBK11.jpg,MCAS Legacy SKU Asset Check
RPBK1,https://www.mcas.com.au/assets/full/RPBK1.jpg,MCAS Legacy SKU Asset Check
RPBK2,https://www.mcas.com.au/assets/full/RPBK2.jpg,MCAS Legacy SKU Asset Check
ROFILF-05,https://www.mcas.com.au/assets/full/ROFILF-05.webp,MCAS Legacy SKU Asset Check
RPBK3,https://www.mcas.com.au/assets/full/RPBK3.jpg,MCAS Legacy SKU Asset Check
RPBK4,https://www.mcas.com.au/assets/full/RPBK4.jpg,MCAS Legacy SKU Asset Check
RPBK7,https://www.mcas.com.au/assets/full/RPBK7.jpg,MCAS Legacy SKU Asset Check
RPBK6,https://www.mcas.com.au/assets/full/RPBK6.jpg,MCAS Legacy SKU Asset Check
RPBK5,https://www.mcas.com.au/assets/full/RPBK5.jpg,MCAS Legacy SKU Asset Check
RPBK8,https://www.mcas.com.au/assets/full/RPBK8.jpg,MCAS Legacy SKU Asset Check
RPBK9,https://www.mcas.com.au/assets/full/RPBK9.jpg,MCAS Legacy SKU Asset Check
S112,https://www.mcas.com.au/assets/full/S112.jpg,MCAS Legacy SKU Asset Check
S111,https://www.mcas.com.au/assets/full/S111.jpg,MCAS Legacy SKU Asset Check
S150,https://www.mcas.com.au/assets/full/S150.jpg,MCAS Legacy SKU Asset Check
S180F,https://www.mcas.com.au/assets/full/S180F.jpg,MCAS Legacy SKU Asset Check
S180T,https://www.mcas.com.au/assets/full/S180T.jpg,MCAS Legacy SKU Asset Check
RP5129KIT,https://www.mcas.com.au/assets/full/RP5129KIT.webp,MCAS Legacy SKU Asset Check
RP3127,https://www.mcas.com.au/assets/full/RP3127.webp,MCAS Legacy SKU Asset Check
S220,https://www.mcas.com.au/assets/full/S220.jpg,MCAS Legacy SKU Asset Check
S250KIT,https://www.mcas.com.au/assets/full/S250KIT.jpg,MCAS Legacy SKU Asset Check
S210,https://www.mcas.com.au/assets/full/S210.jpg,MCAS Legacy SKU Asset Check
S250,https://www.mcas.com.au/assets/full/S250.jpg,MCAS Legacy SKU Asset Check
RU-0370,https://www.mcas.com.au/assets/full/RU-0370.webp,MCAS Legacy SKU Asset Check
RS5143BL,https://www.mcas.com.au/assets/full/RS5143BL.webp,MCAS Legacy SKU Asset Check
S301,https://www.mcas.com.au/assets/full/S301.jpg,MCAS Legacy SKU Asset Check
S221,https://www.mcas.com.au/assets/full/S221.jpg,MCAS Legacy SKU Asset Check
RU-2310,https://www.mcas.com.au/assets/full/RU-2310.webp,MCAS Legacy SKU Asset Check
S290S,https://www.mcas.com.au/assets/full/S290S.jpg,MCAS Legacy SKU Asset Check
RU-1530,https://www.mcas.com.au/assets/full/RU-1530.webp,MCAS Legacy SKU Asset Check
S290M,https://www.mcas.com.au/assets/full/S290M.jpg,MCAS Legacy SKU Asset Check
RU-2680,https://www.mcas.com.au/assets/full/RU-2680.webp,MCAS Legacy SKU Asset Check
S322,https://www.mcas.com.au/assets/full/S322.jpg,MCAS Legacy SKU Asset Check
S320,https://www.mcas.com.au/assets/full/S320.jpg,MCAS Legacy SKU Asset Check
S900A,https://www.mcas.com.au/assets/full/S900A.jpg,MCAS Legacy SKU Asset Check
S901A,https://www.mcas.com.au/assets/full/S901A.jpg,MCAS Legacy SKU Asset Check
S920L,https://www.mcas.com.au/assets/full/S920L.jpg,MCAS Legacy SKU Asset Check
S951,https://www.mcas.com.au/assets/full/S951.jpg,MCAS Legacy SKU Asset Check
S450,https://www.mcas.com.au/assets/full/S450.jpg,MCAS Legacy SKU Asset Check
S902A,https://www.mcas.com.au/assets/full/S902A.jpg,MCAS Legacy SKU Asset Check
S450KIT,https://www.mcas.com.au/assets/full/S450KIT.jpg,MCAS Legacy SKU Asset Check
S430,https://www.mcas.com.au/assets/full/S430.jpg,MCAS Legacy SKU Asset Check
S950,https://www.mcas.com.au/assets/full/S950.jpg,MCAS Legacy SKU Asset Check
S203L,https://www.mcas.com.au/assets/full/S203L.webp,MCAS Legacy SKU Asset Check
S903A,https://www.mcas.com.au/assets/full/S903A.jpg,MCAS Legacy SKU Asset Check
S203XL,https://www.mcas.com.au/assets/full/S203XL.webp,MCAS Legacy SKU Asset Check
S920M,https://www.mcas.com.au/assets/full/S920M.jpg,MCAS Legacy SKU Asset Check
S951BKITR,https://www.mcas.com.au/assets/full/S951BKITR.jpg,MCAS Legacy SKU Asset Check
S951KIT2,https://www.mcas.com.au/assets/full/S951KIT2.jpg,MCAS Legacy SKU Asset Check
S952B,https://www.mcas.com.au/assets/full/S952B.jpg,MCAS Legacy SKU Asset Check
S952,https://www.mcas.com.au/assets/full/S952.jpg,MCAS Legacy SKU Asset Check
S951KITR,https://www.mcas.com.au/assets/full/S951KITR.jpg,MCAS Legacy SKU Asset Check
S955B,https://www.mcas.com.au/assets/full/S955B.jpg,MCAS Legacy SKU Asset Check
S954B,https://www.mcas.com.au/assets/full/S954B.jpg,MCAS Legacy SKU Asset Check
S953B,https://www.mcas.com.au/assets/full/S953B.jpg,MCAS Legacy SKU Asset Check
S956B,https://www.mcas.com.au/assets/full/S956B.jpg,MCAS Legacy SKU Asset Check
S312,https://www.mcas.com.au/assets/full/S312.webp,MCAS Legacy SKU Asset Check
SA-10702-BK,https://www.mcas.com.au/assets/full/SA-10702-BK.webp,MCAS Legacy SKU Asset Check
SA-106-R,https://www.mcas.com.au/assets/full/SA-106-R.webp,MCAS Legacy SKU Asset Check
SA-10702-R,https://www.mcas.com.au/assets/full/SA-10702-R.webp,MCAS Legacy SKU Asset Check
SA-107P-R,https://www.mcas.com.au/assets/full/SA-107P-R.webp,MCAS Legacy SKU Asset Check
SA-107PH-R,https://www.mcas.com.au/assets/full/SA-107PH-R.webp,MCAS Legacy SKU Asset Check
SA-107P-BK,https://www.mcas.com.au/assets/full/SA-107P-BK.webp,MCAS Legacy SKU Asset Check
SA-10703-R,https://www.mcas.com.au/assets/full/SA-10703-R.webp,MCAS Legacy SKU Asset Check
SA-10703-BK,https://www.mcas.com.au/assets/full/SA-10703-BK.webp,MCAS Legacy SKU Asset Check
SA-106-B,https://www.mcas.com.au/assets/full/SA-106-B.webp,MCAS Legacy SKU Asset Check
SA-108-BK,https://www.mcas.com.au/assets/full/SA-108-BK.webp,MCAS Legacy SKU Asset Check
SA-109-R,https://www.mcas.com.au/assets/full/SA-109-R.webp,MCAS Legacy SKU Asset Check
SA-108PH-BK,https://www.mcas.com.au/assets/full/SA-108PH-BK.webp,MCAS Legacy SKU Asset Check
SA-107PH-BK,https://www.mcas.com.au/assets/full/SA-107PH-BK.webp,MCAS Legacy SKU Asset Check
SA-108P-R,https://www.mcas.com.au/assets/full/SA-108P-R.webp,MCAS Legacy SKU Asset Check
SA-10904-B,https://www.mcas.com.au/assets/full/SA-10904-B.webp,MCAS Legacy SKU Asset Check
SA-10904-R,https://www.mcas.com.au/assets/full/SA-10904-R.webp,MCAS Legacy SKU Asset Check
SA-10905-B,https://www.mcas.com.au/assets/full/SA-10905-B.webp,MCAS Legacy SKU Asset Check
SA-10905-R,https://www.mcas.com.au/assets/full/SA-10905-R.webp,MCAS Legacy SKU Asset Check
SA-11006-B,https://www.mcas.com.au/assets/full/SA-11006-B.webp,MCAS Legacy SKU Asset Check
SA-11005-BK,https://www.mcas.com.au/assets/full/SA-11005-BK.webp,MCAS Legacy SKU Asset Check
SA-110-R,https://www.mcas.com.au/assets/full/SA-110-R.webp,MCAS Legacy SKU Asset Check
SA-11005-B,https://www.mcas.com.au/assets/full/SA-11005-B.webp,MCAS Legacy SKU Asset Check
SA-109PH-R,https://www.mcas.com.au/assets/full/SA-109PH-R.webp,MCAS Legacy SKU Asset Check
SA-11006-R,https://www.mcas.com.au/assets/full/SA-11006-R.webp,MCAS Legacy SKU Asset Check
SA-109PH-BK,https://www.mcas.com.au/assets/full/SA-109PH-BK.webp,MCAS Legacy SKU Asset Check
SA-110PH-B,https://www.mcas.com.au/assets/full/SA-110PH-B.webp,MCAS Legacy SKU Asset Check
SA-111-BU,https://www.mcas.com.au/assets/full/SA-111-BU.webp,MCAS Legacy SKU Asset Check
SA-110PH-BK,https://www.mcas.com.au/assets/full/SA-110PH-BK.webp,MCAS Legacy SKU Asset Check
SA-110PH-R,https://www.mcas.com.au/assets/full/SA-110PH-R.webp,MCAS Legacy SKU Asset Check
SA-11005-R,https://www.mcas.com.au/assets/full/SA-11005-R.webp,MCAS Legacy SKU Asset Check
SA-11006-BK,https://www.mcas.com.au/assets/full/SA-11006-BK.webp,MCAS Legacy SKU Asset Check
SA-111-O,https://www.mcas.com.au/assets/full/SA-111-O.webp,MCAS Legacy SKU Asset Check
SA-11101-BK,https://www.mcas.com.au/assets/full/SA-11101-BK.webp,MCAS Legacy SKU Asset Check
SA-111-BK,https://www.mcas.com.au/assets/full/SA-111-BK.webp,MCAS Legacy SKU Asset Check
SA-11101-BU,https://www.mcas.com.au/assets/full/SA-11101-BU.webp,MCAS Legacy SKU Asset Check
SA-11101-O,https://www.mcas.com.au/assets/full/SA-11101-O.webp,MCAS Legacy SKU Asset Check
SA-11200-O,https://www.mcas.com.au/assets/full/SA-11200-O.webp,MCAS Legacy SKU Asset Check
SA-11200-BK,https://www.mcas.com.au/assets/full/SA-11200-BK.webp,MCAS Legacy SKU Asset Check
SA-114-BK,https://www.mcas.com.au/assets/full/SA-114-BK.webp,MCAS Legacy SKU Asset Check
SA-114-O,https://www.mcas.com.au/assets/full/SA-114-O.webp,MCAS Legacy SKU Asset Check
SA-11201-O,https://www.mcas.com.au/assets/full/SA-11201-O.webp,MCAS Legacy SKU Asset Check
SA-11201-BK,https://www.mcas.com.au/assets/full/SA-11201-BK.webp,MCAS Legacy SKU Asset Check
SA-11407-BK,https://www.mcas.com.au/assets/full/SA-11407-BK.webp,MCAS Legacy SKU Asset Check
SA-11407-O,https://www.mcas.com.au/assets/full/SA-11407-O.webp,MCAS Legacy SKU Asset Check
SA-304-R,https://www.mcas.com.au/assets/full/SA-304-R.webp,MCAS Legacy SKU Asset Check
SA-302-BK,https://www.mcas.com.au/assets/full/SA-302-BK.webp,MCAS Legacy SKU Asset Check
SA-300-O,https://www.mcas.com.au/assets/full/SA-300-O.webp,MCAS Legacy SKU Asset Check
SA-303-R,https://www.mcas.com.au/assets/full/SA-303-R.webp,MCAS Legacy SKU Asset Check
SA-304-B,https://www.mcas.com.au/assets/full/SA-304-B.webp,MCAS Legacy SKU Asset Check
SA-303-BK,https://www.mcas.com.au/assets/full/SA-303-BK.webp,MCAS Legacy SKU Asset Check
SA-301-O,https://www.mcas.com.au/assets/full/SA-301-O.webp,MCAS Legacy SKU Asset Check
SA-302-R,https://www.mcas.com.au/assets/full/SA-302-R.webp,MCAS Legacy SKU Asset Check
SA-301-BK,https://www.mcas.com.au/assets/full/SA-301-BK.webp,MCAS Legacy SKU Asset Check
SB10,https://www.mcas.com.au/assets/full/SB10.jpg,MCAS Legacy SKU Asset Check
SB8,https://www.mcas.com.au/assets/full/SB8.jpg,MCAS Legacy SKU Asset Check
SA-305-R,https://www.mcas.com.au/assets/full/SA-305-R.webp,MCAS Legacy SKU Asset Check
SA-306-B,https://www.mcas.com.au/assets/full/SA-306-B.webp,MCAS Legacy SKU Asset Check
SC1,https://www.mcas.com.au/assets/full/SC1.jpg,MCAS Legacy SKU Asset Check
SC2,https://www.mcas.com.au/assets/full/SC2.jpg,MCAS Legacy SKU Asset Check
SA-306-BK,https://www.mcas.com.au/assets/full/SA-306-BK.webp,MCAS Legacy SKU Asset Check
SA-306-R,https://www.mcas.com.au/assets/full/SA-306-R.webp,MCAS Legacy SKU Asset Check
SB125EX,https://www.mcas.com.au/assets/full/SB125EX.webp,MCAS Legacy SKU Asset Check
SA-307-BK,https://www.mcas.com.au/assets/full/SA-307-BK.webp,MCAS Legacy SKU Asset Check
SC3645,https://www.mcas.com.au/assets/full/SC3645.jpg,MCAS Legacy SKU Asset Check
SA-307-O,https://www.mcas.com.au/assets/full/SA-307-O.webp,MCAS Legacy SKU Asset Check
SB119EX,https://www.mcas.com.au/assets/full/SB119EX.webp,MCAS Legacy SKU Asset Check
SB230EX,https://www.mcas.com.au/assets/full/SB230EX.webp,MCAS Legacy SKU Asset Check
SC5335,https://www.mcas.com.au/assets/full/SC5335.jpg,MCAS Legacy SKU Asset Check
SC5336,https://www.mcas.com.au/assets/full/SC5336.jpg,MCAS Legacy SKU Asset Check
SB337EX,https://www.mcas.com.au/assets/full/SB337EX.webp,MCAS Legacy SKU Asset Check
SB401EX,https://www.mcas.com.au/assets/full/SB401EX.webp,MCAS Legacy SKU Asset Check
SB602EX,https://www.mcas.com.au/assets/full/SB602EX.webp,MCAS Legacy SKU Asset Check
SB357EX,https://www.mcas.com.au/assets/full/SB357EX.webp,MCAS Legacy SKU Asset Check
SB302EX,https://www.mcas.com.au/assets/full/SB302EX.webp,MCAS Legacy SKU Asset Check
SC5957,https://www.mcas.com.au/assets/full/SC5957.jpg,MCAS Legacy SKU Asset Check
SB83EX,https://www.mcas.com.au/assets/full/SB83EX.webp,MCAS Legacy SKU Asset Check
SB208EX,https://www.mcas.com.au/assets/full/SB208EX.webp,MCAS Legacy SKU Asset Check
SC6009,https://www.mcas.com.au/assets/full/SC6009.jpg,MCAS Legacy SKU Asset Check
SC6254,https://www.mcas.com.au/assets/full/SC6254.jpg,MCAS Legacy SKU Asset Check
SC6807,https://www.mcas.com.au/assets/full/SC6807.jpg,MCAS Legacy SKU Asset Check
SC7357,https://www.mcas.com.au/assets/full/SC7357.jpg,MCAS Legacy SKU Asset Check
SC6396,https://www.mcas.com.au/assets/full/SC6396.jpg,MCAS Legacy SKU Asset Check
SCAC103,https://www.mcas.com.au/assets/full/SCAC103.jpg,MCAS Legacy SKU Asset Check
SCAC106,https://www.mcas.com.au/assets/full/SCAC106.jpg,MCAS Legacy SKU Asset Check
SCAC106B,https://www.mcas.com.au/assets/full/SCAC106B.jpg,MCAS Legacy SKU Asset Check
SC3205,https://www.mcas.com.au/assets/full/SC3205.webp,MCAS Legacy SKU Asset Check
SR103,https://www.mcas.com.au/assets/full/SR103.jpg,MCAS Legacy SKU Asset Check
SR104,https://www.mcas.com.au/assets/full/SR104.jpg,MCAS Legacy SKU Asset Check
SR108M,https://www.mcas.com.au/assets/full/SR108M.jpg,MCAS Legacy SKU Asset Check
SR1103,https://www.mcas.com.au/assets/full/SR1103.jpg,MCAS Legacy SKU Asset Check
SR109M,https://www.mcas.com.au/assets/full/SR109M.jpg,MCAS Legacy SKU Asset Check
SR105,https://www.mcas.com.au/assets/full/SR105.jpg,MCAS Legacy SKU Asset Check
SR1110,https://www.mcas.com.au/assets/full/SR1110.jpg,MCAS Legacy SKU Asset Check
SR1123MM,https://www.mcas.com.au/assets/full/SR1123MM.jpg,MCAS Legacy SKU Asset Check
SR1119,https://www.mcas.com.au/assets/full/SR1119.jpg,MCAS Legacy SKU Asset Check
SR1123,https://www.mcas.com.au/assets/full/SR1123.jpg,MCAS Legacy SKU Asset Check
SR1155,https://www.mcas.com.au/assets/full/SR1155.jpg,MCAS Legacy SKU Asset Check
SR115,https://www.mcas.com.au/assets/full/SR115.jpg,MCAS Legacy SKU Asset Check
SR1159,https://www.mcas.com.au/assets/full/SR1159.jpg,MCAS Legacy SKU Asset Check
SR1144,https://www.mcas.com.au/assets/full/SR1144.jpg,MCAS Legacy SKU Asset Check
SR1150,https://www.mcas.com.au/assets/full/SR1150.jpg,MCAS Legacy SKU Asset Check
SR116,https://www.mcas.com.au/assets/full/SR116.jpg,MCAS Legacy SKU Asset Check
SR1161,https://www.mcas.com.au/assets/full/SR1161.jpg,MCAS Legacy SKU Asset Check
SR1168,https://www.mcas.com.au/assets/full/SR1168.jpg,MCAS Legacy SKU Asset Check
SR1160,https://www.mcas.com.au/assets/full/SR1160.jpg,MCAS Legacy SKU Asset Check
SR1163,https://www.mcas.com.au/assets/full/SR1163.jpg,MCAS Legacy SKU Asset Check
SR1162,https://www.mcas.com.au/assets/full/SR1162.jpg,MCAS Legacy SKU Asset Check
SR1169,https://www.mcas.com.au/assets/full/SR1169.jpg,MCAS Legacy SKU Asset Check
SR1178,https://www.mcas.com.au/assets/full/SR1178.jpg,MCAS Legacy SKU Asset Check
SR1184,https://www.mcas.com.au/assets/full/SR1184.jpg,MCAS Legacy SKU Asset Check
SR1187B,https://www.mcas.com.au/assets/full/SR1187B.jpg,MCAS Legacy SKU Asset Check
SR1181,https://www.mcas.com.au/assets/full/SR1181.jpg,MCAS Legacy SKU Asset Check
SR1190,https://www.mcas.com.au/assets/full/SR1190.jpg,MCAS Legacy SKU Asset Check
SR1194,https://www.mcas.com.au/assets/full/SR1194.jpg,MCAS Legacy SKU Asset Check
SR1191,https://www.mcas.com.au/assets/full/SR1191.jpg,MCAS Legacy SKU Asset Check
SR1200,https://www.mcas.com.au/assets/full/SR1200.jpg,MCAS Legacy SKU Asset Check
SR1201,https://www.mcas.com.au/assets/full/SR1201.jpg,MCAS Legacy SKU Asset Check
SR121,https://www.mcas.com.au/assets/full/SR121.jpg,MCAS Legacy SKU Asset Check
SR1196,https://www.mcas.com.au/assets/full/SR1196.jpg,MCAS Legacy SKU Asset Check
SR125,https://www.mcas.com.au/assets/full/SR125.jpg,MCAS Legacy SKU Asset Check
SR1195,https://www.mcas.com.au/assets/full/SR1195.jpg,MCAS Legacy SKU Asset Check
SR133,https://www.mcas.com.au/assets/full/SR133.jpg,MCAS Legacy SKU Asset Check
SR131,https://www.mcas.com.au/assets/full/SR131.jpg,MCAS Legacy SKU Asset Check
SR2013M,https://www.mcas.com.au/assets/full/SR2013M.jpg,MCAS Legacy SKU Asset Check
SR2013,https://www.mcas.com.au/assets/full/SR2013.jpg,MCAS Legacy SKU Asset Check
SR2117M,https://www.mcas.com.au/assets/full/SR2117M.jpg,MCAS Legacy SKU Asset Check
SR2122,https://www.mcas.com.au/assets/full/SR2122.jpg,MCAS Legacy SKU Asset Check
SR2100,https://www.mcas.com.au/assets/full/SR2100.jpg,MCAS Legacy SKU Asset Check
SR2114,https://www.mcas.com.au/assets/full/SR2114.jpg,MCAS Legacy SKU Asset Check
SR2120,https://www.mcas.com.au/assets/full/SR2120.jpg,MCAS Legacy SKU Asset Check
SR2123,https://www.mcas.com.au/assets/full/SR2123.jpg,MCAS Legacy SKU Asset Check
SR2133,https://www.mcas.com.au/assets/full/SR2133.jpg,MCAS Legacy SKU Asset Check
SR1166,https://www.mcas.com.au/assets/full/SR1166.webp,MCAS Legacy SKU Asset Check
SR2126,https://www.mcas.com.au/assets/full/SR2126.jpg,MCAS Legacy SKU Asset Check
SR2134,https://www.mcas.com.au/assets/full/SR2134.jpg,MCAS Legacy SKU Asset Check
SR2139,https://www.mcas.com.au/assets/full/SR2139.jpg,MCAS Legacy SKU Asset Check
SR2138,https://www.mcas.com.au/assets/full/SR2138.jpg,MCAS Legacy SKU Asset Check
SR2145,https://www.mcas.com.au/assets/full/SR2145.jpg,MCAS Legacy SKU Asset Check
SR2143,https://www.mcas.com.au/assets/full/SR2143.jpg,MCAS Legacy SKU Asset Check
SR2144,https://www.mcas.com.au/assets/full/SR2144.jpg,MCAS Legacy SKU Asset Check
SR2149,https://www.mcas.com.au/assets/full/SR2149.jpg,MCAS Legacy SKU Asset Check
SR2147,https://www.mcas.com.au/assets/full/SR2147.jpg,MCAS Legacy SKU Asset Check
SR1171,https://www.mcas.com.au/assets/full/SR1171.webp,MCAS Legacy SKU Asset Check
SR1210,https://www.mcas.com.au/assets/full/SR1210.webp,MCAS Legacy SKU Asset Check
SR2150,https://www.mcas.com.au/assets/full/SR2150.jpg,MCAS Legacy SKU Asset Check
SR1212,https://www.mcas.com.au/assets/full/SR1212.webp,MCAS Legacy SKU Asset Check
SR2161,https://www.mcas.com.au/assets/full/SR2161.jpg,MCAS Legacy SKU Asset Check
SR2163,https://www.mcas.com.au/assets/full/SR2163.jpg,MCAS Legacy SKU Asset Check
SR2153,https://www.mcas.com.au/assets/full/SR2153.jpg,MCAS Legacy SKU Asset Check
SR1215,https://www.mcas.com.au/assets/full/SR1215.webp,MCAS Legacy SKU Asset Check
SR140,https://www.mcas.com.au/assets/full/SR140.webp,MCAS Legacy SKU Asset Check
SR3104,https://www.mcas.com.au/assets/full/SR3104.jpg,MCAS Legacy SKU Asset Check
SR3101M,https://www.mcas.com.au/assets/full/SR3101M.jpg,MCAS Legacy SKU Asset Check
SR225,https://www.mcas.com.au/assets/full/SR225.jpg,MCAS Legacy SKU Asset Check
SR227,https://www.mcas.com.au/assets/full/SR227.jpg,MCAS Legacy SKU Asset Check
SR231M,https://www.mcas.com.au/assets/full/SR231M.jpg,MCAS Legacy SKU Asset Check
SR3104KIT,https://www.mcas.com.au/assets/full/SR3104KIT.jpg,MCAS Legacy SKU Asset Check
SR3101,https://www.mcas.com.au/assets/full/SR3101.jpg,MCAS Legacy SKU Asset Check
SR3104MM,https://www.mcas.com.au/assets/full/SR3104MM.jpg,MCAS Legacy SKU Asset Check
SR3105,https://www.mcas.com.au/assets/full/SR3105.jpg,MCAS Legacy SKU Asset Check
SR3106,https://www.mcas.com.au/assets/full/SR3106.jpg,MCAS Legacy SKU Asset Check
SR3112,https://www.mcas.com.au/assets/full/SR3112.jpg,MCAS Legacy SKU Asset Check
SR3105M,https://www.mcas.com.au/assets/full/SR3105M.jpg,MCAS Legacy SKU Asset Check
SR3115,https://www.mcas.com.au/assets/full/SR3115.jpg,MCAS Legacy SKU Asset Check
SR3117,https://www.mcas.com.au/assets/full/SR3117.jpg,MCAS Legacy SKU Asset Check
SR346,https://www.mcas.com.au/assets/full/SR346.jpg,MCAS Legacy SKU Asset Check
SR312,https://www.mcas.com.au/assets/full/SR312.jpg,MCAS Legacy SKU Asset Check
SR353M,https://www.mcas.com.au/assets/full/SR353M.jpg,MCAS Legacy SKU Asset Check
SR3126,https://www.mcas.com.au/assets/full/SR3126.jpg,MCAS Legacy SKU Asset Check
SR3124,https://www.mcas.com.au/assets/full/SR3124.jpg,MCAS Legacy SKU Asset Check
SR357,https://www.mcas.com.au/assets/full/SR357.jpg,MCAS Legacy SKU Asset Check
SR369M,https://www.mcas.com.au/assets/full/SR369M.jpg,MCAS Legacy SKU Asset Check
SR3125,https://www.mcas.com.au/assets/full/SR3125.jpg,MCAS Legacy SKU Asset Check
SR4105,https://www.mcas.com.au/assets/full/SR4105.jpg,MCAS Legacy SKU Asset Check
SR4114,https://www.mcas.com.au/assets/full/SR4114.jpg,MCAS Legacy SKU Asset Check
SR3116,https://www.mcas.com.au/assets/full/SR3116.jpg,MCAS Legacy SKU Asset Check
SR2167,https://www.mcas.com.au/assets/full/SR2167.webp,MCAS Legacy SKU Asset Check
SR4133,https://www.mcas.com.au/assets/full/SR4133.jpg,MCAS Legacy SKU Asset Check
SR4124,https://www.mcas.com.au/assets/full/SR4124.jpg,MCAS Legacy SKU Asset Check
SR2169,https://www.mcas.com.au/assets/full/SR2169.webp,MCAS Legacy SKU Asset Check
SR373,https://www.mcas.com.au/assets/full/SR373.jpg,MCAS Legacy SKU Asset Check
SR43,https://www.mcas.com.au/assets/full/SR43.jpg,MCAS Legacy SKU Asset Check
SR45,https://www.mcas.com.au/assets/full/SR45.jpg,MCAS Legacy SKU Asset Check
SR5100,https://www.mcas.com.au/assets/full/SR5100.jpg,MCAS Legacy SKU Asset Check
SR46,https://www.mcas.com.au/assets/full/SR46.jpg,MCAS Legacy SKU Asset Check
SR5105,https://www.mcas.com.au/assets/full/SR5105.jpg,MCAS Legacy SKU Asset Check
SR2173,https://www.mcas.com.au/assets/full/SR2173.webp,MCAS Legacy SKU Asset Check
SR2177,https://www.mcas.com.au/assets/full/SR2177.webp,MCAS Legacy SKU Asset Check
SR5107,https://www.mcas.com.au/assets/full/SR5107.jpg,MCAS Legacy SKU Asset Check
SR5108,https://www.mcas.com.au/assets/full/SR5108.jpg,MCAS Legacy SKU Asset Check
SR5121,https://www.mcas.com.au/assets/full/SR5121.jpg,MCAS Legacy SKU Asset Check
SR5126,https://www.mcas.com.au/assets/full/SR5126.jpg,MCAS Legacy SKU Asset Check
SR5109,https://www.mcas.com.au/assets/full/SR5109.jpg,MCAS Legacy SKU Asset Check
SR5125,https://www.mcas.com.au/assets/full/SR5125.jpg,MCAS Legacy SKU Asset Check
SR5130,https://www.mcas.com.au/assets/full/SR5130.jpg,MCAS Legacy SKU Asset Check
SR5129,https://www.mcas.com.au/assets/full/SR5129.jpg,MCAS Legacy SKU Asset Check
SR54,https://www.mcas.com.au/assets/full/SR54.jpg,MCAS Legacy SKU Asset Check
SR53,https://www.mcas.com.au/assets/full/SR53.jpg,MCAS Legacy SKU Asset Check
SR5136,https://www.mcas.com.au/assets/full/SR5136.jpg,MCAS Legacy SKU Asset Check
SR54M,https://www.mcas.com.au/assets/full/SR54M.jpg,MCAS Legacy SKU Asset Check
SR5600M,https://www.mcas.com.au/assets/full/SR5600M.jpg,MCAS Legacy SKU Asset Check
SR5608,https://www.mcas.com.au/assets/full/SR5608.jpg,MCAS Legacy SKU Asset Check
SR5611,https://www.mcas.com.au/assets/full/SR5611.jpg,MCAS Legacy SKU Asset Check
SR5605,https://www.mcas.com.au/assets/full/SR5605.jpg,MCAS Legacy SKU Asset Check
SR5143,https://www.mcas.com.au/assets/full/SR5143.jpg,MCAS Legacy SKU Asset Check
SR5612,https://www.mcas.com.au/assets/full/SR5612.jpg,MCAS Legacy SKU Asset Check
SR5618,https://www.mcas.com.au/assets/full/SR5618.jpg,MCAS Legacy SKU Asset Check
SR57,https://www.mcas.com.au/assets/full/SR57.jpg,MCAS Legacy SKU Asset Check
SR5616,https://www.mcas.com.au/assets/full/SR5616.jpg,MCAS Legacy SKU Asset Check
SR6108,https://www.mcas.com.au/assets/full/SR6108.jpg,MCAS Legacy SKU Asset Check
SR6107,https://www.mcas.com.au/assets/full/SR6107.jpg,MCAS Legacy SKU Asset Check
SR6106,https://www.mcas.com.au/assets/full/SR6106.jpg,MCAS Legacy SKU Asset Check
SR6114,https://www.mcas.com.au/assets/full/SR6114.jpg,MCAS Legacy SKU Asset Check
SR371,https://www.mcas.com.au/assets/full/SR371.webp,MCAS Legacy SKU Asset Check
SR4136,https://www.mcas.com.au/assets/full/SR4136.webp,MCAS Legacy SKU Asset Check
SR4137,https://www.mcas.com.au/assets/full/SR4137.webp,MCAS Legacy SKU Asset Check
SR6110,https://www.mcas.com.au/assets/full/SR6110.jpg,MCAS Legacy SKU Asset Check
SR6117,https://www.mcas.com.au/assets/full/SR6117.jpg,MCAS Legacy SKU Asset Check
SR62,https://www.mcas.com.au/assets/full/SR62.jpg,MCAS Legacy SKU Asset Check
SR6112,https://www.mcas.com.au/assets/full/SR6112.jpg,MCAS Legacy SKU Asset Check
SR5142,https://www.mcas.com.au/assets/full/SR5142.webp,MCAS Legacy SKU Asset Check
SR6410,https://www.mcas.com.au/assets/full/SR6410.jpg,MCAS Legacy SKU Asset Check
SR6415,https://www.mcas.com.au/assets/full/SR6415.jpg,MCAS Legacy SKU Asset Check
SR6419,https://www.mcas.com.au/assets/full/SR6419.jpg,MCAS Legacy SKU Asset Check
SR6417,https://www.mcas.com.au/assets/full/SR6417.jpg,MCAS Legacy SKU Asset Check
SR6701,https://www.mcas.com.au/assets/full/SR6701.jpg,MCAS Legacy SKU Asset Check
SR6711,https://www.mcas.com.au/assets/full/SR6711.jpg,MCAS Legacy SKU Asset Check
SR6710,https://www.mcas.com.au/assets/full/SR6710.jpg,MCAS Legacy SKU Asset Check
SR683,https://www.mcas.com.au/assets/full/SR683.jpg,MCAS Legacy SKU Asset Check
SR64,https://www.mcas.com.au/assets/full/SR64.jpg,MCAS Legacy SKU Asset Check
SR5151,https://www.mcas.com.au/assets/full/SR5151.webp,MCAS Legacy SKU Asset Check
SR6401,https://www.mcas.com.au/assets/full/SR6401.jpg,MCAS Legacy SKU Asset Check
SR6407,https://www.mcas.com.au/assets/full/SR6407.jpg,MCAS Legacy SKU Asset Check
SR6404,https://www.mcas.com.au/assets/full/SR6404.jpg,MCAS Legacy SKU Asset Check
SR6403,https://www.mcas.com.au/assets/full/SR6403.jpg,MCAS Legacy SKU Asset Check
SR689,https://www.mcas.com.au/assets/full/SR689.jpg,MCAS Legacy SKU Asset Check
SR686M,https://www.mcas.com.au/assets/full/SR686M.jpg,MCAS Legacy SKU Asset Check
SR5150,https://www.mcas.com.au/assets/full/SR5150.webp,MCAS Legacy SKU Asset Check
SR7057,https://www.mcas.com.au/assets/full/SR7057.jpg,MCAS Legacy SKU Asset Check
SR7054,https://www.mcas.com.au/assets/full/SR7054.jpg,MCAS Legacy SKU Asset Check
SR685,https://www.mcas.com.au/assets/full/SR685.jpg,MCAS Legacy SKU Asset Check
SR694,https://www.mcas.com.au/assets/full/SR694.jpg,MCAS Legacy SKU Asset Check
SR6416,https://www.mcas.com.au/assets/full/SR6416.webp,MCAS Legacy SKU Asset Check
SR7065,https://www.mcas.com.au/assets/full/SR7065.jpg,MCAS Legacy SKU Asset Check
SR7701,https://www.mcas.com.au/assets/full/SR7701.jpg,MCAS Legacy SKU Asset Check
SR7700,https://www.mcas.com.au/assets/full/SR7700.jpg,MCAS Legacy SKU Asset Check
SR7708,https://www.mcas.com.au/assets/full/SR7708.jpg,MCAS Legacy SKU Asset Check
SR7705,https://www.mcas.com.au/assets/full/SR7705.jpg,MCAS Legacy SKU Asset Check
SR7715,https://www.mcas.com.au/assets/full/SR7715.jpg,MCAS Legacy SKU Asset Check
SR7711,https://www.mcas.com.au/assets/full/SR7711.jpg,MCAS Legacy SKU Asset Check
SR8206,https://www.mcas.com.au/assets/full/SR8206.jpg,MCAS Legacy SKU Asset Check
SR777,https://www.mcas.com.au/assets/full/SR777.jpg,MCAS Legacy SKU Asset Check
SR74,https://www.mcas.com.au/assets/full/SR74.jpg,MCAS Legacy SKU Asset Check
SR7710,https://www.mcas.com.au/assets/full/SR7710.jpg,MCAS Legacy SKU Asset Check
SR8704,https://www.mcas.com.au/assets/full/SR8704.jpg,MCAS Legacy SKU Asset Check
SR8207,https://www.mcas.com.au/assets/full/SR8207.jpg,MCAS Legacy SKU Asset Check
SR8831,https://www.mcas.com.au/assets/full/SR8831.jpg,MCAS Legacy SKU Asset Check
SR9050,https://www.mcas.com.au/assets/full/SR9050.jpg,MCAS Legacy SKU Asset Check
SR89M,https://www.mcas.com.au/assets/full/SR89M.jpg,MCAS Legacy SKU Asset Check
SR8830,https://www.mcas.com.au/assets/full/SR8830.jpg,MCAS Legacy SKU Asset Check
SR8711,https://www.mcas.com.au/assets/full/SR8711.jpg,MCAS Legacy SKU Asset Check
SR8714,https://www.mcas.com.au/assets/full/SR8714.jpg,MCAS Legacy SKU Asset Check
SR8717,https://www.mcas.com.au/assets/full/SR8717.jpg,MCAS Legacy SKU Asset Check
SR9053,https://www.mcas.com.au/assets/full/SR9053.jpg,MCAS Legacy SKU Asset Check
SR9052,https://www.mcas.com.au/assets/full/SR9052.jpg,MCAS Legacy SKU Asset Check
SR8201,https://www.mcas.com.au/assets/full/SR8201.jpg,MCAS Legacy SKU Asset Check
SR9051,https://www.mcas.com.au/assets/full/SR9051.jpg,MCAS Legacy SKU Asset Check
SR9055,https://www.mcas.com.au/assets/full/SR9055.jpg,MCAS Legacy SKU Asset Check
SR9054,https://www.mcas.com.au/assets/full/SR9054.jpg,MCAS Legacy SKU Asset Check
SR9056,https://www.mcas.com.au/assets/full/SR9056.jpg,MCAS Legacy SKU Asset Check
SR9058,https://www.mcas.com.au/assets/full/SR9058.jpg,MCAS Legacy SKU Asset Check
SR9059,https://www.mcas.com.au/assets/full/SR9059.jpg,MCAS Legacy SKU Asset Check
SR9150,https://www.mcas.com.au/assets/full/SR9150.jpg,MCAS Legacy SKU Asset Check
SR9225,https://www.mcas.com.au/assets/full/SR9225.jpg,MCAS Legacy SKU Asset Check
SR9221,https://www.mcas.com.au/assets/full/SR9221.jpg,MCAS Legacy SKU Asset Check
SR91M,https://www.mcas.com.au/assets/full/SR91M.jpg,MCAS Legacy SKU Asset Check
SR9224,https://www.mcas.com.au/assets/full/SR9224.jpg,MCAS Legacy SKU Asset Check
SR92M,https://www.mcas.com.au/assets/full/SR92M.jpg,MCAS Legacy SKU Asset Check
SR92,https://www.mcas.com.au/assets/full/SR92.jpg,MCAS Legacy SKU Asset Check
SRA1172,https://www.mcas.com.au/assets/full/SRA1172.jpg,MCAS Legacy SKU Asset Check
SRA2101,https://www.mcas.com.au/assets/full/SRA2101.jpg,MCAS Legacy SKU Asset Check
SRA1196,https://www.mcas.com.au/assets/full/SRA1196.jpg,MCAS Legacy SKU Asset Check
SR8203,https://www.mcas.com.au/assets/full/SR8203.webp,MCAS Legacy SKU Asset Check
SRA2109,https://www.mcas.com.au/assets/full/SRA2109.jpg,MCAS Legacy SKU Asset Check
SRA2159,https://www.mcas.com.au/assets/full/SRA2159.jpg,MCAS Legacy SKU Asset Check
SRA3101,https://www.mcas.com.au/assets/full/SRA3101.jpg,MCAS Legacy SKU Asset Check
SRA3112,https://www.mcas.com.au/assets/full/SRA3112.jpg,MCAS Legacy SKU Asset Check
SRA227,https://www.mcas.com.au/assets/full/SRA227.jpg,MCAS Legacy SKU Asset Check
SRA4105,https://www.mcas.com.au/assets/full/SRA4105.jpg,MCAS Legacy SKU Asset Check
SRA5102,https://www.mcas.com.au/assets/full/SRA5102.jpg,MCAS Legacy SKU Asset Check
SRA3117,https://www.mcas.com.au/assets/full/SRA3117.jpg,MCAS Legacy SKU Asset Check
SRA3128,https://www.mcas.com.au/assets/full/SRA3128.jpg,MCAS Legacy SKU Asset Check
SRA3105,https://www.mcas.com.au/assets/full/SRA3105.jpg,MCAS Legacy SKU Asset Check
SR9061,https://www.mcas.com.au/assets/full/SR9061.webp,MCAS Legacy SKU Asset Check
SR5602,https://www.mcas.com.au/assets/full/SR5602.webp,MCAS Legacy SKU Asset Check
SR9063,https://www.mcas.com.au/assets/full/SR9063.webp,MCAS Legacy SKU Asset Check
SR9057,https://www.mcas.com.au/assets/full/SR9057.webp,MCAS Legacy SKU Asset Check
SRA5106,https://www.mcas.com.au/assets/full/SRA5106.jpg,MCAS Legacy SKU Asset Check
SR9227,https://www.mcas.com.au/assets/full/SR9227.webp,MCAS Legacy SKU Asset Check
SRA5103,https://www.mcas.com.au/assets/full/SRA5103.jpg,MCAS Legacy SKU Asset Check
SRA5108B,https://www.mcas.com.au/assets/full/SRA5108B.jpg,MCAS Legacy SKU Asset Check
SR9064,https://www.mcas.com.au/assets/full/SR9064.webp,MCAS Legacy SKU Asset Check
SR99,https://www.mcas.com.au/assets/full/SR99.webp,MCAS Legacy SKU Asset Check
SRA5134,https://www.mcas.com.au/assets/full/SRA5134.jpg,MCAS Legacy SKU Asset Check
SR9530,https://www.mcas.com.au/assets/full/SR9530.webp,MCAS Legacy SKU Asset Check
SRA5127,https://www.mcas.com.au/assets/full/SRA5127.jpg,MCAS Legacy SKU Asset Check
SRA5119,https://www.mcas.com.au/assets/full/SRA5119.jpg,MCAS Legacy SKU Asset Check
SRA5112,https://www.mcas.com.au/assets/full/SRA5112.jpg,MCAS Legacy SKU Asset Check
SRA5108,https://www.mcas.com.au/assets/full/SRA5108.jpg,MCAS Legacy SKU Asset Check
SR9228,https://www.mcas.com.au/assets/full/SR9228.webp,MCAS Legacy SKU Asset Check
SRA5137,https://www.mcas.com.au/assets/full/SRA5137.jpg,MCAS Legacy SKU Asset Check
SRA2171,https://www.mcas.com.au/assets/full/SRA2171.webp,MCAS Legacy SKU Asset Check
SRA6401,https://www.mcas.com.au/assets/full/SRA6401.jpg,MCAS Legacy SKU Asset Check
SRA5143,https://www.mcas.com.au/assets/full/SRA5143.jpg,MCAS Legacy SKU Asset Check
SRA6403,https://www.mcas.com.au/assets/full/SRA6403.jpg,MCAS Legacy SKU Asset Check
SRA6404,https://www.mcas.com.au/assets/full/SRA6404.jpg,MCAS Legacy SKU Asset Check
SRA6422,https://www.mcas.com.au/assets/full/SRA6422.jpg,MCAS Legacy SKU Asset Check
SRA690,https://www.mcas.com.au/assets/full/SRA690.jpg,MCAS Legacy SKU Asset Check
SRA691,https://www.mcas.com.au/assets/full/SRA691.jpg,MCAS Legacy SKU Asset Check
SRA7713,https://www.mcas.com.au/assets/full/SRA7713.jpg,MCAS Legacy SKU Asset Check
SRA8400,https://www.mcas.com.au/assets/full/SRA8400.jpg,MCAS Legacy SKU Asset Check
SRA8203,https://www.mcas.com.au/assets/full/SRA8203.jpg,MCAS Legacy SKU Asset Check
SRA692,https://www.mcas.com.au/assets/full/SRA692.jpg,MCAS Legacy SKU Asset Check
SRA7403,https://www.mcas.com.au/assets/full/SRA7403.jpg,MCAS Legacy SKU Asset Check
SRA7703,https://www.mcas.com.au/assets/full/SRA7703.jpg,MCAS Legacy SKU Asset Check
SRA5113,https://www.mcas.com.au/assets/full/SRA5113.jpg,MCAS Legacy SKU Asset Check
SRAB100,https://www.mcas.com.au/assets/full/SRAB100.jpg,MCAS Legacy SKU Asset Check
SRAB201,https://www.mcas.com.au/assets/full/SRAB201.jpg,MCAS Legacy SKU Asset Check
SRAB502B,https://www.mcas.com.au/assets/full/SRAB502B.jpg,MCAS Legacy SKU Asset Check
SRAB102,https://www.mcas.com.au/assets/full/SRAB102.jpg,MCAS Legacy SKU Asset Check
SRAB502,https://www.mcas.com.au/assets/full/SRAB502.jpg,MCAS Legacy SKU Asset Check
SRAB501,https://www.mcas.com.au/assets/full/SRAB501.jpg,MCAS Legacy SKU Asset Check
SRAB301,https://www.mcas.com.au/assets/full/SRAB301.jpg,MCAS Legacy SKU Asset Check
SRAB301B,https://www.mcas.com.au/assets/full/SRAB301B.jpg,MCAS Legacy SKU Asset Check
SRA5138B,https://www.mcas.com.au/assets/full/SRA5138B.webp,MCAS Legacy SKU Asset Check
SRAB503,https://www.mcas.com.au/assets/full/SRAB503.jpg,MCAS Legacy SKU Asset Check
SRAB502RD,https://www.mcas.com.au/assets/full/SRAB502RD.jpg,MCAS Legacy SKU Asset Check
SRA5117,https://www.mcas.com.au/assets/full/SRA5117.webp,MCAS Legacy SKU Asset Check
SRA5149,https://www.mcas.com.au/assets/full/SRA5149.webp,MCAS Legacy SKU Asset Check
SRA5146,https://www.mcas.com.au/assets/full/SRA5146.webp,MCAS Legacy SKU Asset Check
SRAB601,https://www.mcas.com.au/assets/full/SRAB601.jpg,MCAS Legacy SKU Asset Check
SRAB503B,https://www.mcas.com.au/assets/full/SRAB503B.jpg,MCAS Legacy SKU Asset Check
SRCCG300B,https://www.mcas.com.au/assets/full/SRCCG300B.jpg,MCAS Legacy SKU Asset Check
SRAVPCR,https://www.mcas.com.au/assets/full/SRAVPCR.jpg,MCAS Legacy SKU Asset Check
SRCFWP,https://www.mcas.com.au/assets/full/SRCFWP.jpg,MCAS Legacy SKU Asset Check
SRCCG201,https://www.mcas.com.au/assets/full/SRCCG201.jpg,MCAS Legacy SKU Asset Check
SRCCG200,https://www.mcas.com.au/assets/full/SRCCG200.jpg,MCAS Legacy SKU Asset Check
SRCCG100,https://www.mcas.com.au/assets/full/SRCCG100.jpg,MCAS Legacy SKU Asset Check
SRCPCL1,https://www.mcas.com.au/assets/full/SRCPCL1.jpg,MCAS Legacy SKU Asset Check
SRCCG202,https://www.mcas.com.au/assets/full/SRCCG202.jpg,MCAS Legacy SKU Asset Check
SRCCG101,https://www.mcas.com.au/assets/full/SRCCG101.jpg,MCAS Legacy SKU Asset Check
SRCCG203,https://www.mcas.com.au/assets/full/SRCCG203.jpg,MCAS Legacy SKU Asset Check
SRCRCG100,https://www.mcas.com.au/assets/full/SRCRCG100.jpg,MCAS Legacy SKU Asset Check
SRCRCG200,https://www.mcas.com.au/assets/full/SRCRCG200.jpg,MCAS Legacy SKU Asset Check
SRCCG300,https://www.mcas.com.au/assets/full/SRCCG300.jpg,MCAS Legacy SKU Asset Check
SRCRCG400,https://www.mcas.com.au/assets/full/SRCRCG400.jpg,MCAS Legacy SKU Asset Check
SRCCG400,https://www.mcas.com.au/assets/full/SRCCG400.jpg,MCAS Legacy SKU Asset Check
SRCPCL2,https://www.mcas.com.au/assets/full/SRCPCL2.jpg,MCAS Legacy SKU Asset Check
SRFMS101,https://www.mcas.com.au/assets/full/SRFMS101.jpg,MCAS Legacy SKU Asset Check
SRCUHP,https://www.mcas.com.au/assets/full/SRCUHP.jpg,MCAS Legacy SKU Asset Check
SRFMS102,https://www.mcas.com.au/assets/full/SRFMS102.jpg,MCAS Legacy SKU Asset Check
SRCRCG300,https://www.mcas.com.au/assets/full/SRCRCG300.jpg,MCAS Legacy SKU Asset Check
SRFMS103,https://www.mcas.com.au/assets/full/SRFMS103.jpg,MCAS Legacy SKU Asset Check
SRGDDBLK,https://www.mcas.com.au/assets/full/SRGDDBLK.jpg,MCAS Legacy SKU Asset Check
SRFAP500,https://www.mcas.com.au/assets/full/SRFAP500.jpg,MCAS Legacy SKU Asset Check
SRFAP600,https://www.mcas.com.au/assets/full/SRFAP600.jpg,MCAS Legacy SKU Asset Check
SRDTZ5,https://www.mcas.com.au/assets/full/SRDTZ5.jpg,MCAS Legacy SKU Asset Check
SRFAP700,https://www.mcas.com.au/assets/full/SRFAP700.jpg,MCAS Legacy SKU Asset Check
SRGOSG,https://www.mcas.com.au/assets/full/SRGOSG.jpg,MCAS Legacy SKU Asset Check
SRFAP500RD,https://www.mcas.com.au/assets/full/SRFAP500RD.jpg,MCAS Legacy SKU Asset Check
SRGOSW,https://www.mcas.com.au/assets/full/SRGOSW.jpg,MCAS Legacy SKU Asset Check
SRGDDR,https://www.mcas.com.au/assets/full/SRGDDR.jpg,MCAS Legacy SKU Asset Check
SRGDDBL,https://www.mcas.com.au/assets/full/SRGDDBL.jpg,MCAS Legacy SKU Asset Check
SRGDDOR,https://www.mcas.com.au/assets/full/SRGDDOR.jpg,MCAS Legacy SKU Asset Check
SRGSL101,https://www.mcas.com.au/assets/full/SRGSL101.jpg,MCAS Legacy SKU Asset Check
SRGSL112,https://www.mcas.com.au/assets/full/SRGSL112.jpg,MCAS Legacy SKU Asset Check
SRBHM,https://www.mcas.com.au/assets/full/SRBHM.webp,MCAS Legacy SKU Asset Check
SRGSL114,https://www.mcas.com.au/assets/full/SRGSL114.jpg,MCAS Legacy SKU Asset Check
SRGSL121,https://www.mcas.com.au/assets/full/SRGSL121.jpg,MCAS Legacy SKU Asset Check
SRGSL211,https://www.mcas.com.au/assets/full/SRGSL211.jpg,MCAS Legacy SKU Asset Check
SRGSL115,https://www.mcas.com.au/assets/full/SRGSL115.jpg,MCAS Legacy SKU Asset Check
SRGSL212,https://www.mcas.com.au/assets/full/SRGSL212.jpg,MCAS Legacy SKU Asset Check
SRCFS,https://www.mcas.com.au/assets/full/SRCFS.webp,MCAS Legacy SKU Asset Check
SRGSL216,https://www.mcas.com.au/assets/full/SRGSL216.jpg,MCAS Legacy SKU Asset Check
SRFAP500BL,https://www.mcas.com.au/assets/full/SRFAP500BL.webp,MCAS Legacy SKU Asset Check
SRGSL303,https://www.mcas.com.au/assets/full/SRGSL303.jpg,MCAS Legacy SKU Asset Check
SRGSL308,https://www.mcas.com.au/assets/full/SRGSL308.jpg,MCAS Legacy SKU Asset Check
SRGSL207,https://www.mcas.com.au/assets/full/SRGSL207.jpg,MCAS Legacy SKU Asset Check
SRGSL407,https://www.mcas.com.au/assets/full/SRGSL407.jpg,MCAS Legacy SKU Asset Check
SRDFAP,https://www.mcas.com.au/assets/full/SRDFAP.webp,MCAS Legacy SKU Asset Check
SRGSL408,https://www.mcas.com.au/assets/full/SRGSL408.jpg,MCAS Legacy SKU Asset Check
SRGSL403,https://www.mcas.com.au/assets/full/SRGSL403.jpg,MCAS Legacy SKU Asset Check
SRGSL410,https://www.mcas.com.au/assets/full/SRGSL410.jpg,MCAS Legacy SKU Asset Check
SRGSL307,https://www.mcas.com.au/assets/full/SRGSL307.jpg,MCAS Legacy SKU Asset Check
SRGSL413,https://www.mcas.com.au/assets/full/SRGSL413.jpg,MCAS Legacy SKU Asset Check
SRGSL501B,https://www.mcas.com.au/assets/full/SRGSL501B.jpg,MCAS Legacy SKU Asset Check
SRGSL501,https://www.mcas.com.au/assets/full/SRGSL501.jpg,MCAS Legacy SKU Asset Check
SRGSL504,https://www.mcas.com.au/assets/full/SRGSL504.jpg,MCAS Legacy SKU Asset Check
SRGSL413BK,https://www.mcas.com.au/assets/full/SRGSL413BK.jpg,MCAS Legacy SKU Asset Check
SRGSL504B,https://www.mcas.com.au/assets/full/SRGSL504B.jpg,MCAS Legacy SKU Asset Check
SRGSL502,https://www.mcas.com.au/assets/full/SRGSL502.jpg,MCAS Legacy SKU Asset Check
SRGSL411,https://www.mcas.com.au/assets/full/SRGSL411.jpg,MCAS Legacy SKU Asset Check
SRGSL508,https://www.mcas.com.au/assets/full/SRGSL508.jpg,MCAS Legacy SKU Asset Check
SRGSL102,https://www.mcas.com.au/assets/full/SRGSL102.webp,MCAS Legacy SKU Asset Check
SRGSL506,https://www.mcas.com.au/assets/full/SRGSL506.jpg,MCAS Legacy SKU Asset Check
SRGSL509BK,https://www.mcas.com.au/assets/full/SRGSL509BK.jpg,MCAS Legacy SKU Asset Check
SRGSL509B,https://www.mcas.com.au/assets/full/SRGSL509B.jpg,MCAS Legacy SKU Asset Check
SRGSL509,https://www.mcas.com.au/assets/full/SRGSL509.jpg,MCAS Legacy SKU Asset Check
SRGOSBLK,https://www.mcas.com.au/assets/full/SRGOSBLK.webp,MCAS Legacy SKU Asset Check
SRGSL601,https://www.mcas.com.au/assets/full/SRGSL601.jpg,MCAS Legacy SKU Asset Check
SRGSL516,https://www.mcas.com.au/assets/full/SRGSL516.jpg,MCAS Legacy SKU Asset Check
SRGSL403BK,https://www.mcas.com.au/assets/full/SRGSL403BK.webp,MCAS Legacy SKU Asset Check
SRGSL515BK,https://www.mcas.com.au/assets/full/SRGSL515BK.jpg,MCAS Legacy SKU Asset Check
SRGSL515,https://www.mcas.com.au/assets/full/SRGSL515.jpg,MCAS Legacy SKU Asset Check
SRGSL620,https://www.mcas.com.au/assets/full/SRGSL620.jpg,MCAS Legacy SKU Asset Check
SRGSL185,https://www.mcas.com.au/assets/full/SRGSL185.webp,MCAS Legacy SKU Asset Check
SRGSL608,https://www.mcas.com.au/assets/full/SRGSL608.jpg,MCAS Legacy SKU Asset Check
SRGSL515B,https://www.mcas.com.au/assets/full/SRGSL515B.jpg,MCAS Legacy SKU Asset Check
SRGSL617,https://www.mcas.com.au/assets/full/SRGSL617.jpg,MCAS Legacy SKU Asset Check
SRGSL613,https://www.mcas.com.au/assets/full/SRGSL613.jpg,MCAS Legacy SKU Asset Check
SRGSLT2,https://www.mcas.com.au/assets/full/SRGSLT2.jpg,MCAS Legacy SKU Asset Check
SRGSLT4,https://www.mcas.com.au/assets/full/SRGSLT4.jpg,MCAS Legacy SKU Asset Check
SRHMR,https://www.mcas.com.au/assets/full/SRHMR.jpg,MCAS Legacy SKU Asset Check
SRGSL501BK,https://www.mcas.com.au/assets/full/SRGSL501BK.webp,MCAS Legacy SKU Asset Check
SRGSL514,https://www.mcas.com.au/assets/full/SRGSL514.webp,MCAS Legacy SKU Asset Check
SRHMBL,https://www.mcas.com.au/assets/full/SRHMBL.jpg,MCAS Legacy SKU Asset Check
SRGSLT5,https://www.mcas.com.au/assets/full/SRGSLT5.jpg,MCAS Legacy SKU Asset Check
SRHM,https://www.mcas.com.au/assets/full/SRHM.jpg,MCAS Legacy SKU Asset Check
SRGSL514BL,https://www.mcas.com.au/assets/full/SRGSL514BL.webp,MCAS Legacy SKU Asset Check
SRHMOR,https://www.mcas.com.au/assets/full/SRHMOR.jpg,MCAS Legacy SKU Asset Check
SRMSXG,https://www.mcas.com.au/assets/full/SRMSXG.jpg,MCAS Legacy SKU Asset Check
SRMSXBK,https://www.mcas.com.au/assets/full/SRMSXBK.jpg,MCAS Legacy SKU Asset Check
SRMSXBL,https://www.mcas.com.au/assets/full/SRMSXBL.jpg,MCAS Legacy SKU Asset Check
SRMSXDKBL,https://www.mcas.com.au/assets/full/SRMSXDKBL.jpg,MCAS Legacy SKU Asset Check
SRMSXY,https://www.mcas.com.au/assets/full/SRMSXY.jpg,MCAS Legacy SKU Asset Check
SRP21,https://www.mcas.com.au/assets/full/SRP21.jpg,MCAS Legacy SKU Asset Check
SRMSXW,https://www.mcas.com.au/assets/full/SRMSXW.jpg,MCAS Legacy SKU Asset Check
SRMSXOR,https://www.mcas.com.au/assets/full/SRMSXOR.jpg,MCAS Legacy SKU Asset Check
SRGSL610,https://www.mcas.com.au/assets/full/SRGSL610.webp,MCAS Legacy SKU Asset Check
SRMSXR,https://www.mcas.com.au/assets/full/SRMSXR.jpg,MCAS Legacy SKU Asset Check
SRP63,https://www.mcas.com.au/assets/full/SRP63.jpg,MCAS Legacy SKU Asset Check
SRGSLT1,https://www.mcas.com.au/assets/full/SRGSLT1.webp,MCAS Legacy SKU Asset Check
SRP31,https://www.mcas.com.au/assets/full/SRP31.jpg,MCAS Legacy SKU Asset Check
SRGSLT3,https://www.mcas.com.au/assets/full/SRGSLT3.webp,MCAS Legacy SKU Asset Check
SRMINSXBK,https://www.mcas.com.au/assets/full/SRMINSXBK.webp,MCAS Legacy SKU Asset Check
SRP30,https://www.mcas.com.au/assets/full/SRP30.webp,MCAS Legacy SKU Asset Check
SRPBL101,https://www.mcas.com.au/assets/full/SRPBL101.jpg,MCAS Legacy SKU Asset Check
SRP67,https://www.mcas.com.au/assets/full/SRP67.webp,MCAS Legacy SKU Asset Check
SRPBL100,https://www.mcas.com.au/assets/full/SRPBL100.jpg,MCAS Legacy SKU Asset Check
SRP62,https://www.mcas.com.au/assets/full/SRP62.webp,MCAS Legacy SKU Asset Check
SRP65,https://www.mcas.com.au/assets/full/SRP65.webp,MCAS Legacy SKU Asset Check
SRP66,https://www.mcas.com.au/assets/full/SRP66.webp,MCAS Legacy SKU Asset Check
SRPBL201,https://www.mcas.com.au/assets/full/SRPBL201.jpg,MCAS Legacy SKU Asset Check
SRPBL200,https://www.mcas.com.au/assets/full/SRPBL200.jpg,MCAS Legacy SKU Asset Check
SRPCL100,https://www.mcas.com.au/assets/full/SRPCL100.jpg,MCAS Legacy SKU Asset Check
SRPBL500,https://www.mcas.com.au/assets/full/SRPBL500.jpg,MCAS Legacy SKU Asset Check
SRPBL503,https://www.mcas.com.au/assets/full/SRPBL503.jpg,MCAS Legacy SKU Asset Check
SRPBL300,https://www.mcas.com.au/assets/full/SRPBL300.jpg,MCAS Legacy SKU Asset Check
SRPCL300,https://www.mcas.com.au/assets/full/SRPCL300.jpg,MCAS Legacy SKU Asset Check
SRPBL504,https://www.mcas.com.au/assets/full/SRPBL504.jpg,MCAS Legacy SKU Asset Check
SRPCL200,https://www.mcas.com.au/assets/full/SRPCL200.jpg,MCAS Legacy SKU Asset Check
SRPCL101,https://www.mcas.com.au/assets/full/SRPCL101.jpg,MCAS Legacy SKU Asset Check
SRPBL505,https://www.mcas.com.au/assets/full/SRPBL505.jpg,MCAS Legacy SKU Asset Check
SRPBL502,https://www.mcas.com.au/assets/full/SRPBL502.jpg,MCAS Legacy SKU Asset Check
SRPCL505,https://www.mcas.com.au/assets/full/SRPCL505.jpg,MCAS Legacy SKU Asset Check
SRPCL301,https://www.mcas.com.au/assets/full/SRPCL301.jpg,MCAS Legacy SKU Asset Check
SRPCL502,https://www.mcas.com.au/assets/full/SRPCL502.jpg,MCAS Legacy SKU Asset Check
SRPCL201,https://www.mcas.com.au/assets/full/SRPCL201.jpg,MCAS Legacy SKU Asset Check
SRPCL501,https://www.mcas.com.au/assets/full/SRPCL501.jpg,MCAS Legacy SKU Asset Check
SRPCL503,https://www.mcas.com.au/assets/full/SRPCL503.jpg,MCAS Legacy SKU Asset Check
SRRAP500,https://www.mcas.com.au/assets/full/SRRAP500.jpg,MCAS Legacy SKU Asset Check
SRS1211,https://www.mcas.com.au/assets/full/SRS1211.jpg,MCAS Legacy SKU Asset Check
SRRAP700,https://www.mcas.com.au/assets/full/SRRAP700.jpg,MCAS Legacy SKU Asset Check
SRRAP500BL,https://www.mcas.com.au/assets/full/SRRAP500BL.jpg,MCAS Legacy SKU Asset Check
SRRCV5,https://www.mcas.com.au/assets/full/SRRCV5.jpg,MCAS Legacy SKU Asset Check
SRRAP600AB601,https://www.mcas.com.au/assets/full/SRRAP600AB601.jpg,MCAS Legacy SKU Asset Check
SRRAP600,https://www.mcas.com.au/assets/full/SRRAP600.jpg,MCAS Legacy SKU Asset Check
SRS1211B,https://www.mcas.com.au/assets/full/SRS1211B.jpg,MCAS Legacy SKU Asset Check
SRS1426,https://www.mcas.com.au/assets/full/SRS1426.jpg,MCAS Legacy SKU Asset Check
SRS1427,https://www.mcas.com.au/assets/full/SRS1427.jpg,MCAS Legacy SKU Asset Check
SRS1422,https://www.mcas.com.au/assets/full/SRS1422.jpg,MCAS Legacy SKU Asset Check
SRS1516,https://www.mcas.com.au/assets/full/SRS1516.jpg,MCAS Legacy SKU Asset Check
SRS1516AM,https://www.mcas.com.au/assets/full/SRS1516AM.jpg,MCAS Legacy SKU Asset Check
SRS1517AM,https://www.mcas.com.au/assets/full/SRS1517AM.jpg,MCAS Legacy SKU Asset Check
SRPCL500,https://www.mcas.com.au/assets/full/SRPCL500.webp,MCAS Legacy SKU Asset Check
SRRBP103BK,https://www.mcas.com.au/assets/full/SRRBP103BK.webp,MCAS Legacy SKU Asset Check
SRS2416,https://www.mcas.com.au/assets/full/SRS2416.jpg,MCAS Legacy SKU Asset Check
SRRBP303BK,https://www.mcas.com.au/assets/full/SRRBP303BK.webp,MCAS Legacy SKU Asset Check
SRRBP506BK,https://www.mcas.com.au/assets/full/SRRBP506BK.webp,MCAS Legacy SKU Asset Check
SRS1517,https://www.mcas.com.au/assets/full/SRS1517.jpg,MCAS Legacy SKU Asset Check
SRRBP502BK,https://www.mcas.com.au/assets/full/SRRBP502BK.webp,MCAS Legacy SKU Asset Check
SRRBP203BK,https://www.mcas.com.au/assets/full/SRRBP203BK.webp,MCAS Legacy SKU Asset Check
SRRAP500RD,https://www.mcas.com.au/assets/full/SRRAP500RD.webp,MCAS Legacy SKU Asset Check
SRS2418,https://www.mcas.com.au/assets/full/SRS2418.jpg,MCAS Legacy SKU Asset Check
SRS2420,https://www.mcas.com.au/assets/full/SRS2420.jpg,MCAS Legacy SKU Asset Check
SRRBP504BK,https://www.mcas.com.au/assets/full/SRRBP504BK.webp,MCAS Legacy SKU Asset Check
SRS2421,https://www.mcas.com.au/assets/full/SRS2421.jpg,MCAS Legacy SKU Asset Check
SRS3512B,https://www.mcas.com.au/assets/full/SRS3512B.jpg,MCAS Legacy SKU Asset Check
SRS3515R,https://www.mcas.com.au/assets/full/SRS3515R.jpg,MCAS Legacy SKU Asset Check
SRS2516AM,https://www.mcas.com.au/assets/full/SRS2516AM.jpg,MCAS Legacy SKU Asset Check
SRS1511B,https://www.mcas.com.au/assets/full/SRS1511B.webp,MCAS Legacy SKU Asset Check
SRS1424,https://www.mcas.com.au/assets/full/SRS1424.webp,MCAS Legacy SKU Asset Check
SRS3215R,https://www.mcas.com.au/assets/full/SRS3215R.jpg,MCAS Legacy SKU Asset Check
SRS3516AM,https://www.mcas.com.au/assets/full/SRS3516AM.jpg,MCAS Legacy SKU Asset Check
SRS3515,https://www.mcas.com.au/assets/full/SRS3515.jpg,MCAS Legacy SKU Asset Check
SRS1511T,https://www.mcas.com.au/assets/full/SRS1511T.webp,MCAS Legacy SKU Asset Check
SRS1512B,https://www.mcas.com.au/assets/full/SRS1512B.webp,MCAS Legacy SKU Asset Check
SRS3515B,https://www.mcas.com.au/assets/full/SRS3515B.jpg,MCAS Legacy SKU Asset Check
SRS5418OR,https://www.mcas.com.au/assets/full/SRS5418OR.jpg,MCAS Legacy SKU Asset Check
SRS5416B,https://www.mcas.com.au/assets/full/SRS5416B.jpg,MCAS Legacy SKU Asset Check
SRS5417B,https://www.mcas.com.au/assets/full/SRS5417B.jpg,MCAS Legacy SKU Asset Check
SRS5414,https://www.mcas.com.au/assets/full/SRS5414.jpg,MCAS Legacy SKU Asset Check
SRS5416OR,https://www.mcas.com.au/assets/full/SRS5416OR.jpg,MCAS Legacy SKU Asset Check
SRS2516,https://www.mcas.com.au/assets/full/SRS2516.webp,MCAS Legacy SKU Asset Check
SRS5510B,https://www.mcas.com.au/assets/full/SRS5510B.jpg,MCAS Legacy SKU Asset Check
SRS5417RD,https://www.mcas.com.au/assets/full/SRS5417RD.jpg,MCAS Legacy SKU Asset Check
SRS5418B,https://www.mcas.com.au/assets/full/SRS5418B.jpg,MCAS Legacy SKU Asset Check
SRS5510OR,https://www.mcas.com.au/assets/full/SRS5510OR.jpg,MCAS Legacy SKU Asset Check
SRS5511B,https://www.mcas.com.au/assets/full/SRS5511B.jpg,MCAS Legacy SKU Asset Check
SRS5511T,https://www.mcas.com.au/assets/full/SRS5511T.jpg,MCAS Legacy SKU Asset Check
SRS5211OR,https://www.mcas.com.au/assets/full/SRS5211OR.webp,MCAS Legacy SKU Asset Check
SRS4516AM,https://www.mcas.com.au/assets/full/SRS4516AM.webp,MCAS Legacy SKU Asset Check
SRS3516,https://www.mcas.com.au/assets/full/SRS3516.webp,MCAS Legacy SKU Asset Check
SRS5516AM,https://www.mcas.com.au/assets/full/SRS5516AM.jpg,MCAS Legacy SKU Asset Check
SRS5510T,https://www.mcas.com.au/assets/full/SRS5510T.jpg,MCAS Legacy SKU Asset Check
SRS5517AM,https://www.mcas.com.au/assets/full/SRS5517AM.jpg,MCAS Legacy SKU Asset Check
SRS5413,https://www.mcas.com.au/assets/full/SRS5413.webp,MCAS Legacy SKU Asset Check
SRS5511OR,https://www.mcas.com.au/assets/full/SRS5511OR.jpg,MCAS Legacy SKU Asset Check
SRS4516,https://www.mcas.com.au/assets/full/SRS4516.webp,MCAS Legacy SKU Asset Check
SRS5585OR,https://www.mcas.com.au/assets/full/SRS5585OR.jpg,MCAS Legacy SKU Asset Check
SRS5285T,https://www.mcas.com.au/assets/full/SRS5285T.webp,MCAS Legacy SKU Asset Check
SRS7001,https://www.mcas.com.au/assets/full/SRS7001.jpg,MCAS Legacy SKU Asset Check
SRS5416RD,https://www.mcas.com.au/assets/full/SRS5416RD.webp,MCAS Legacy SKU Asset Check
SRS7005,https://www.mcas.com.au/assets/full/SRS7005.jpg,MCAS Legacy SKU Asset Check
SRS5417OR,https://www.mcas.com.au/assets/full/SRS5417OR.webp,MCAS Legacy SKU Asset Check
SRS8002,https://www.mcas.com.au/assets/full/SRS8002.jpg,MCAS Legacy SKU Asset Check
SRS8003,https://www.mcas.com.au/assets/full/SRS8003.jpg,MCAS Legacy SKU Asset Check
SRS7007,https://www.mcas.com.au/assets/full/SRS7007.jpg,MCAS Legacy SKU Asset Check
SRS7410,https://www.mcas.com.au/assets/full/SRS7410.jpg,MCAS Legacy SKU Asset Check
SRS8005,https://www.mcas.com.au/assets/full/SRS8005.jpg,MCAS Legacy SKU Asset Check
SRS8004,https://www.mcas.com.au/assets/full/SRS8004.jpg,MCAS Legacy SKU Asset Check
SRS8007,https://www.mcas.com.au/assets/full/SRS8007.jpg,MCAS Legacy SKU Asset Check
SRS8006,https://www.mcas.com.au/assets/full/SRS8006.jpg,MCAS Legacy SKU Asset Check
SRS5516,https://www.mcas.com.au/assets/full/SRS5516.webp,MCAS Legacy SKU Asset Check
SRS9012BL,https://www.mcas.com.au/assets/full/SRS9012BL.jpg,MCAS Legacy SKU Asset Check
SRS5517,https://www.mcas.com.au/assets/full/SRS5517.webp,MCAS Legacy SKU Asset Check
SRS5511RD,https://www.mcas.com.au/assets/full/SRS5511RD.webp,MCAS Legacy SKU Asset Check
SRS9012BK,https://www.mcas.com.au/assets/full/SRS9012BK.jpg,MCAS Legacy SKU Asset Check
SRS9012R,https://www.mcas.com.au/assets/full/SRS9012R.jpg,MCAS Legacy SKU Asset Check
SRS9022BL,https://www.mcas.com.au/assets/full/SRS9022BL.jpg,MCAS Legacy SKU Asset Check
SRS9022BK,https://www.mcas.com.au/assets/full/SRS9022BK.jpg,MCAS Legacy SKU Asset Check
SRS9012W,https://www.mcas.com.au/assets/full/SRS9012W.jpg,MCAS Legacy SKU Asset Check
SRS9012OR,https://www.mcas.com.au/assets/full/SRS9012OR.jpg,MCAS Legacy SKU Asset Check
SRS9022OR,https://www.mcas.com.au/assets/full/SRS9022OR.jpg,MCAS Legacy SKU Asset Check
SRS5518,https://www.mcas.com.au/assets/full/SRS5518.webp,MCAS Legacy SKU Asset Check
SRS5518AM,https://www.mcas.com.au/assets/full/SRS5518AM.webp,MCAS Legacy SKU Asset Check
SRS9022R,https://www.mcas.com.au/assets/full/SRS9022R.jpg,MCAS Legacy SKU Asset Check
SRS9022W,https://www.mcas.com.au/assets/full/SRS9022W.jpg,MCAS Legacy SKU Asset Check
SRS7516AM,https://www.mcas.com.au/assets/full/SRS7516AM.webp,MCAS Legacy SKU Asset Check
SRS9032R,https://www.mcas.com.au/assets/full/SRS9032R.jpg,MCAS Legacy SKU Asset Check
SRS7516,https://www.mcas.com.au/assets/full/SRS7516.webp,MCAS Legacy SKU Asset Check
SRS9032OR,https://www.mcas.com.au/assets/full/SRS9032OR.jpg,MCAS Legacy SKU Asset Check
SRS9032BL,https://www.mcas.com.au/assets/full/SRS9032BL.jpg,MCAS Legacy SKU Asset Check
SRS8008,https://www.mcas.com.au/assets/full/SRS8008.webp,MCAS Legacy SKU Asset Check
SRS9151BK,https://www.mcas.com.au/assets/full/SRS9151BK.jpg,MCAS Legacy SKU Asset Check
SRS9032WH,https://www.mcas.com.au/assets/full/SRS9032WH.jpg,MCAS Legacy SKU Asset Check
SRS9132BK,https://www.mcas.com.au/assets/full/SRS9132BK.jpg,MCAS Legacy SKU Asset Check
SRS9151OR,https://www.mcas.com.au/assets/full/SRS9151OR.jpg,MCAS Legacy SKU Asset Check
SRS9112BK,https://www.mcas.com.au/assets/full/SRS9112BK.jpg,MCAS Legacy SKU Asset Check
SRS9162BK,https://www.mcas.com.au/assets/full/SRS9162BK.jpg,MCAS Legacy SKU Asset Check
SRS9172BL,https://www.mcas.com.au/assets/full/SRS9172BL.jpg,MCAS Legacy SKU Asset Check
SRS9172BK,https://www.mcas.com.au/assets/full/SRS9172BK.jpg,MCAS Legacy SKU Asset Check
SRS9032BK,https://www.mcas.com.au/assets/full/SRS9032BK.webp,MCAS Legacy SKU Asset Check
SRS9172OR,https://www.mcas.com.au/assets/full/SRS9172OR.jpg,MCAS Legacy SKU Asset Check
SRS9172R,https://www.mcas.com.au/assets/full/SRS9172R.jpg,MCAS Legacy SKU Asset Check
SRS9182BK,https://www.mcas.com.au/assets/full/SRS9182BK.jpg,MCAS Legacy SKU Asset Check
SRSCCRF,https://www.mcas.com.au/assets/full/SRSCCRF.jpg,MCAS Legacy SKU Asset Check
SRSCKTM,https://www.mcas.com.au/assets/full/SRSCKTM.jpg,MCAS Legacy SKU Asset Check
SRS9142BK,https://www.mcas.com.au/assets/full/SRS9142BK.webp,MCAS Legacy SKU Asset Check
SRS9152BK,https://www.mcas.com.au/assets/full/SRS9152BK.webp,MCAS Legacy SKU Asset Check
SRS9162BLBL,https://www.mcas.com.au/assets/full/SRS9162BLBL.webp,MCAS Legacy SKU Asset Check
SRSCGC,https://www.mcas.com.au/assets/full/SRSCGC.jpg,MCAS Legacy SKU Asset Check
SRS9032Y,https://www.mcas.com.au/assets/full/SRS9032Y.webp,MCAS Legacy SKU Asset Check
SRS9172BLBL,https://www.mcas.com.au/assets/full/SRS9172BLBL.webp,MCAS Legacy SKU Asset Check
SRS9162OROR,https://www.mcas.com.au/assets/full/SRS9162OROR.webp,MCAS Legacy SKU Asset Check
SRSCHUS,https://www.mcas.com.au/assets/full/SRSCHUS.jpg,MCAS Legacy SKU Asset Check
SRS9162RDRD,https://www.mcas.com.au/assets/full/SRS9162RDRD.webp,MCAS Legacy SKU Asset Check
SRSCKXF,https://www.mcas.com.au/assets/full/SRSCKXF.jpg,MCAS Legacy SKU Asset Check
SRS9162WHWH,https://www.mcas.com.au/assets/full/SRS9162WHWH.webp,MCAS Legacy SKU Asset Check
SRSCRMZ,https://www.mcas.com.au/assets/full/SRSCRMZ.jpg,MCAS Legacy SKU Asset Check
SRS9172OROR,https://www.mcas.com.au/assets/full/SRS9172OROR.webp,MCAS Legacy SKU Asset Check
SRSLC100,https://www.mcas.com.au/assets/full/SRSLC100.jpg,MCAS Legacy SKU Asset Check
SRSCYZF,https://www.mcas.com.au/assets/full/SRSCYZF.jpg,MCAS Legacy SKU Asset Check
SRS9172WHWH,https://www.mcas.com.au/assets/full/SRS9172WHWH.webp,MCAS Legacy SKU Asset Check
SRS9172RDRD,https://www.mcas.com.au/assets/full/SRS9172RDRD.webp,MCAS Legacy SKU Asset Check
SRSLC201BK,https://www.mcas.com.au/assets/full/SRSLC201BK.jpg,MCAS Legacy SKU Asset Check
SRSFWLS,https://www.mcas.com.au/assets/full/SRSFWLS.jpg,MCAS Legacy SKU Asset Check
SRSCFK,https://www.mcas.com.au/assets/full/SRSCFK.webp,MCAS Legacy SKU Asset Check
SRSLC500BK,https://www.mcas.com.au/assets/full/SRSLC500BK.jpg,MCAS Legacy SKU Asset Check
SRSLC200,https://www.mcas.com.au/assets/full/SRSLC200.jpg,MCAS Legacy SKU Asset Check
SRSMSOBL,https://www.mcas.com.au/assets/full/SRSMSOBL.jpg,MCAS Legacy SKU Asset Check
SRSMSOBK,https://www.mcas.com.au/assets/full/SRSMSOBK.jpg,MCAS Legacy SKU Asset Check
SRSLC502BL,https://www.mcas.com.au/assets/full/SRSLC502BL.jpg,MCAS Legacy SKU Asset Check
SRSLC503BL,https://www.mcas.com.au/assets/full/SRSLC503BL.jpg,MCAS Legacy SKU Asset Check
SRSMSORD,https://www.mcas.com.au/assets/full/SRSMSORD.jpg,MCAS Legacy SKU Asset Check
SRSLC503RD,https://www.mcas.com.au/assets/full/SRSLC503RD.jpg,MCAS Legacy SKU Asset Check
SRSMSOG,https://www.mcas.com.au/assets/full/SRSMSOG.jpg,MCAS Legacy SKU Asset Check
SRSMSODKBL,https://www.mcas.com.au/assets/full/SRSMSODKBL.jpg,MCAS Legacy SKU Asset Check
SRSMSOW,https://www.mcas.com.au/assets/full/SRSMSOW.jpg,MCAS Legacy SKU Asset Check
SRSMSOOR,https://www.mcas.com.au/assets/full/SRSMSOOR.jpg,MCAS Legacy SKU Asset Check
SRSP41B,https://www.mcas.com.au/assets/full/SRSP41B.jpg,MCAS Legacy SKU Asset Check
SRSFWUB,https://www.mcas.com.au/assets/full/SRSFWUB.webp,MCAS Legacy SKU Asset Check
SRSFWLB,https://www.mcas.com.au/assets/full/SRSFWLB.webp,MCAS Legacy SKU Asset Check
SRSF5818,https://www.mcas.com.au/assets/full/SRSF5818.webp,MCAS Legacy SKU Asset Check
SRSLC201R,https://www.mcas.com.au/assets/full/SRSLC201R.webp,MCAS Legacy SKU Asset Check
SRSLC503BK,https://www.mcas.com.au/assets/full/SRSLC503BK.webp,MCAS Legacy SKU Asset Check
SRSRDG500BK,https://www.mcas.com.au/assets/full/SRSRDG500BK.jpg,MCAS Legacy SKU Asset Check
SRSRDG500OR,https://www.mcas.com.au/assets/full/SRSRDG500OR.jpg,MCAS Legacy SKU Asset Check
SRSRDG500BL,https://www.mcas.com.au/assets/full/SRSRDG500BL.jpg,MCAS Legacy SKU Asset Check
SRSMSOY,https://www.mcas.com.au/assets/full/SRSMSOY.jpg,MCAS Legacy SKU Asset Check
SRSTFMB151,https://www.mcas.com.au/assets/full/SRSTFMB151.jpg,MCAS Legacy SKU Asset Check
SRSSWK,https://www.mcas.com.au/assets/full/SRSSWK.jpg,MCAS Legacy SKU Asset Check
SRSTFMB152,https://www.mcas.com.au/assets/full/SRSTFMB152.jpg,MCAS Legacy SKU Asset Check
SRSRDG700,https://www.mcas.com.au/assets/full/SRSRDG700.jpg,MCAS Legacy SKU Asset Check
SRSLC502BK,https://www.mcas.com.au/assets/full/SRSLC502BK.webp,MCAS Legacy SKU Asset Check
SRSRDG600,https://www.mcas.com.au/assets/full/SRSRDG600.jpg,MCAS Legacy SKU Asset Check
SRSP11,https://www.mcas.com.au/assets/full/SRSP11.webp,MCAS Legacy SKU Asset Check
SRSTIMENG250EXC2,https://www.mcas.com.au/assets/full/SRSTIMENG250EXC2.jpg,MCAS Legacy SKU Asset Check
SRSTBT500,https://www.mcas.com.au/assets/full/SRSTBT500.jpg,MCAS Legacy SKU Asset Check
SRSTIMENG125SX,https://www.mcas.com.au/assets/full/SRSTIMENG125SX.jpg,MCAS Legacy SKU Asset Check
SRSTIMENG250EXC,https://www.mcas.com.au/assets/full/SRSTIMENG250EXC.jpg,MCAS Legacy SKU Asset Check
SRSTIMENG250EXCF2,https://www.mcas.com.au/assets/full/SRSTIMENG250EXCF2.jpg,MCAS Legacy SKU Asset Check
SRSTIMENG250EXCF,https://www.mcas.com.au/assets/full/SRSTIMENG250EXCF.jpg,MCAS Legacy SKU Asset Check
SRSTIMENG250SXF,https://www.mcas.com.au/assets/full/SRSTIMENG250SXF.jpg,MCAS Legacy SKU Asset Check
SRSTIMENGCRF250,https://www.mcas.com.au/assets/full/SRSTIMENGCRF250.jpg,MCAS Legacy SKU Asset Check
SRSTIMENG250SX,https://www.mcas.com.au/assets/full/SRSTIMENG250SX.jpg,MCAS Legacy SKU Asset Check
SRSTIMENG450EXCF,https://www.mcas.com.au/assets/full/SRSTIMENG450EXCF.jpg,MCAS Legacy SKU Asset Check
SRSTIMENG450SXF2,https://www.mcas.com.au/assets/full/SRSTIMENG450SXF2.jpg,MCAS Legacy SKU Asset Check
SRSTIMENG450SXF,https://www.mcas.com.au/assets/full/SRSTIMENG450SXF.jpg,MCAS Legacy SKU Asset Check
SRSSBE,https://www.mcas.com.au/assets/full/SRSSBE.webp,MCAS Legacy SKU Asset Check
SRSTIMENG65SX,https://www.mcas.com.au/assets/full/SRSTIMENG65SX.jpg,MCAS Legacy SKU Asset Check
SRSTBT499,https://www.mcas.com.au/assets/full/SRSTBT499.webp,MCAS Legacy SKU Asset Check
SRSTIMENG85SX,https://www.mcas.com.au/assets/full/SRSTIMENG85SX.jpg,MCAS Legacy SKU Asset Check
SRSTIMENGKX250,https://www.mcas.com.au/assets/full/SRSTIMENGKX250.jpg,MCAS Legacy SKU Asset Check
SRSTIMENGCRF450,https://www.mcas.com.au/assets/full/SRSTIMENGCRF450.jpg,MCAS Legacy SKU Asset Check
SRSTIMENGKX450,https://www.mcas.com.au/assets/full/SRSTIMENGKX450.jpg,MCAS Legacy SKU Asset Check
SRSTIMENGKX250F,https://www.mcas.com.au/assets/full/SRSTIMENGKX250F.jpg,MCAS Legacy SKU Asset Check
SRSTIMENGTE250i,https://www.mcas.com.au/assets/full/SRSTIMENGTE250i.jpg,MCAS Legacy SKU Asset Check
SRSTIMFR65SX2,https://www.mcas.com.au/assets/full/SRSTIMFR65SX2.jpg,MCAS Legacy SKU Asset Check
SRSTIMFRSHER,https://www.mcas.com.au/assets/full/SRSTIMFRSHER.jpg,MCAS Legacy SKU Asset Check
SRSTIMENGYZ250F,https://www.mcas.com.au/assets/full/SRSTIMENGYZ250F.jpg,MCAS Legacy SKU Asset Check
SRSTIMENGYZ65,https://www.mcas.com.au/assets/full/SRSTIMENGYZ65.jpg,MCAS Legacy SKU Asset Check
SRSTIMFR65SX,https://www.mcas.com.au/assets/full/SRSTIMFR65SX.jpg,MCAS Legacy SKU Asset Check
SRSSBJ,https://www.mcas.com.au/assets/full/SRSSBJ.webp,MCAS Legacy SKU Asset Check
SRSTIMENGYZ250,https://www.mcas.com.au/assets/full/SRSTIMENGYZ250.jpg,MCAS Legacy SKU Asset Check
SRSTIMENGYZ85,https://www.mcas.com.au/assets/full/SRSTIMENGYZ85.jpg,MCAS Legacy SKU Asset Check
SRSTIMENGYZ450F2,https://www.mcas.com.au/assets/full/SRSTIMENGYZ450F2.jpg,MCAS Legacy SKU Asset Check
SRSTIMFR85SX,https://www.mcas.com.au/assets/full/SRSTIMFR85SX.jpg,MCAS Legacy SKU Asset Check
SRSTIMFRKXF250,https://www.mcas.com.au/assets/full/SRSTIMFRKXF250.jpg,MCAS Legacy SKU Asset Check
SRSTIMENGYZ450F,https://www.mcas.com.au/assets/full/SRSTIMENGYZ450F.jpg,MCAS Legacy SKU Asset Check
SRSTIMFRCRF250,https://www.mcas.com.au/assets/full/SRSTIMFRCRF250.jpg,MCAS Legacy SKU Asset Check
SRSTIMFREXCF,https://www.mcas.com.au/assets/full/SRSTIMFREXCF.jpg,MCAS Legacy SKU Asset Check
SRSTIMFRYZ125,https://www.mcas.com.au/assets/full/SRSTIMFRYZ125.jpg,MCAS Legacy SKU Asset Check
SRSTIMFRSXF,https://www.mcas.com.au/assets/full/SRSTIMFRSXF.jpg,MCAS Legacy SKU Asset Check
SRSWHMBL,https://www.mcas.com.au/assets/full/SRSWHMBL.jpg,MCAS Legacy SKU Asset Check
SRSTIMFRYZF250,https://www.mcas.com.au/assets/full/SRSTIMFRYZF250.jpg,MCAS Legacy SKU Asset Check
SRSTIMFRCR125,https://www.mcas.com.au/assets/full/SRSTIMFRCR125.jpg,MCAS Legacy SKU Asset Check
SRTT100R,https://www.mcas.com.au/assets/full/SRTT100R.jpg,MCAS Legacy SKU Asset Check
SRTT100B,https://www.mcas.com.au/assets/full/SRTT100B.jpg,MCAS Legacy SKU Asset Check
SRSTIMFRYZF450,https://www.mcas.com.au/assets/full/SRSTIMFRYZF450.jpg,MCAS Legacy SKU Asset Check
SRSWHMR,https://www.mcas.com.au/assets/full/SRSWHMR.jpg,MCAS Legacy SKU Asset Check
SRSWHMOR,https://www.mcas.com.au/assets/full/SRSWHMOR.jpg,MCAS Legacy SKU Asset Check
SRTT102,https://www.mcas.com.au/assets/full/SRTT102.jpg,MCAS Legacy SKU Asset Check
SRTT101,https://www.mcas.com.au/assets/full/SRTT101.jpg,MCAS Legacy SKU Asset Check
SRUBR2,https://www.mcas.com.au/assets/full/SRUBR2.jpg,MCAS Legacy SKU Asset Check
SRTT504,https://www.mcas.com.au/assets/full/SRTT504.jpg,MCAS Legacy SKU Asset Check
SRTT501,https://www.mcas.com.au/assets/full/SRTT501.jpg,MCAS Legacy SKU Asset Check
ST100008,https://www.mcas.com.au/assets/full/ST100008.jpg,MCAS Legacy SKU Asset Check
SRTT500,https://www.mcas.com.au/assets/full/SRTT500.jpg,MCAS Legacy SKU Asset Check
SRTT503,https://www.mcas.com.au/assets/full/SRTT503.jpg,MCAS Legacy SKU Asset Check
SSBK40,https://www.mcas.com.au/assets/full/SSBK40.jpg,MCAS Legacy SKU Asset Check
SRUHP,https://www.mcas.com.au/assets/full/SRUHP.jpg,MCAS Legacy SKU Asset Check
SRUBR1,https://www.mcas.com.au/assets/full/SRUBR1.jpg,MCAS Legacy SKU Asset Check
ST100001,https://www.mcas.com.au/assets/full/ST100001.jpg,MCAS Legacy SKU Asset Check
SRSWHM,https://www.mcas.com.au/assets/full/SRSWHM.webp,MCAS Legacy SKU Asset Check
ST212004,https://www.mcas.com.au/assets/full/ST212004.jpg,MCAS Legacy SKU Asset Check
ST212016,https://www.mcas.com.au/assets/full/ST212016.jpg,MCAS Legacy SKU Asset Check
ST212013,https://www.mcas.com.au/assets/full/ST212013.jpg,MCAS Legacy SKU Asset Check
SRTT103,https://www.mcas.com.au/assets/full/SRTT103.webp,MCAS Legacy SKU Asset Check
SRTT200,https://www.mcas.com.au/assets/full/SRTT200.webp,MCAS Legacy SKU Asset Check
SRTT502,https://www.mcas.com.au/assets/full/SRTT502.webp,MCAS Legacy SKU Asset Check
ST100111,https://www.mcas.com.au/assets/full/ST100111.webp,MCAS Legacy SKU Asset Check
ST212003,https://www.mcas.com.au/assets/full/ST212003.png,MCAS Legacy SKU Asset Check
ST212002,https://www.mcas.com.au/assets/full/ST212002.png,MCAS Legacy SKU Asset Check
ST212023,https://www.mcas.com.au/assets/full/ST212023.png,MCAS Legacy SKU Asset Check
ST212006,https://www.mcas.com.au/assets/full/ST212006.png,MCAS Legacy SKU Asset Check
ST212024,https://www.mcas.com.au/assets/full/ST212024.png,MCAS Legacy SKU Asset Check
ST212008,https://www.mcas.com.au/assets/full/ST212008.png,MCAS Legacy SKU Asset Check
ST212014,https://www.mcas.com.au/assets/full/ST212014.png,MCAS Legacy SKU Asset Check
ST216013,https://www.mcas.com.au/assets/full/ST216013.jpg,MCAS Legacy SKU Asset Check
ST218004,https://www.mcas.com.au/assets/full/ST218004.jpg,MCAS Legacy SKU Asset Check
ST216002,https://www.mcas.com.au/assets/full/ST216002.png,MCAS Legacy SKU Asset Check
ST218005,https://www.mcas.com.au/assets/full/ST218005.jpg,MCAS Legacy SKU Asset Check
ST216006,https://www.mcas.com.au/assets/full/ST216006.png,MCAS Legacy SKU Asset Check
ST216003,https://www.mcas.com.au/assets/full/ST216003.png,MCAS Legacy SKU Asset Check
ST216008,https://www.mcas.com.au/assets/full/ST216008.png,MCAS Legacy SKU Asset Check
SRSTIMENGYZ125,https://www.mcas.com.au/assets/full/SRSTIMENGYZ125.jpg,MCAS Legacy SKU Asset Check
ST212056,https://www.mcas.com.au/assets/full/ST212056.webp,MCAS Legacy SKU Asset Check
ST216085,https://www.mcas.com.au/assets/full/ST216085.png,MCAS Legacy SKU Asset Check
ST216004,https://www.mcas.com.au/assets/full/ST216004.webp,MCAS Legacy SKU Asset Check
ST218015,https://www.mcas.com.au/assets/full/ST218015.jpg,MCAS Legacy SKU Asset Check
ST216014,https://www.mcas.com.au/assets/full/ST216014.png,MCAS Legacy SKU Asset Check
ST218012,https://www.mcas.com.au/assets/full/ST218012.webp,MCAS Legacy SKU Asset Check
ST218009,https://www.mcas.com.au/assets/full/ST218009.webp,MCAS Legacy SKU Asset Check
ST218008,https://www.mcas.com.au/assets/full/ST218008.webp,MCAS Legacy SKU Asset Check
ST218016,https://www.mcas.com.au/assets/full/ST218016.webp,MCAS Legacy SKU Asset Check
ST218011,https://www.mcas.com.au/assets/full/ST218011.webp,MCAS Legacy SKU Asset Check
ST220004,https://www.mcas.com.au/assets/full/ST220004.webp,MCAS Legacy SKU Asset Check
ST220016,https://www.mcas.com.au/assets/full/ST220016.webp,MCAS Legacy SKU Asset Check
ST220073,https://www.mcas.com.au/assets/full/ST220073.webp,MCAS Legacy SKU Asset Check
ST220072,https://www.mcas.com.au/assets/full/ST220072.webp,MCAS Legacy SKU Asset Check
ST220071,https://www.mcas.com.au/assets/full/ST220071.webp,MCAS Legacy SKU Asset Check
ST220074,https://www.mcas.com.au/assets/full/ST220074.webp,MCAS Legacy SKU Asset Check
ST220078,https://www.mcas.com.au/assets/full/ST220078.webp,MCAS Legacy SKU Asset Check
ST220075,https://www.mcas.com.au/assets/full/ST220075.webp,MCAS Legacy SKU Asset Check
ST220076,https://www.mcas.com.au/assets/full/ST220076.webp,MCAS Legacy SKU Asset Check
ST220077,https://www.mcas.com.au/assets/full/ST220077.webp,MCAS Legacy SKU Asset Check
ST220082,https://www.mcas.com.au/assets/full/ST220082.webp,MCAS Legacy SKU Asset Check
ST220080,https://www.mcas.com.au/assets/full/ST220080.webp,MCAS Legacy SKU Asset Check
ST220081,https://www.mcas.com.au/assets/full/ST220081.webp,MCAS Legacy SKU Asset Check
ST220085,https://www.mcas.com.au/assets/full/ST220085.webp,MCAS Legacy SKU Asset Check
ST220084,https://www.mcas.com.au/assets/full/ST220084.webp,MCAS Legacy SKU Asset Check
ST220086,https://www.mcas.com.au/assets/full/ST220086.webp,MCAS Legacy SKU Asset Check
ST220091,https://www.mcas.com.au/assets/full/ST220091.webp,MCAS Legacy SKU Asset Check
ST220088,https://www.mcas.com.au/assets/full/ST220088.webp,MCAS Legacy SKU Asset Check
ST220090,https://www.mcas.com.au/assets/full/ST220090.webp,MCAS Legacy SKU Asset Check
ST220087,https://www.mcas.com.au/assets/full/ST220087.webp,MCAS Legacy SKU Asset Check
ST220089,https://www.mcas.com.au/assets/full/ST220089.webp,MCAS Legacy SKU Asset Check
ST220092,https://www.mcas.com.au/assets/full/ST220092.webp,MCAS Legacy SKU Asset Check
ST220093,https://www.mcas.com.au/assets/full/ST220093.webp,MCAS Legacy SKU Asset Check
ST410007,https://www.mcas.com.au/assets/full/ST410007.png,MCAS Legacy SKU Asset Check
ST410003,https://www.mcas.com.au/assets/full/ST410003.png,MCAS Legacy SKU Asset Check
ST410022,https://www.mcas.com.au/assets/full/ST410022.jpg,MCAS Legacy SKU Asset Check
ST410021,https://www.mcas.com.au/assets/full/ST410021.jpg,MCAS Legacy SKU Asset Check
ST410010,https://www.mcas.com.au/assets/full/ST410010.png,MCAS Legacy SKU Asset Check
ST410008,https://www.mcas.com.au/assets/full/ST410008.png,MCAS Legacy SKU Asset Check
ST410027,https://www.mcas.com.au/assets/full/ST410027.jpg,MCAS Legacy SKU Asset Check
ST410025,https://www.mcas.com.au/assets/full/ST410025.jpg,MCAS Legacy SKU Asset Check
ST220094,https://www.mcas.com.au/assets/full/ST220094.webp,MCAS Legacy SKU Asset Check
ST410009,https://www.mcas.com.au/assets/full/ST410009.png,MCAS Legacy SKU Asset Check
ST410024,https://www.mcas.com.au/assets/full/ST410024.jpg,MCAS Legacy SKU Asset Check
ST410001,https://www.mcas.com.au/assets/full/ST410001.webp,MCAS Legacy SKU Asset Check
ST410031,https://www.mcas.com.au/assets/full/ST410031.jpg,MCAS Legacy SKU Asset Check
ST410029,https://www.mcas.com.au/assets/full/ST410029.jpg,MCAS Legacy SKU Asset Check
ST410030,https://www.mcas.com.au/assets/full/ST410030.jpg,MCAS Legacy SKU Asset Check
ST410028,https://www.mcas.com.au/assets/full/ST410028.jpg,MCAS Legacy SKU Asset Check
ST410015,https://www.mcas.com.au/assets/full/ST410015.png,MCAS Legacy SKU Asset Check
ST410019,https://www.mcas.com.au/assets/full/ST410019.png,MCAS Legacy SKU Asset Check
ST410020,https://www.mcas.com.au/assets/full/ST410020.png,MCAS Legacy SKU Asset Check
ST410032,https://www.mcas.com.au/assets/full/ST410032.jpg,MCAS Legacy SKU Asset Check
ST410044,https://www.mcas.com.au/assets/full/ST410044.jpg,MCAS Legacy SKU Asset Check
ST410045,https://www.mcas.com.au/assets/full/ST410045.jpg,MCAS Legacy SKU Asset Check
ST420009,https://www.mcas.com.au/assets/full/ST420009.jpg,MCAS Legacy SKU Asset Check
ST420028,https://www.mcas.com.au/assets/full/ST420028.jpg,MCAS Legacy SKU Asset Check
ST420024,https://www.mcas.com.au/assets/full/ST420024.jpg,MCAS Legacy SKU Asset Check
ST420023,https://www.mcas.com.au/assets/full/ST420023.jpg,MCAS Legacy SKU Asset Check
ST410035,https://www.mcas.com.au/assets/full/ST410035.png,MCAS Legacy SKU Asset Check
ST420013,https://www.mcas.com.au/assets/full/ST420013.png,MCAS Legacy SKU Asset Check
ST420006,https://www.mcas.com.au/assets/full/ST420006.png,MCAS Legacy SKU Asset Check
ST420007,https://www.mcas.com.au/assets/full/ST420007.png,MCAS Legacy SKU Asset Check
ST420014,https://www.mcas.com.au/assets/full/ST420014.png,MCAS Legacy SKU Asset Check
ST420022,https://www.mcas.com.au/assets/full/ST420022.png,MCAS Legacy SKU Asset Check
ST420010,https://www.mcas.com.au/assets/full/ST420010.png,MCAS Legacy SKU Asset Check
ST420004,https://www.mcas.com.au/assets/full/ST420004.png,MCAS Legacy SKU Asset Check
ST420029,https://www.mcas.com.au/assets/full/ST420029.jpg,MCAS Legacy SKU Asset Check
ST420005,https://www.mcas.com.au/assets/full/ST420005.png,MCAS Legacy SKU Asset Check
ST420019,https://www.mcas.com.au/assets/full/ST420019.png,MCAS Legacy SKU Asset Check
ST420038,https://www.mcas.com.au/assets/full/ST420038.jpg,MCAS Legacy SKU Asset Check
ST420032,https://www.mcas.com.au/assets/full/ST420032.jpg,MCAS Legacy SKU Asset Check
ST420040,https://www.mcas.com.au/assets/full/ST420040.jpg,MCAS Legacy SKU Asset Check
ST420034,https://www.mcas.com.au/assets/full/ST420034.jpg,MCAS Legacy SKU Asset Check
ST420031,https://www.mcas.com.au/assets/full/ST420031.png,MCAS Legacy SKU Asset Check
ST420017,https://www.mcas.com.au/assets/full/ST420017.png,MCAS Legacy SKU Asset Check
ST420039,https://www.mcas.com.au/assets/full/ST420039.jpg,MCAS Legacy SKU Asset Check
ST500003,https://www.mcas.com.au/assets/full/ST500003.jpg,MCAS Legacy SKU Asset Check
ST420030,https://www.mcas.com.au/assets/full/ST420030.webp,MCAS Legacy SKU Asset Check
ST500014,https://www.mcas.com.au/assets/full/ST500014.jpg,MCAS Legacy SKU Asset Check
ST500016,https://www.mcas.com.au/assets/full/ST500016.jpg,MCAS Legacy SKU Asset Check
ST500015,https://www.mcas.com.au/assets/full/ST500015.jpg,MCAS Legacy SKU Asset Check
ST500026,https://www.mcas.com.au/assets/full/ST500026.png,MCAS Legacy SKU Asset Check
ST500007,https://www.mcas.com.au/assets/full/ST500007.png,MCAS Legacy SKU Asset Check
ST500028,https://www.mcas.com.au/assets/full/ST500028.png,MCAS Legacy SKU Asset Check
ST500006,https://www.mcas.com.au/assets/full/ST500006.png,MCAS Legacy SKU Asset Check
ST500004,https://www.mcas.com.au/assets/full/ST500004.png,MCAS Legacy SKU Asset Check
ST420066,https://www.mcas.com.au/assets/full/ST420066.webp,MCAS Legacy SKU Asset Check
ST500017,https://www.mcas.com.au/assets/full/ST500017.png,MCAS Legacy SKU Asset Check
ST500030,https://www.mcas.com.au/assets/full/ST500030.jpg,MCAS Legacy SKU Asset Check
ST500027,https://www.mcas.com.au/assets/full/ST500027.png,MCAS Legacy SKU Asset Check
ST500009,https://www.mcas.com.au/assets/full/ST500009.png,MCAS Legacy SKU Asset Check
ST420065,https://www.mcas.com.au/assets/full/ST420065.webp,MCAS Legacy SKU Asset Check
ST420048,https://www.mcas.com.au/assets/full/ST420048.webp,MCAS Legacy SKU Asset Check
ST420064,https://www.mcas.com.au/assets/full/ST420064.webp,MCAS Legacy SKU Asset Check
ST510102,https://www.mcas.com.au/assets/full/ST510102.jpg,MCAS Legacy SKU Asset Check
ST510004,https://www.mcas.com.au/assets/full/ST510004.jpg,MCAS Legacy SKU Asset Check
ST510003,https://www.mcas.com.au/assets/full/ST510003.jpg,MCAS Legacy SKU Asset Check
ST604,https://www.mcas.com.au/assets/full/ST604.jpg,MCAS Legacy SKU Asset Check
ST510107,https://www.mcas.com.au/assets/full/ST510107.jpg,MCAS Legacy SKU Asset Check
ST510105,https://www.mcas.com.au/assets/full/ST510105.jpg,MCAS Legacy SKU Asset Check
ST510109,https://www.mcas.com.au/assets/full/ST510109.jpg,MCAS Legacy SKU Asset Check
ST510210,https://www.mcas.com.au/assets/full/ST510210.jpg,MCAS Legacy SKU Asset Check
ST610103,https://www.mcas.com.au/assets/full/ST610103.png,MCAS Legacy SKU Asset Check
ST500038,https://www.mcas.com.au/assets/full/ST500038.webp,MCAS Legacy SKU Asset Check
ST610211,https://www.mcas.com.au/assets/full/ST610211.png,MCAS Legacy SKU Asset Check
ST730014,https://www.mcas.com.au/assets/full/ST730014.jpg,MCAS Legacy SKU Asset Check
ST720001,https://www.mcas.com.au/assets/full/ST720001.jpg,MCAS Legacy SKU Asset Check
ST610210,https://www.mcas.com.au/assets/full/ST610210.png,MCAS Legacy SKU Asset Check
ST730010,https://www.mcas.com.au/assets/full/ST730010.jpg,MCAS Legacy SKU Asset Check
ST730015,https://www.mcas.com.au/assets/full/ST730015.jpg,MCAS Legacy SKU Asset Check
ST500042,https://www.mcas.com.au/assets/full/ST500042.webp,MCAS Legacy SKU Asset Check
ST500039,https://www.mcas.com.au/assets/full/ST500039.webp,MCAS Legacy SKU Asset Check
ST730016,https://www.mcas.com.au/assets/full/ST730016.jpg,MCAS Legacy SKU Asset Check
ST610307,https://www.mcas.com.au/assets/full/ST610307.png,MCAS Legacy SKU Asset Check
ST730021,https://www.mcas.com.au/assets/full/ST730021.jpg,MCAS Legacy SKU Asset Check
ST730022,https://www.mcas.com.au/assets/full/ST730022.jpg,MCAS Legacy SKU Asset Check
ST610309,https://www.mcas.com.au/assets/full/ST610309.png,MCAS Legacy SKU Asset Check
ST730024,https://www.mcas.com.au/assets/full/ST730024.jpg,MCAS Legacy SKU Asset Check
ST730025,https://www.mcas.com.au/assets/full/ST730025.jpg,MCAS Legacy SKU Asset Check
ST730023,https://www.mcas.com.au/assets/full/ST730023.jpg,MCAS Legacy SKU Asset Check
ST730033,https://www.mcas.com.au/assets/full/ST730033.jpg,MCAS Legacy SKU Asset Check
ST730032,https://www.mcas.com.au/assets/full/ST730032.jpg,MCAS Legacy SKU Asset Check
ST730031,https://www.mcas.com.au/assets/full/ST730031.jpg,MCAS Legacy SKU Asset Check
ST730046,https://www.mcas.com.au/assets/full/ST730046.jpg,MCAS Legacy SKU Asset Check
ST730045,https://www.mcas.com.au/assets/full/ST730045.jpg,MCAS Legacy SKU Asset Check
ST730050,https://www.mcas.com.au/assets/full/ST730050.jpg,MCAS Legacy SKU Asset Check
ST730051,https://www.mcas.com.au/assets/full/ST730051.jpg,MCAS Legacy SKU Asset Check
ST730059,https://www.mcas.com.au/assets/full/ST730059.jpg,MCAS Legacy SKU Asset Check
ST730047,https://www.mcas.com.au/assets/full/ST730047.jpg,MCAS Legacy SKU Asset Check
ST730052,https://www.mcas.com.au/assets/full/ST730052.jpg,MCAS Legacy SKU Asset Check
STF500S,https://www.mcas.com.au/assets/full/STF500S.jpg,MCAS Legacy SKU Asset Check
STTR40,https://www.mcas.com.au/assets/full/STTR40.jpg,MCAS Legacy SKU Asset Check
STTR40SM,https://www.mcas.com.au/assets/full/STTR40SM.jpg,MCAS Legacy SKU Asset Check
SU-1017R,https://www.mcas.com.au/assets/full/SU-1017R.webp,MCAS Legacy SKU Asset Check
SU-1348,https://www.mcas.com.au/assets/full/SU-1348.webp,MCAS Legacy SKU Asset Check
SU-6505,https://www.mcas.com.au/assets/full/SU-6505.webp,MCAS Legacy SKU Asset Check
SU-2596,https://www.mcas.com.au/assets/full/SU-2596.webp,MCAS Legacy SKU Asset Check
SU-5503,https://www.mcas.com.au/assets/full/SU-5503.webp,MCAS Legacy SKU Asset Check
SU-6590,https://www.mcas.com.au/assets/full/SU-6590.webp,MCAS Legacy SKU Asset Check
SU-7500,https://www.mcas.com.au/assets/full/SU-7500.webp,MCAS Legacy SKU Asset Check
SU-7592,https://www.mcas.com.au/assets/full/SU-7592.webp,MCAS Legacy SKU Asset Check
SUFK405K999,https://www.mcas.com.au/assets/full/SUFK405K999.jpg,MCAS Legacy SKU Asset Check
SUKIT401E999,https://www.mcas.com.au/assets/full/SUKIT401E999.jpg,MCAS Legacy SKU Asset Check
SUKIT405E999,https://www.mcas.com.au/assets/full/SUKIT405E999.jpg,MCAS Legacy SKU Asset Check
SUKIT402FE999,https://www.mcas.com.au/assets/full/SUKIT402FE999.jpg,MCAS Legacy SKU Asset Check
SUKIT404FE999,https://www.mcas.com.au/assets/full/SUKIT404FE999.jpg,MCAS Legacy SKU Asset Check
SUKIT401FE999,https://www.mcas.com.au/assets/full/SUKIT401FE999.jpg,MCAS Legacy SKU Asset Check
SUKIT403FE999,https://www.mcas.com.au/assets/full/SUKIT403FE999.jpg,MCAS Legacy SKU Asset Check
SU-7593,https://www.mcas.com.au/assets/full/SU-7593.webp,MCAS Legacy SKU Asset Check
SUKIT405K999,https://www.mcas.com.au/assets/full/SUKIT405K999.jpg,MCAS Legacy SKU Asset Check
SUKIT406FE999,https://www.mcas.com.au/assets/full/SUKIT406FE999.jpg,MCAS Legacy SKU Asset Check
SUKIT407E999,https://www.mcas.com.au/assets/full/SUKIT407E999.jpg,MCAS Legacy SKU Asset Check
SUKIT408FE999,https://www.mcas.com.au/assets/full/SUKIT408FE999.jpg,MCAS Legacy SKU Asset Check
SUKIT410E999,https://www.mcas.com.au/assets/full/SUKIT410E999.jpg,MCAS Legacy SKU Asset Check
SUKIT412E999,https://www.mcas.com.au/assets/full/SUKIT412E999.jpg,MCAS Legacy SKU Asset Check
SUKIT403E999,https://www.mcas.com.au/assets/full/SUKIT403E999.webp,MCAS Legacy SKU Asset Check
SUKIT415E999,https://www.mcas.com.au/assets/full/SUKIT415E999.jpg,MCAS Legacy SKU Asset Check
SUKIT414FE999,https://www.mcas.com.au/assets/full/SUKIT414FE999.jpg,MCAS Legacy SKU Asset Check
SUKIT406E999,https://www.mcas.com.au/assets/full/SUKIT406E999.webp,MCAS Legacy SKU Asset Check
SUKIT416DFLU,https://www.mcas.com.au/assets/full/SUKIT416DFLU.jpg,MCAS Legacy SKU Asset Check
SUKIT409FE001,https://www.mcas.com.au/assets/full/SUKIT409FE001.webp,MCAS Legacy SKU Asset Check
SUKIT407FE999,https://www.mcas.com.au/assets/full/SUKIT407FE999.webp,MCAS Legacy SKU Asset Check
SUKIT416E999,https://www.mcas.com.au/assets/full/SUKIT416E999.jpg,MCAS Legacy SKU Asset Check
SUKIT412E041,https://www.mcas.com.au/assets/full/SUKIT412E041.webp,MCAS Legacy SKU Asset Check
SUKIT417E041,https://www.mcas.com.au/assets/full/SUKIT417E041.jpg,MCAS Legacy SKU Asset Check
SU-1017,https://www.mcas.com.au/assets/full/SU-1017.webp,MCAS Legacy SKU Asset Check
SUKIT417DFLU,https://www.mcas.com.au/assets/full/SUKIT417DFLU.jpg,MCAS Legacy SKU Asset Check
SUKIT417FE999,https://www.mcas.com.au/assets/full/SUKIT417FE999.jpg,MCAS Legacy SKU Asset Check
SUKIT415E041,https://www.mcas.com.au/assets/full/SUKIT415E041.webp,MCAS Legacy SKU Asset Check
SUKIT418E041,https://www.mcas.com.au/assets/full/SUKIT418E041.jpg,MCAS Legacy SKU Asset Check
SUKIT418DFLU,https://www.mcas.com.au/assets/full/SUKIT418DFLU.jpg,MCAS Legacy SKU Asset Check
SUKIT418E001,https://www.mcas.com.au/assets/full/SUKIT418E001.jpg,MCAS Legacy SKU Asset Check
SUKIT418FEDFLU,https://www.mcas.com.au/assets/full/SUKIT418FEDFLU.jpg,MCAS Legacy SKU Asset Check
SUKIT416E041,https://www.mcas.com.au/assets/full/SUKIT416E041.webp,MCAS Legacy SKU Asset Check
SUKIT418FE999,https://www.mcas.com.au/assets/full/SUKIT418FE999.webp,MCAS Legacy SKU Asset Check
SUKIT418E999,https://www.mcas.com.au/assets/full/SUKIT418E999.webp,MCAS Legacy SKU Asset Check
SUKIT416FE999,https://www.mcas.com.au/assets/full/SUKIT416FE999.webp,MCAS Legacy SKU Asset Check
SUKIT418FE001,https://www.mcas.com.au/assets/full/SUKIT418FE001.webp,MCAS Legacy SKU Asset Check
TJ0055BK04,https://www.mcas.com.au/assets/full/TJ0055BK04.webp,MCAS Legacy SKU Asset Check
TJ0055BK06,https://www.mcas.com.au/assets/full/TJ0055BK06.webp,MCAS Legacy SKU Asset Check
TJ0055BK03,https://www.mcas.com.au/assets/full/TJ0055BK03.webp,MCAS Legacy SKU Asset Check
TJ0055BK07,https://www.mcas.com.au/assets/full/TJ0055BK07.webp,MCAS Legacy SKU Asset Check
TJ0055BK08,https://www.mcas.com.au/assets/full/TJ0055BK08.webp,MCAS Legacy SKU Asset Check
TJ0055BK05,https://www.mcas.com.au/assets/full/TJ0055BK05.webp,MCAS Legacy SKU Asset Check
TJBK1,https://www.mcas.com.au/assets/full/TJBK1.jpg,MCAS Legacy SKU Asset Check
TJBK2,https://www.mcas.com.au/assets/full/TJBK2.jpg,MCAS Legacy SKU Asset Check
TJBK3,https://www.mcas.com.au/assets/full/TJBK3.jpg,MCAS Legacy SKU Asset Check
TJBK4,https://www.mcas.com.au/assets/full/TJBK4.jpg,MCAS Legacy SKU Asset Check
TJBK5,https://www.mcas.com.au/assets/full/TJBK5.jpg,MCAS Legacy SKU Asset Check
TJBK6,https://www.mcas.com.au/assets/full/TJBK6.jpg,MCAS Legacy SKU Asset Check
TJBK7,https://www.mcas.com.au/assets/full/TJBK7.jpg,MCAS Legacy SKU Asset Check
TJBK8,https://www.mcas.com.au/assets/full/TJBK8.jpg,MCAS Legacy SKU Asset Check
TJBK9,https://www.mcas.com.au/assets/full/TJBK9.jpg,MCAS Legacy SKU Asset Check
TL2119KIT,https://www.mcas.com.au/assets/full/TL2119KIT.jpg,MCAS Legacy SKU Asset Check
TL3112KIT,https://www.mcas.com.au/assets/full/TL3112KIT.jpg,MCAS Legacy SKU Asset Check
TL1161KIT,https://www.mcas.com.au/assets/full/TL1161KIT.jpg,MCAS Legacy SKU Asset Check
TL1146KIT,https://www.mcas.com.au/assets/full/TL1146KIT.jpg,MCAS Legacy SKU Asset Check
TL5108CAMKIT,https://www.mcas.com.au/assets/full/TL5108CAMKIT.jpg,MCAS Legacy SKU Asset Check
TL5108PLRKIT,https://www.mcas.com.au/assets/full/TL5108PLRKIT.jpg,MCAS Legacy SKU Asset Check
TL3114KIT,https://www.mcas.com.au/assets/full/TL3114KIT.jpg,MCAS Legacy SKU Asset Check
TL1156KIT,https://www.mcas.com.au/assets/full/TL1156KIT.jpg,MCAS Legacy SKU Asset Check
TL5112KIT,https://www.mcas.com.au/assets/full/TL5112KIT.jpg,MCAS Legacy SKU Asset Check
TL5134KIT,https://www.mcas.com.au/assets/full/TL5134KIT.jpg,MCAS Legacy SKU Asset Check
TL8400KIT,https://www.mcas.com.au/assets/full/TL8400KIT.jpg,MCAS Legacy SKU Asset Check
TL6415KIT,https://www.mcas.com.au/assets/full/TL6415KIT.jpg,MCAS Legacy SKU Asset Check
TL8705KIT,https://www.mcas.com.au/assets/full/TL8705KIT.jpg,MCAS Legacy SKU Asset Check
TL8704KIT,https://www.mcas.com.au/assets/full/TL8704KIT.jpg,MCAS Legacy SKU Asset Check
TL1178KIT,https://www.mcas.com.au/assets/full/TL1178KIT.webp,MCAS Legacy SKU Asset Check
TL7711KIT,https://www.mcas.com.au/assets/full/TL7711KIT.webp,MCAS Legacy SKU Asset Check
TMBKT001,https://www.mcas.com.au/assets/full/TMBKT001.jpg,MCAS Legacy SKU Asset Check
TMT6407,https://www.mcas.com.au/assets/full/TMT6407.jpg,MCAS Legacy SKU Asset Check
TM418,https://www.mcas.com.au/assets/full/TM418.jpg,MCAS Legacy SKU Asset Check
TMBAG004,https://www.mcas.com.au/assets/full/TMBAG004.jpg,MCAS Legacy SKU Asset Check
TMT8704,https://www.mcas.com.au/assets/full/TMT8704.jpg,MCAS Legacy SKU Asset Check
TMT5115,https://www.mcas.com.au/assets/full/TMT5115.jpg,MCAS Legacy SKU Asset Check
TMBAG015,https://www.mcas.com.au/assets/full/TMBAG015.jpg,MCAS Legacy SKU Asset Check
TN1111,https://www.mcas.com.au/assets/full/TN1111.jpg,MCAS Legacy SKU Asset Check
TMT9056,https://www.mcas.com.au/assets/full/TMT9056.jpg,MCAS Legacy SKU Asset Check
TN1139,https://www.mcas.com.au/assets/full/TN1139.jpg,MCAS Legacy SKU Asset Check
TN1144,https://www.mcas.com.au/assets/full/TN1144.jpg,MCAS Legacy SKU Asset Check
TN1121,https://www.mcas.com.au/assets/full/TN1121.jpg,MCAS Legacy SKU Asset Check
TN1160,https://www.mcas.com.au/assets/full/TN1160.jpg,MCAS Legacy SKU Asset Check
TN1151,https://www.mcas.com.au/assets/full/TN1151.jpg,MCAS Legacy SKU Asset Check
TN1162,https://www.mcas.com.au/assets/full/TN1162.jpg,MCAS Legacy SKU Asset Check
TN1161OX,https://www.mcas.com.au/assets/full/TN1161OX.jpg,MCAS Legacy SKU Asset Check
TN1178,https://www.mcas.com.au/assets/full/TN1178.jpg,MCAS Legacy SKU Asset Check
TN1171,https://www.mcas.com.au/assets/full/TN1171.jpg,MCAS Legacy SKU Asset Check
TN1194,https://www.mcas.com.au/assets/full/TN1194.jpg,MCAS Legacy SKU Asset Check
TN1184,https://www.mcas.com.au/assets/full/TN1184.jpg,MCAS Legacy SKU Asset Check
TMT1210,https://www.mcas.com.au/assets/full/TMT1210.webp,MCAS Legacy SKU Asset Check
TMT6424,https://www.mcas.com.au/assets/full/TMT6424.webp,MCAS Legacy SKU Asset Check
TN2105,https://www.mcas.com.au/assets/full/TN2105.jpg,MCAS Legacy SKU Asset Check
TN2130,https://www.mcas.com.au/assets/full/TN2130.jpg,MCAS Legacy SKU Asset Check
TN2122,https://www.mcas.com.au/assets/full/TN2122.jpg,MCAS Legacy SKU Asset Check
TN1110,https://www.mcas.com.au/assets/full/TN1110.webp,MCAS Legacy SKU Asset Check
TN2158,https://www.mcas.com.au/assets/full/TN2158.jpg,MCAS Legacy SKU Asset Check
TN2139,https://www.mcas.com.au/assets/full/TN2139.jpg,MCAS Legacy SKU Asset Check
TN2145,https://www.mcas.com.au/assets/full/TN2145.jpg,MCAS Legacy SKU Asset Check
TN2165,https://www.mcas.com.au/assets/full/TN2165.jpg,MCAS Legacy SKU Asset Check
TN226,https://www.mcas.com.au/assets/full/TN226.jpg,MCAS Legacy SKU Asset Check
TN3101,https://www.mcas.com.au/assets/full/TN3101.jpg,MCAS Legacy SKU Asset Check
TN3117,https://www.mcas.com.au/assets/full/TN3117.jpg,MCAS Legacy SKU Asset Check
TN3116,https://www.mcas.com.au/assets/full/TN3116.jpg,MCAS Legacy SKU Asset Check
TN3105,https://www.mcas.com.au/assets/full/TN3105.jpg,MCAS Legacy SKU Asset Check
TN1203,https://www.mcas.com.au/assets/full/TN1203.webp,MCAS Legacy SKU Asset Check
TN347,https://www.mcas.com.au/assets/full/TN347.jpg,MCAS Legacy SKU Asset Check
TN352,https://www.mcas.com.au/assets/full/TN352.jpg,MCAS Legacy SKU Asset Check
TN1196B,https://www.mcas.com.au/assets/full/TN1196B.webp,MCAS Legacy SKU Asset Check
TN1214,https://www.mcas.com.au/assets/full/TN1214.webp,MCAS Legacy SKU Asset Check
TN354,https://www.mcas.com.au/assets/full/TN354.jpg,MCAS Legacy SKU Asset Check
TN357,https://www.mcas.com.au/assets/full/TN357.jpg,MCAS Legacy SKU Asset Check
TN355,https://www.mcas.com.au/assets/full/TN355.jpg,MCAS Legacy SKU Asset Check
TN358,https://www.mcas.com.au/assets/full/TN358.jpg,MCAS Legacy SKU Asset Check
TN1210,https://www.mcas.com.au/assets/full/TN1210.webp,MCAS Legacy SKU Asset Check
TN1201,https://www.mcas.com.au/assets/full/TN1201.webp,MCAS Legacy SKU Asset Check
TN1212,https://www.mcas.com.au/assets/full/TN1212.webp,MCAS Legacy SKU Asset Check
TN2159B,https://www.mcas.com.au/assets/full/TN2159B.webp,MCAS Legacy SKU Asset Check
TN2148B,https://www.mcas.com.au/assets/full/TN2148B.webp,MCAS Legacy SKU Asset Check
TN2128,https://www.mcas.com.au/assets/full/TN2128.webp,MCAS Legacy SKU Asset Check
TN1208,https://www.mcas.com.au/assets/full/TN1208.webp,MCAS Legacy SKU Asset Check
TN369,https://www.mcas.com.au/assets/full/TN369.jpg,MCAS Legacy SKU Asset Check
TN366,https://www.mcas.com.au/assets/full/TN366.jpg,MCAS Legacy SKU Asset Check
TN4113,https://www.mcas.com.au/assets/full/TN4113.jpg,MCAS Legacy SKU Asset Check
TN4121,https://www.mcas.com.au/assets/full/TN4121.jpg,MCAS Legacy SKU Asset Check
TN4114,https://www.mcas.com.au/assets/full/TN4114.jpg,MCAS Legacy SKU Asset Check
TN4133,https://www.mcas.com.au/assets/full/TN4133.jpg,MCAS Legacy SKU Asset Check
TN4126,https://www.mcas.com.au/assets/full/TN4126.jpg,MCAS Legacy SKU Asset Check
TN453,https://www.mcas.com.au/assets/full/TN453.jpg,MCAS Legacy SKU Asset Check
TN421,https://www.mcas.com.au/assets/full/TN421.jpg,MCAS Legacy SKU Asset Check
TN5108,https://www.mcas.com.au/assets/full/TN5108.jpg,MCAS Legacy SKU Asset Check
TN456,https://www.mcas.com.au/assets/full/TN456.jpg,MCAS Legacy SKU Asset Check
TN5103,https://www.mcas.com.au/assets/full/TN5103.jpg,MCAS Legacy SKU Asset Check
TN3127,https://www.mcas.com.au/assets/full/TN3127.webp,MCAS Legacy SKU Asset Check
TN3126,https://www.mcas.com.au/assets/full/TN3126.webp,MCAS Legacy SKU Asset Check
TN455,https://www.mcas.com.au/assets/full/TN455.jpg,MCAS Legacy SKU Asset Check
TN5119,https://www.mcas.com.au/assets/full/TN5119.jpg,MCAS Legacy SKU Asset Check
TN5135,https://www.mcas.com.au/assets/full/TN5135.jpg,MCAS Legacy SKU Asset Check
TN5108KIT,https://www.mcas.com.au/assets/full/TN5108KIT.jpg,MCAS Legacy SKU Asset Check
TN5128,https://www.mcas.com.au/assets/full/TN5128.jpg,MCAS Legacy SKU Asset Check
TN5126,https://www.mcas.com.au/assets/full/TN5126.jpg,MCAS Legacy SKU Asset Check
TN3125,https://www.mcas.com.au/assets/full/TN3125.webp,MCAS Legacy SKU Asset Check
TN5129,https://www.mcas.com.au/assets/full/TN5129.jpg,MCAS Legacy SKU Asset Check
TN5137,https://www.mcas.com.au/assets/full/TN5137.jpg,MCAS Legacy SKU Asset Check
TN539,https://www.mcas.com.au/assets/full/TN539.jpg,MCAS Legacy SKU Asset Check
TN532,https://www.mcas.com.au/assets/full/TN532.jpg,MCAS Legacy SKU Asset Check
TN535,https://www.mcas.com.au/assets/full/TN535.jpg,MCAS Legacy SKU Asset Check
TN528,https://www.mcas.com.au/assets/full/TN528.jpg,MCAS Legacy SKU Asset Check
TN6410,https://www.mcas.com.au/assets/full/TN6410.jpg,MCAS Legacy SKU Asset Check
TN6415,https://www.mcas.com.au/assets/full/TN6415.jpg,MCAS Legacy SKU Asset Check
TN6421,https://www.mcas.com.au/assets/full/TN6421.jpg,MCAS Legacy SKU Asset Check
TN4132,https://www.mcas.com.au/assets/full/TN4132.webp,MCAS Legacy SKU Asset Check
TN690,https://www.mcas.com.au/assets/full/TN690.jpg,MCAS Legacy SKU Asset Check
TN6710,https://www.mcas.com.au/assets/full/TN6710.jpg,MCAS Legacy SKU Asset Check
TN6422,https://www.mcas.com.au/assets/full/TN6422.jpg,MCAS Legacy SKU Asset Check
TN7406B,https://www.mcas.com.au/assets/full/TN7406B.jpg,MCAS Legacy SKU Asset Check
TN691,https://www.mcas.com.au/assets/full/TN691.jpg,MCAS Legacy SKU Asset Check
TN7401,https://www.mcas.com.au/assets/full/TN7401.jpg,MCAS Legacy SKU Asset Check
TN7408,https://www.mcas.com.au/assets/full/TN7408.jpg,MCAS Legacy SKU Asset Check
TN7413,https://www.mcas.com.au/assets/full/TN7413.jpg,MCAS Legacy SKU Asset Check
TN7703,https://www.mcas.com.au/assets/full/TN7703.jpg,MCAS Legacy SKU Asset Check
TN8202,https://www.mcas.com.au/assets/full/TN8202.jpg,MCAS Legacy SKU Asset Check
TN5143,https://www.mcas.com.au/assets/full/TN5143.webp,MCAS Legacy SKU Asset Check
TN5138,https://www.mcas.com.au/assets/full/TN5138.webp,MCAS Legacy SKU Asset Check
TN7710,https://www.mcas.com.au/assets/full/TN7710.jpg,MCAS Legacy SKU Asset Check
TN7708,https://www.mcas.com.au/assets/full/TN7708.jpg,MCAS Legacy SKU Asset Check
TN8203,https://www.mcas.com.au/assets/full/TN8203.jpg,MCAS Legacy SKU Asset Check
TN6418,https://www.mcas.com.au/assets/full/TN6418.webp,MCAS Legacy SKU Asset Check
TN6424,https://www.mcas.com.au/assets/full/TN6424.webp,MCAS Legacy SKU Asset Check
TN6409,https://www.mcas.com.au/assets/full/TN6409.webp,MCAS Legacy SKU Asset Check
TN8400,https://www.mcas.com.au/assets/full/TN8400.jpg,MCAS Legacy SKU Asset Check
TN8703KIT,https://www.mcas.com.au/assets/full/TN8703KIT.jpg,MCAS Legacy SKU Asset Check
TN9053,https://www.mcas.com.au/assets/full/TN9053.jpg,MCAS Legacy SKU Asset Check
TN9058,https://www.mcas.com.au/assets/full/TN9058.jpg,MCAS Legacy SKU Asset Check
TNH1144,https://www.mcas.com.au/assets/full/TNH1144.jpg,MCAS Legacy SKU Asset Check
TN7407,https://www.mcas.com.au/assets/full/TN7407.webp,MCAS Legacy SKU Asset Check
TNH1171,https://www.mcas.com.au/assets/full/TNH1171.jpg,MCAS Legacy SKU Asset Check
TN7713,https://www.mcas.com.au/assets/full/TN7713.webp,MCAS Legacy SKU Asset Check
TN7717OR,https://www.mcas.com.au/assets/full/TN7717OR.webp,MCAS Legacy SKU Asset Check
TN7711,https://www.mcas.com.au/assets/full/TN7711.webp,MCAS Legacy SKU Asset Check
TNH1178,https://www.mcas.com.au/assets/full/TNH1178.jpg,MCAS Legacy SKU Asset Check
TNH1179,https://www.mcas.com.au/assets/full/TNH1179.jpg,MCAS Legacy SKU Asset Check
TNH1201KIT,https://www.mcas.com.au/assets/full/TNH1201KIT.jpg,MCAS Legacy SKU Asset Check
TN9051,https://www.mcas.com.au/assets/full/TN9051.webp,MCAS Legacy SKU Asset Check
TN8207,https://www.mcas.com.au/assets/full/TN8207.webp,MCAS Legacy SKU Asset Check
TN9050,https://www.mcas.com.au/assets/full/TN9050.webp,MCAS Legacy SKU Asset Check
TN8703,https://www.mcas.com.au/assets/full/TN8703.webp,MCAS Legacy SKU Asset Check
TNH1201,https://www.mcas.com.au/assets/full/TNH1201.jpg,MCAS Legacy SKU Asset Check
TN8717,https://www.mcas.com.au/assets/full/TN8717.webp,MCAS Legacy SKU Asset Check
TN9056,https://www.mcas.com.au/assets/full/TN9056.webp,MCAS Legacy SKU Asset Check
TN8704,https://www.mcas.com.au/assets/full/TN8704.webp,MCAS Legacy SKU Asset Check
TN9150,https://www.mcas.com.au/assets/full/TN9150.webp,MCAS Legacy SKU Asset Check
TNH5124,https://www.mcas.com.au/assets/full/TNH5124.jpg,MCAS Legacy SKU Asset Check
TNH8703,https://www.mcas.com.au/assets/full/TNH8703.jpg,MCAS Legacy SKU Asset Check
TN9222,https://www.mcas.com.au/assets/full/TN9222.webp,MCAS Legacy SKU Asset Check
TN9226,https://www.mcas.com.au/assets/full/TN9226.webp,MCAS Legacy SKU Asset Check
TP0001BKDCF1,https://www.mcas.com.au/assets/full/TP0001BKDCF1.jpg,MCAS Legacy SKU Asset Check
TP0004BKGYDS,https://www.mcas.com.au/assets/full/TP0004BKGYDS.jpg,MCAS Legacy SKU Asset Check
TNH1203,https://www.mcas.com.au/assets/full/TNH1203.webp,MCAS Legacy SKU Asset Check
TNH2130,https://www.mcas.com.au/assets/full/TNH2130.webp,MCAS Legacy SKU Asset Check
TNH5108,https://www.mcas.com.au/assets/full/TNH5108.webp,MCAS Legacy SKU Asset Check
TNH1209,https://www.mcas.com.au/assets/full/TNH1209.webp,MCAS Legacy SKU Asset Check
TP0005BKYE2,https://www.mcas.com.au/assets/full/TP0005BKYE2.jpg,MCAS Legacy SKU Asset Check
TP0005BKYE1,https://www.mcas.com.au/assets/full/TP0005BKYE1.jpg,MCAS Legacy SKU Asset Check
TNH5146OX,https://www.mcas.com.au/assets/full/TNH5146OX.webp,MCAS Legacy SKU Asset Check
TNH5143,https://www.mcas.com.au/assets/full/TNH5143.webp,MCAS Legacy SKU Asset Check
TP0008BKDCF1,https://www.mcas.com.au/assets/full/TP0008BKDCF1.jpg,MCAS Legacy SKU Asset Check
TP0008BK2,https://www.mcas.com.au/assets/full/TP0008BK2.jpg,MCAS Legacy SKU Asset Check
TP0008BKDCF2,https://www.mcas.com.au/assets/full/TP0008BKDCF2.jpg,MCAS Legacy SKU Asset Check
TP0009GYBK05,https://www.mcas.com.au/assets/full/TP0009GYBK05.jpg,MCAS Legacy SKU Asset Check
TP0009GYBK08,https://www.mcas.com.au/assets/full/TP0009GYBK08.jpg,MCAS Legacy SKU Asset Check
TP0009GYBK10,https://www.mcas.com.au/assets/full/TP0009GYBK10.jpg,MCAS Legacy SKU Asset Check
TP0008BKDXS,https://www.mcas.com.au/assets/full/TP0008BKDXS.jpg,MCAS Legacy SKU Asset Check
TP0011BK10,https://www.mcas.com.au/assets/full/TP0011BK10.jpg,MCAS Legacy SKU Asset Check
TP0009BK10,https://www.mcas.com.au/assets/full/TP0009BK10.jpg,MCAS Legacy SKU Asset Check
TP0009SND03,https://www.mcas.com.au/assets/full/TP0009SND03.jpg,MCAS Legacy SKU Asset Check
TP0011BK01,https://www.mcas.com.au/assets/full/TP0011BK01.jpg,MCAS Legacy SKU Asset Check
TP0011BK11,https://www.mcas.com.au/assets/full/TP0011BK11.jpg,MCAS Legacy SKU Asset Check
TP0009GYBKD05,https://www.mcas.com.au/assets/full/TP0009GYBKD05.png,MCAS Legacy SKU Asset Check
TP0011BKWH04,https://www.mcas.com.au/assets/full/TP0011BKWH04.jpg,MCAS Legacy SKU Asset Check
TP0011BKWH03,https://www.mcas.com.au/assets/full/TP0011BKWH03.jpg,MCAS Legacy SKU Asset Check
TP0011BKWH07,https://www.mcas.com.au/assets/full/TP0011BKWH07.jpg,MCAS Legacy SKU Asset Check
TP0011BKWH06,https://www.mcas.com.au/assets/full/TP0011BKWH06.jpg,MCAS Legacy SKU Asset Check
TP0009GYBKD08,https://www.mcas.com.au/assets/full/TP0009GYBKD08.png,MCAS Legacy SKU Asset Check
TP0011BKWH08,https://www.mcas.com.au/assets/full/TP0011BKWH08.jpg,MCAS Legacy SKU Asset Check
TP0009GYBKD07,https://www.mcas.com.au/assets/full/TP0009GYBKD07.png,MCAS Legacy SKU Asset Check
TP0011BK12,https://www.mcas.com.au/assets/full/TP0011BK12.jpg,MCAS Legacy SKU Asset Check
TP0009GYBKD04,https://www.mcas.com.au/assets/full/TP0009GYBKD04.png,MCAS Legacy SKU Asset Check
TP0011BKWHD03,https://www.mcas.com.au/assets/full/TP0011BKWHD03.jpg,MCAS Legacy SKU Asset Check
TP0011BKWH09,https://www.mcas.com.au/assets/full/TP0011BKWH09.jpg,MCAS Legacy SKU Asset Check
TP0011BKWHD04,https://www.mcas.com.au/assets/full/TP0011BKWHD04.jpg,MCAS Legacy SKU Asset Check
TP0011BKWHD05,https://www.mcas.com.au/assets/full/TP0011BKWHD05.jpg,MCAS Legacy SKU Asset Check
TP0011BKWH05,https://www.mcas.com.au/assets/full/TP0011BKWH05.jpg,MCAS Legacy SKU Asset Check
TP0011BKWHD07,https://www.mcas.com.au/assets/full/TP0011BKWHD07.jpg,MCAS Legacy SKU Asset Check
TP0009GYBKD06,https://www.mcas.com.au/assets/full/TP0009GYBKD06.png,MCAS Legacy SKU Asset Check
TP0011BKWHD06,https://www.mcas.com.au/assets/full/TP0011BKWHD06.jpg,MCAS Legacy SKU Asset Check
TP0011BKYE10,https://www.mcas.com.au/assets/full/TP0011BKYE10.jpg,MCAS Legacy SKU Asset Check
TP0011BKWHD08,https://www.mcas.com.au/assets/full/TP0011BKWHD08.jpg,MCAS Legacy SKU Asset Check
TP0013BK06,https://www.mcas.com.au/assets/full/TP0013BK06.jpg,MCAS Legacy SKU Asset Check
TP0011BKYE02,https://www.mcas.com.au/assets/full/TP0011BKYE02.jpg,MCAS Legacy SKU Asset Check
TP0011BKYE01,https://www.mcas.com.au/assets/full/TP0011BKYE01.jpg,MCAS Legacy SKU Asset Check
TP0011BKYE11,https://www.mcas.com.au/assets/full/TP0011BKYE11.jpg,MCAS Legacy SKU Asset Check
TP0011BKYE06,https://www.mcas.com.au/assets/full/TP0011BKYE06.jpg,MCAS Legacy SKU Asset Check
TP0013BK04,https://www.mcas.com.au/assets/full/TP0013BK04.jpg,MCAS Legacy SKU Asset Check
TP0013BK09,https://www.mcas.com.au/assets/full/TP0013BK09.jpg,MCAS Legacy SKU Asset Check
TP0013BK08,https://www.mcas.com.au/assets/full/TP0013BK08.jpg,MCAS Legacy SKU Asset Check
TP0013BK05,https://www.mcas.com.au/assets/full/TP0013BK05.jpg,MCAS Legacy SKU Asset Check
TP0013BK07,https://www.mcas.com.au/assets/full/TP0013BK07.jpg,MCAS Legacy SKU Asset Check
TP0015BK07,https://www.mcas.com.au/assets/full/TP0015BK07.jpg,MCAS Legacy SKU Asset Check
TP0015BK11,https://www.mcas.com.au/assets/full/TP0015BK11.jpg,MCAS Legacy SKU Asset Check
TP0015BK09,https://www.mcas.com.au/assets/full/TP0015BK09.jpg,MCAS Legacy SKU Asset Check
TP0015BK10,https://www.mcas.com.au/assets/full/TP0015BK10.jpg,MCAS Legacy SKU Asset Check
TP0014BK05,https://www.mcas.com.au/assets/full/TP0014BK05.png,MCAS Legacy SKU Asset Check
TP0014BK06,https://www.mcas.com.au/assets/full/TP0014BK06.png,MCAS Legacy SKU Asset Check
TP0014BK07,https://www.mcas.com.au/assets/full/TP0014BK07.png,MCAS Legacy SKU Asset Check
TPBK11,https://www.mcas.com.au/assets/full/TPBK11.jpg,MCAS Legacy SKU Asset Check
TPBK1,https://www.mcas.com.au/assets/full/TPBK1.jpg,MCAS Legacy SKU Asset Check
TPBK2,https://www.mcas.com.au/assets/full/TPBK2.jpg,MCAS Legacy SKU Asset Check
TPBK6,https://www.mcas.com.au/assets/full/TPBK6.jpg,MCAS Legacy SKU Asset Check
TPBK3,https://www.mcas.com.au/assets/full/TPBK3.jpg,MCAS Legacy SKU Asset Check
TPBK4,https://www.mcas.com.au/assets/full/TPBK4.jpg,MCAS Legacy SKU Asset Check
TPBK9,https://www.mcas.com.au/assets/full/TPBK9.jpg,MCAS Legacy SKU Asset Check
TPBK7,https://www.mcas.com.au/assets/full/TPBK7.jpg,MCAS Legacy SKU Asset Check
TPBK5,https://www.mcas.com.au/assets/full/TPBK5.jpg,MCAS Legacy SKU Asset Check
TPBK8,https://www.mcas.com.au/assets/full/TPBK8.jpg,MCAS Legacy SKU Asset Check
TR1165,https://www.mcas.com.au/assets/full/TR1165.jpg,MCAS Legacy SKU Asset Check
TR1185,https://www.mcas.com.au/assets/full/TR1185.jpg,MCAS Legacy SKU Asset Check
TR2156,https://www.mcas.com.au/assets/full/TR2156.jpg,MCAS Legacy SKU Asset Check
TR4128,https://www.mcas.com.au/assets/full/TR4128.jpg,MCAS Legacy SKU Asset Check
TR3126,https://www.mcas.com.au/assets/full/TR3126.jpg,MCAS Legacy SKU Asset Check
TR6420,https://www.mcas.com.au/assets/full/TR6420.jpg,MCAS Legacy SKU Asset Check
TR6419,https://www.mcas.com.au/assets/full/TR6419.jpg,MCAS Legacy SKU Asset Check
TR4118,https://www.mcas.com.au/assets/full/TR4118.jpg,MCAS Legacy SKU Asset Check
TR5IX,https://www.mcas.com.au/assets/full/TR5IX.jpg,MCAS Legacy SKU Asset Check
TRK33B,https://www.mcas.com.au/assets/full/TRK33B.jpg,MCAS Legacy SKU Asset Check
TRK33BPACK2,https://www.mcas.com.au/assets/full/TRK33BPACK2.jpg,MCAS Legacy SKU Asset Check
TRK33N,https://www.mcas.com.au/assets/full/TRK33N.jpg,MCAS Legacy SKU Asset Check
TRK33PACK2,https://www.mcas.com.au/assets/full/TRK33PACK2.jpg,MCAS Legacy SKU Asset Check
TR2157,https://www.mcas.com.au/assets/full/TR2157.jpg,MCAS Legacy SKU Asset Check
TRK35N,https://www.mcas.com.au/assets/full/TRK35N.jpg,MCAS Legacy SKU Asset Check
TRK35BPACK2,https://www.mcas.com.au/assets/full/TRK35BPACK2.jpg,MCAS Legacy SKU Asset Check
TRK46B,https://www.mcas.com.au/assets/full/TRK46B.jpg,MCAS Legacy SKU Asset Check
TRK46PACK2,https://www.mcas.com.au/assets/full/TRK46PACK2.jpg,MCAS Legacy SKU Asset Check
TRK46N,https://www.mcas.com.au/assets/full/TRK46N.jpg,MCAS Legacy SKU Asset Check
TRK46BPACK2,https://www.mcas.com.au/assets/full/TRK46BPACK2.jpg,MCAS Legacy SKU Asset Check
TRK52N,https://www.mcas.com.au/assets/full/TRK52N.jpg,MCAS Legacy SKU Asset Check
TRK35PACK2,https://www.mcas.com.au/assets/full/TRK35PACK2.jpg,MCAS Legacy SKU Asset Check
TR2169,https://www.mcas.com.au/assets/full/TR2169.webp,MCAS Legacy SKU Asset Check
TR9058,https://www.mcas.com.au/assets/full/TR9058.webp,MCAS Legacy SKU Asset Check
TR2171,https://www.mcas.com.au/assets/full/TR2171.webp,MCAS Legacy SKU Asset Check
TRUM030,https://www.mcas.com.au/assets/full/TRUM030.webp,MCAS Legacy SKU Asset Check
TRUM013,https://www.mcas.com.au/assets/full/TRUM013.webp,MCAS Legacy SKU Asset Check
TS1160B,https://www.mcas.com.au/assets/full/TS1160B.jpg,MCAS Legacy SKU Asset Check
TS4115B,https://www.mcas.com.au/assets/full/TS4115B.jpg,MCAS Legacy SKU Asset Check
TS1194B,https://www.mcas.com.au/assets/full/TS1194B.jpg,MCAS Legacy SKU Asset Check
TRUM033,https://www.mcas.com.au/assets/full/TRUM033.webp,MCAS Legacy SKU Asset Check
TRUM035,https://www.mcas.com.au/assets/full/TRUM035.webp,MCAS Legacy SKU Asset Check
TRUM034,https://www.mcas.com.au/assets/full/TRUM034.webp,MCAS Legacy SKU Asset Check
TS807,https://www.mcas.com.au/assets/full/TS807.jpg,MCAS Legacy SKU Asset Check
TS824,https://www.mcas.com.au/assets/full/TS824.jpg,MCAS Legacy SKU Asset Check
TS848,https://www.mcas.com.au/assets/full/TS848.jpg,MCAS Legacy SKU Asset Check
TST2129,https://www.mcas.com.au/assets/full/TST2129.jpg,MCAS Legacy SKU Asset Check
TS9058B,https://www.mcas.com.au/assets/full/TS9058B.jpg,MCAS Legacy SKU Asset Check
TST3113,https://www.mcas.com.au/assets/full/TST3113.jpg,MCAS Legacy SKU Asset Check
TST2132,https://www.mcas.com.au/assets/full/TST2132.jpg,MCAS Legacy SKU Asset Check
TSP125,https://www.mcas.com.au/assets/full/TSP125.jpg,MCAS Legacy SKU Asset Check
TSP250,https://www.mcas.com.au/assets/full/TSP250.jpg,MCAS Legacy SKU Asset Check
TSP500,https://www.mcas.com.au/assets/full/TSP500.jpg,MCAS Legacy SKU Asset Check
TSP1000,https://www.mcas.com.au/assets/full/TSP1000.jpg,MCAS Legacy SKU Asset Check
UFME08064W,https://www.mcas.com.au/assets/full/UFME08064W.webp,MCAS Legacy SKU Asset Check
UFOAC01979,https://www.mcas.com.au/assets/full/UFOAC01979.webp,MCAS Legacy SKU Asset Check
US101004,https://www.mcas.com.au/assets/full/US101004.jpg,MCAS Legacy SKU Asset Check
US101010,https://www.mcas.com.au/assets/full/US101010.jpg,MCAS Legacy SKU Asset Check
US101201,https://www.mcas.com.au/assets/full/US101201.jpg,MCAS Legacy SKU Asset Check
US101204,https://www.mcas.com.au/assets/full/US101204.jpg,MCAS Legacy SKU Asset Check
US101210,https://www.mcas.com.au/assets/full/US101210.jpg,MCAS Legacy SKU Asset Check
US101219,https://www.mcas.com.au/assets/full/US101219.jpg,MCAS Legacy SKU Asset Check
US101208,https://www.mcas.com.au/assets/full/US101208.jpg,MCAS Legacy SKU Asset Check
US101217,https://www.mcas.com.au/assets/full/US101217.jpg,MCAS Legacy SKU Asset Check
US101232,https://www.mcas.com.au/assets/full/US101232.jpg,MCAS Legacy SKU Asset Check
US101002,https://www.mcas.com.au/assets/full/US101002.webp,MCAS Legacy SKU Asset Check
US101032,https://www.mcas.com.au/assets/full/US101032.webp,MCAS Legacy SKU Asset Check
US101228,https://www.mcas.com.au/assets/full/US101228.jpg,MCAS Legacy SKU Asset Check
US101207,https://www.mcas.com.au/assets/full/US101207.webp,MCAS Legacy SKU Asset Check
US202070025,https://www.mcas.com.au/assets/full/US202070025.jpg,MCAS Legacy SKU Asset Check
US10102401,https://www.mcas.com.au/assets/full/US10102401.webp,MCAS Legacy SKU Asset Check
US10302401,https://www.mcas.com.au/assets/full/US10302401.jpg,MCAS Legacy SKU Asset Check
US2024326,https://www.mcas.com.au/assets/full/US2024326.jpg,MCAS Legacy SKU Asset Check
US2034601,https://www.mcas.com.au/assets/full/US2034601.jpg,MCAS Legacy SKU Asset Check
US2043401,https://www.mcas.com.au/assets/full/US2043401.jpg,MCAS Legacy SKU Asset Check
US204059001,https://www.mcas.com.au/assets/full/US204059001.jpg,MCAS Legacy SKU Asset Check
US2404935,https://www.mcas.com.au/assets/full/US2404935.jpg,MCAS Legacy SKU Asset Check
US101227,https://www.mcas.com.au/assets/full/US101227.webp,MCAS Legacy SKU Asset Check
US101222,https://www.mcas.com.au/assets/full/US101222.webp,MCAS Legacy SKU Asset Check
US101238,https://www.mcas.com.au/assets/full/US101238.webp,MCAS Legacy SKU Asset Check
US101235,https://www.mcas.com.au/assets/full/US101235.webp,MCAS Legacy SKU Asset Check
US101240,https://www.mcas.com.au/assets/full/US101240.webp,MCAS Legacy SKU Asset Check
US101236,https://www.mcas.com.au/assets/full/US101236.webp,MCAS Legacy SKU Asset Check
US101233,https://www.mcas.com.au/assets/full/US101233.webp,MCAS Legacy SKU Asset Check
US10202401,https://www.mcas.com.au/assets/full/US10202401.webp,MCAS Legacy SKU Asset Check
US101241,https://www.mcas.com.au/assets/full/US101241.webp,MCAS Legacy SKU Asset Check
US10402401,https://www.mcas.com.au/assets/full/US10402401.webp,MCAS Legacy SKU Asset Check
US10602401,https://www.mcas.com.au/assets/full/US10602401.webp,MCAS Legacy SKU Asset Check
US10502401,https://www.mcas.com.au/assets/full/US10502401.webp,MCAS Legacy SKU Asset Check
US2044001,https://www.mcas.com.au/assets/full/US2044001.webp,MCAS Legacy SKU Asset Check
US5202070001,https://www.mcas.com.au/assets/full/US5202070001.webp,MCAS Legacy SKU Asset Check
US5101203701,https://www.mcas.com.au/assets/full/US5101203701.webp,MCAS Legacy SKU Asset Check
US5202076004,https://www.mcas.com.au/assets/full/US5202076004.webp,MCAS Legacy SKU Asset Check
US5101213,https://www.mcas.com.au/assets/full/US5101213.webp,MCAS Legacy SKU Asset Check
US5202076001,https://www.mcas.com.au/assets/full/US5202076001.webp,MCAS Legacy SKU Asset Check
US5204076001,https://www.mcas.com.au/assets/full/US5204076001.webp,MCAS Legacy SKU Asset Check
US5202076048,https://www.mcas.com.au/assets/full/US5202076048.webp,MCAS Legacy SKU Asset Check
US5208090001,https://www.mcas.com.au/assets/full/US5208090001.webp,MCAS Legacy SKU Asset Check
US5208090038,https://www.mcas.com.au/assets/full/US5208090038.webp,MCAS Legacy SKU Asset Check
US5210076001,https://www.mcas.com.au/assets/full/US5210076001.webp,MCAS Legacy SKU Asset Check
US5208090039,https://www.mcas.com.au/assets/full/US5208090039.webp,MCAS Legacy SKU Asset Check
US80210023999116,https://www.mcas.com.au/assets/full/US80210023999116.webp,MCAS Legacy SKU Asset Check
US5212090001,https://www.mcas.com.au/assets/full/US5212090001.webp,MCAS Legacy SKU Asset Check
US80210023999118,https://www.mcas.com.au/assets/full/US80210023999118.webp,MCAS Legacy SKU Asset Check
V-22481AB,https://www.mcas.com.au/assets/full/V-22481AB.jpg,MCAS Legacy SKU Asset Check
V-22584A,https://www.mcas.com.au/assets/full/V-22584A.jpg,MCAS Legacy SKU Asset Check
VOP3BK9,https://www.mcas.com.au/assets/full/VOP3BK9.jpg,MCAS Legacy SKU Asset Check
VP2BKS1,https://www.mcas.com.au/assets/full/VP2BKS1.jpg,MCAS Legacy SKU Asset Check
VP2BKS3,https://www.mcas.com.au/assets/full/VP2BKS3.jpg,MCAS Legacy SKU Asset Check
VP2BKS2,https://www.mcas.com.au/assets/full/VP2BKS2.jpg,MCAS Legacy SKU Asset Check
VPBK2,https://www.mcas.com.au/assets/full/VPBK2.jpg,MCAS Legacy SKU Asset Check
VPBK4,https://www.mcas.com.au/assets/full/VPBK4.jpg,MCAS Legacy SKU Asset Check
VPBK3,https://www.mcas.com.au/assets/full/VPBK3.jpg,MCAS Legacy SKU Asset Check
VPBK5,https://www.mcas.com.au/assets/full/VPBK5.jpg,MCAS Legacy SKU Asset Check
VPBK6,https://www.mcas.com.au/assets/full/VPBK6.jpg,MCAS Legacy SKU Asset Check
VPBK8,https://www.mcas.com.au/assets/full/VPBK8.jpg,MCAS Legacy SKU Asset Check
VPBK9,https://www.mcas.com.au/assets/full/VPBK9.jpg,MCAS Legacy SKU Asset Check
VPBK7,https://www.mcas.com.au/assets/full/VPBK7.jpg,MCAS Legacy SKU Asset Check
XTMBKH001,https://www.mcas.com.au/assets/full/XTMBKH001.jpg,MCAS Legacy SKU Asset Check
XTMBC004,https://www.mcas.com.au/assets/full/XTMBC004.jpg,MCAS Legacy SKU Asset Check
XTMBKK001,https://www.mcas.com.au/assets/full/XTMBKK001.jpg,MCAS Legacy SKU Asset Check
XTMBC003,https://www.mcas.com.au/assets/full/XTMBC003.jpg,MCAS Legacy SKU Asset Check
XTMBKKTM002,https://www.mcas.com.au/assets/full/XTMBKKTM002.jpg,MCAS Legacy SKU Asset Check
XTMBKKTM001,https://www.mcas.com.au/assets/full/XTMBKKTM001.jpg,MCAS Legacy SKU Asset Check
XTMBKK002,https://www.mcas.com.au/assets/full/XTMBKK002.jpg,MCAS Legacy SKU Asset Check
XTMBKKTM003,https://www.mcas.com.au/assets/full/XTMBKKTM003.jpg,MCAS Legacy SKU Asset Check
XTMBKY005,https://www.mcas.com.au/assets/full/XTMBKY005.jpg,MCAS Legacy SKU Asset Check
XTMBKY001,https://www.mcas.com.au/assets/full/XTMBKY001.jpg,MCAS Legacy SKU Asset Check
XTMBKY002,https://www.mcas.com.au/assets/full/XTMBKY002.jpg,MCAS Legacy SKU Asset Check
XTMC001,https://www.mcas.com.au/assets/full/XTMC001.jpg,MCAS Legacy SKU Asset Check
XTMC002,https://www.mcas.com.au/assets/full/XTMC002.jpg,MCAS Legacy SKU Asset Check
XTMCK075,https://www.mcas.com.au/assets/full/XTMCK075.jpg,MCAS Legacy SKU Asset Check
XTMCK073,https://www.mcas.com.au/assets/full/XTMCK073.jpg,MCAS Legacy SKU Asset Check
XTMCK101,https://www.mcas.com.au/assets/full/XTMCK101.jpg,MCAS Legacy SKU Asset Check
XTMCK002,https://www.mcas.com.au/assets/full/XTMCK002.jpg,MCAS Legacy SKU Asset Check
XTMBKY004,https://www.mcas.com.au/assets/full/XTMBKY004.jpg,MCAS Legacy SKU Asset Check
XTMCK105,https://www.mcas.com.au/assets/full/XTMCK105.jpg,MCAS Legacy SKU Asset Check
XTMCK079,https://www.mcas.com.au/assets/full/XTMCK079.jpg,MCAS Legacy SKU Asset Check
XTMCK109,https://www.mcas.com.au/assets/full/XTMCK109.jpg,MCAS Legacy SKU Asset Check
XTMCK119,https://www.mcas.com.au/assets/full/XTMCK119.jpg,MCAS Legacy SKU Asset Check
XTMCK070,https://www.mcas.com.au/assets/full/XTMCK070.jpg,MCAS Legacy SKU Asset Check
XTMCK121,https://www.mcas.com.au/assets/full/XTMCK121.jpg,MCAS Legacy SKU Asset Check
XTMCK110,https://www.mcas.com.au/assets/full/XTMCK110.jpg,MCAS Legacy SKU Asset Check
XTMCK122,https://www.mcas.com.au/assets/full/XTMCK122.jpg,MCAS Legacy SKU Asset Check
XTMCK130,https://www.mcas.com.au/assets/full/XTMCK130.jpg,MCAS Legacy SKU Asset Check
XTMCK155,https://www.mcas.com.au/assets/full/XTMCK155.jpg,MCAS Legacy SKU Asset Check
XTMCK162,https://www.mcas.com.au/assets/full/XTMCK162.jpg,MCAS Legacy SKU Asset Check
XTMCK189,https://www.mcas.com.au/assets/full/XTMCK189.jpg,MCAS Legacy SKU Asset Check
XTMCK113,https://www.mcas.com.au/assets/full/XTMCK113.jpg,MCAS Legacy SKU Asset Check
XTMCK194,https://www.mcas.com.au/assets/full/XTMCK194.jpg,MCAS Legacy SKU Asset Check
XTMCK129,https://www.mcas.com.au/assets/full/XTMCK129.jpg,MCAS Legacy SKU Asset Check
XTMCK195,https://www.mcas.com.au/assets/full/XTMCK195.jpg,MCAS Legacy SKU Asset Check
XTMCK148,https://www.mcas.com.au/assets/full/XTMCK148.jpg,MCAS Legacy SKU Asset Check
XTMCK244,https://www.mcas.com.au/assets/full/XTMCK244.jpg,MCAS Legacy SKU Asset Check
XTMCK158,https://www.mcas.com.au/assets/full/XTMCK158.jpg,MCAS Legacy SKU Asset Check
XTMCK255,https://www.mcas.com.au/assets/full/XTMCK255.jpg,MCAS Legacy SKU Asset Check
XTMCK123,https://www.mcas.com.au/assets/full/XTMCK123.jpg,MCAS Legacy SKU Asset Check
XTMCK208,https://www.mcas.com.au/assets/full/XTMCK208.jpg,MCAS Legacy SKU Asset Check
XTMD001,https://www.mcas.com.au/assets/full/XTMD001.jpg,MCAS Legacy SKU Asset Check
XTMD002,https://www.mcas.com.au/assets/full/XTMD002.jpg,MCAS Legacy SKU Asset Check
XTMD011,https://www.mcas.com.au/assets/full/XTMD011.jpg,MCAS Legacy SKU Asset Check
XTMCK227,https://www.mcas.com.au/assets/full/XTMCK227.jpg,MCAS Legacy SKU Asset Check
XTMCK261,https://www.mcas.com.au/assets/full/XTMCK261.jpg,MCAS Legacy SKU Asset Check
XTMD005,https://www.mcas.com.au/assets/full/XTMD005.jpg,MCAS Legacy SKU Asset Check
XTMD013,https://www.mcas.com.au/assets/full/XTMD013.jpg,MCAS Legacy SKU Asset Check
XTMD015,https://www.mcas.com.au/assets/full/XTMD015.jpg,MCAS Legacy SKU Asset Check
XTMCK299,https://www.mcas.com.au/assets/full/XTMCK299.jpg,MCAS Legacy SKU Asset Check
XTMD014,https://www.mcas.com.au/assets/full/XTMD014.jpg,MCAS Legacy SKU Asset Check
XTMD017,https://www.mcas.com.au/assets/full/XTMD017.jpg,MCAS Legacy SKU Asset Check
XTMD024,https://www.mcas.com.au/assets/full/XTMD024.jpg,MCAS Legacy SKU Asset Check
XTMBS001,https://www.mcas.com.au/assets/full/XTMBS001.webp,MCAS Legacy SKU Asset Check
XTMD030,https://www.mcas.com.au/assets/full/XTMD030.jpg,MCAS Legacy SKU Asset Check
XTMD032,https://www.mcas.com.au/assets/full/XTMD032.jpg,MCAS Legacy SKU Asset Check
XTMD135,https://www.mcas.com.au/assets/full/XTMD135.jpg,MCAS Legacy SKU Asset Check
XTMD058,https://www.mcas.com.au/assets/full/XTMD058.jpg,MCAS Legacy SKU Asset Check
XTMD028,https://www.mcas.com.au/assets/full/XTMD028.jpg,MCAS Legacy SKU Asset Check
XTMD035,https://www.mcas.com.au/assets/full/XTMD035.jpg,MCAS Legacy SKU Asset Check
XTMD037,https://www.mcas.com.au/assets/full/XTMD037.jpg,MCAS Legacy SKU Asset Check
XTMD031,https://www.mcas.com.au/assets/full/XTMD031.jpg,MCAS Legacy SKU Asset Check
XTMD124,https://www.mcas.com.au/assets/full/XTMD124.jpg,MCAS Legacy SKU Asset Check
XTMD157,https://www.mcas.com.au/assets/full/XTMD157.jpg,MCAS Legacy SKU Asset Check
XTMD037260,https://www.mcas.com.au/assets/full/XTMD037260.jpg,MCAS Legacy SKU Asset Check
XTMD191,https://www.mcas.com.au/assets/full/XTMD191.jpg,MCAS Legacy SKU Asset Check
XTMD190,https://www.mcas.com.au/assets/full/XTMD190.jpg,MCAS Legacy SKU Asset Check
XTMD213,https://www.mcas.com.au/assets/full/XTMD213.jpg,MCAS Legacy SKU Asset Check
XTMD187,https://www.mcas.com.au/assets/full/XTMD187.jpg,MCAS Legacy SKU Asset Check
XTMD186,https://www.mcas.com.au/assets/full/XTMD186.jpg,MCAS Legacy SKU Asset Check
XTMCK276,https://www.mcas.com.au/assets/full/XTMCK276.webp,MCAS Legacy SKU Asset Check
XTMD264270,https://www.mcas.com.au/assets/full/XTMD264270.jpg,MCAS Legacy SKU Asset Check
XTMD246,https://www.mcas.com.au/assets/full/XTMD246.jpg,MCAS Legacy SKU Asset Check
XTMD208,https://www.mcas.com.au/assets/full/XTMD208.jpg,MCAS Legacy SKU Asset Check
XTMD254,https://www.mcas.com.au/assets/full/XTMD254.jpg,MCAS Legacy SKU Asset Check
XTMD258,https://www.mcas.com.au/assets/full/XTMD258.jpg,MCAS Legacy SKU Asset Check
XTMD255,https://www.mcas.com.au/assets/full/XTMD255.jpg,MCAS Legacy SKU Asset Check
XTMFB004,https://www.mcas.com.au/assets/full/XTMFB004.jpg,MCAS Legacy SKU Asset Check
XTMDA0978,https://www.mcas.com.au/assets/full/XTMDA0978.jpg,MCAS Legacy SKU Asset Check
XTMD264,https://www.mcas.com.au/assets/full/XTMD264.jpg,MCAS Legacy SKU Asset Check
XTMDA0402,https://www.mcas.com.au/assets/full/XTMDA0402.jpg,MCAS Legacy SKU Asset Check
XTMFPH010,https://www.mcas.com.au/assets/full/XTMFPH010.jpg,MCAS Legacy SKU Asset Check
XTMFPK010,https://www.mcas.com.au/assets/full/XTMFPK010.jpg,MCAS Legacy SKU Asset Check
XTMFPH011,https://www.mcas.com.au/assets/full/XTMFPH011.jpg,MCAS Legacy SKU Asset Check
XTMDA1002,https://www.mcas.com.au/assets/full/XTMDA1002.jpg,MCAS Legacy SKU Asset Check
XTMFPK021,https://www.mcas.com.au/assets/full/XTMFPK021.jpg,MCAS Legacy SKU Asset Check
XTMFPK020,https://www.mcas.com.au/assets/full/XTMFPK020.jpg,MCAS Legacy SKU Asset Check
XTMFPKTM010,https://www.mcas.com.au/assets/full/XTMFPKTM010.jpg,MCAS Legacy SKU Asset Check
XTMFPH020,https://www.mcas.com.au/assets/full/XTMFPH020.jpg,MCAS Legacy SKU Asset Check
XTMFPH021,https://www.mcas.com.au/assets/full/XTMFPH021.jpg,MCAS Legacy SKU Asset Check
XTMFPKTM012,https://www.mcas.com.au/assets/full/XTMFPKTM012.jpg,MCAS Legacy SKU Asset Check
XTMFPKTM011,https://www.mcas.com.au/assets/full/XTMFPKTM011.jpg,MCAS Legacy SKU Asset Check
XTMFPKTM021,https://www.mcas.com.au/assets/full/XTMFPKTM021.jpg,MCAS Legacy SKU Asset Check
XTMFPS011,https://www.mcas.com.au/assets/full/XTMFPS011.jpg,MCAS Legacy SKU Asset Check
XTMFPS012,https://www.mcas.com.au/assets/full/XTMFPS012.jpg,MCAS Legacy SKU Asset Check
XTMFPS022,https://www.mcas.com.au/assets/full/XTMFPS022.jpg,MCAS Legacy SKU Asset Check
XTMFPKTM022,https://www.mcas.com.au/assets/full/XTMFPKTM022.jpg,MCAS Legacy SKU Asset Check
XTMFPS010,https://www.mcas.com.au/assets/full/XTMFPS010.jpg,MCAS Legacy SKU Asset Check
XTMFPY020,https://www.mcas.com.au/assets/full/XTMFPY020.jpg,MCAS Legacy SKU Asset Check
XTMFPY011,https://www.mcas.com.au/assets/full/XTMFPY011.jpg,MCAS Legacy SKU Asset Check
XTMFPKTM023,https://www.mcas.com.au/assets/full/XTMFPKTM023.jpg,MCAS Legacy SKU Asset Check
XTMFPS021,https://www.mcas.com.au/assets/full/XTMFPS021.jpg,MCAS Legacy SKU Asset Check
XTMFPS020,https://www.mcas.com.au/assets/full/XTMFPS020.jpg,MCAS Legacy SKU Asset Check
XTMFPY021,https://www.mcas.com.au/assets/full/XTMFPY021.jpg,MCAS Legacy SKU Asset Check
XTMFPY022,https://www.mcas.com.au/assets/full/XTMFPY022.jpg,MCAS Legacy SKU Asset Check
XTMFPY010,https://www.mcas.com.au/assets/full/XTMFPY010.jpg,MCAS Legacy SKU Asset Check
XTMH010,https://www.mcas.com.au/assets/full/XTMH010.jpg,MCAS Legacy SKU Asset Check
XTMH001,https://www.mcas.com.au/assets/full/XTMH001.jpg,MCAS Legacy SKU Asset Check
XTMH003,https://www.mcas.com.au/assets/full/XTMH003.jpg,MCAS Legacy SKU Asset Check
XTMH006,https://www.mcas.com.au/assets/full/XTMH006.jpg,MCAS Legacy SKU Asset Check
XTMH007,https://www.mcas.com.au/assets/full/XTMH007.jpg,MCAS Legacy SKU Asset Check
XTMH005,https://www.mcas.com.au/assets/full/XTMH005.jpg,MCAS Legacy SKU Asset Check
XTMH002,https://www.mcas.com.au/assets/full/XTMH002.jpg,MCAS Legacy SKU Asset Check
XTMH004,https://www.mcas.com.au/assets/full/XTMH004.jpg,MCAS Legacy SKU Asset Check
XTML301,https://www.mcas.com.au/assets/full/XTML301.jpg,MCAS Legacy SKU Asset Check
XTML401,https://www.mcas.com.au/assets/full/XTML401.jpg,MCAS Legacy SKU Asset Check
XTML201,https://www.mcas.com.au/assets/full/XTML201.jpg,MCAS Legacy SKU Asset Check
XTML500,https://www.mcas.com.au/assets/full/XTML500.jpg,MCAS Legacy SKU Asset Check
XTML200,https://www.mcas.com.au/assets/full/XTML200.jpg,MCAS Legacy SKU Asset Check
XTML100,https://www.mcas.com.au/assets/full/XTML100.jpg,MCAS Legacy SKU Asset Check
XTML900,https://www.mcas.com.au/assets/full/XTML900.jpg,MCAS Legacy SKU Asset Check
XTMR005,https://www.mcas.com.au/assets/full/XTMR005.jpg,MCAS Legacy SKU Asset Check
XTMR004,https://www.mcas.com.au/assets/full/XTMR004.jpg,MCAS Legacy SKU Asset Check
XTML901,https://www.mcas.com.au/assets/full/XTML901.jpg,MCAS Legacy SKU Asset Check
XTML902,https://www.mcas.com.au/assets/full/XTML902.jpg,MCAS Legacy SKU Asset Check
XTMR006,https://www.mcas.com.au/assets/full/XTMR006.jpg,MCAS Legacy SKU Asset Check
XTMSKH021,https://www.mcas.com.au/assets/full/XTMSKH021.jpg,MCAS Legacy SKU Asset Check
XTMSKK021,https://www.mcas.com.au/assets/full/XTMSKK021.jpg,MCAS Legacy SKU Asset Check
XTMSKK110,https://www.mcas.com.au/assets/full/XTMSKK110.jpg,MCAS Legacy SKU Asset Check
XTMSKK011,https://www.mcas.com.au/assets/full/XTMSKK011.jpg,MCAS Legacy SKU Asset Check
XTMSKK010,https://www.mcas.com.au/assets/full/XTMSKK010.jpg,MCAS Legacy SKU Asset Check
XTMSKK020,https://www.mcas.com.au/assets/full/XTMSKK020.jpg,MCAS Legacy SKU Asset Check
XTMSKKTM112,https://www.mcas.com.au/assets/full/XTMSKKTM112.jpg,MCAS Legacy SKU Asset Check
XTMSKY021,https://www.mcas.com.au/assets/full/XTMSKY021.jpg,MCAS Legacy SKU Asset Check
XTMSKK112,https://www.mcas.com.au/assets/full/XTMSKK112.jpg,MCAS Legacy SKU Asset Check
XTMSKKTM114,https://www.mcas.com.au/assets/full/XTMSKKTM114.jpg,MCAS Legacy SKU Asset Check
XTMSKS010,https://www.mcas.com.au/assets/full/XTMSKS010.jpg,MCAS Legacy SKU Asset Check
XTMSKK113,https://www.mcas.com.au/assets/full/XTMSKK113.jpg,MCAS Legacy SKU Asset Check
XTMSKKTM111,https://www.mcas.com.au/assets/full/XTMSKKTM111.jpg,MCAS Legacy SKU Asset Check
XTMSKY111,https://www.mcas.com.au/assets/full/XTMSKY111.jpg,MCAS Legacy SKU Asset Check
XTMSS03,https://www.mcas.com.au/assets/full/XTMSS03.jpg,MCAS Legacy SKU Asset Check
XTMSS06,https://www.mcas.com.au/assets/full/XTMSS06.jpg,MCAS Legacy SKU Asset Check
XTMSS01,https://www.mcas.com.au/assets/full/XTMSS01.jpg,MCAS Legacy SKU Asset Check
XTMSS07,https://www.mcas.com.au/assets/full/XTMSS07.jpg,MCAS Legacy SKU Asset Check
XTMSS02,https://www.mcas.com.au/assets/full/XTMSS02.jpg,MCAS Legacy SKU Asset Check
XTMSS05,https://www.mcas.com.au/assets/full/XTMSS05.jpg,MCAS Legacy SKU Asset Check
XTMSKK111,https://www.mcas.com.au/assets/full/XTMSKK111.jpg,MCAS Legacy SKU Asset Check
XTMSS04,https://www.mcas.com.au/assets/full/XTMSS04.jpg,MCAS Legacy SKU Asset Check
XTMST003,https://www.mcas.com.au/assets/full/XTMST003.jpg,MCAS Legacy SKU Asset Check
XTMSKY110,https://www.mcas.com.au/assets/full/XTMSKY110.jpg,MCAS Legacy SKU Asset Check
XTMST005,https://www.mcas.com.au/assets/full/XTMST005.jpg,MCAS Legacy SKU Asset Check
XTMST043,https://www.mcas.com.au/assets/full/XTMST043.jpg,MCAS Legacy SKU Asset Check
XTMST006,https://www.mcas.com.au/assets/full/XTMST006.jpg,MCAS Legacy SKU Asset Check
XTMST033,https://www.mcas.com.au/assets/full/XTMST033.jpg,MCAS Legacy SKU Asset Check
XTMST050,https://www.mcas.com.au/assets/full/XTMST050.jpg,MCAS Legacy SKU Asset Check
XTMST032,https://www.mcas.com.au/assets/full/XTMST032.jpg,MCAS Legacy SKU Asset Check
XTMSS08,https://www.mcas.com.au/assets/full/XTMSS08.jpg,MCAS Legacy SKU Asset Check
XTMST030,https://www.mcas.com.au/assets/full/XTMST030.jpg,MCAS Legacy SKU Asset Check
XTMST044,https://www.mcas.com.au/assets/full/XTMST044.jpg,MCAS Legacy SKU Asset Check
XTMST004,https://www.mcas.com.au/assets/full/XTMST004.jpg,MCAS Legacy SKU Asset Check
XTMST051,https://www.mcas.com.au/assets/full/XTMST051.jpg,MCAS Legacy SKU Asset Check
XTMST040,https://www.mcas.com.au/assets/full/XTMST040.jpg,MCAS Legacy SKU Asset Check
XTMST052,https://www.mcas.com.au/assets/full/XTMST052.jpg,MCAS Legacy SKU Asset Check
XTMST009,https://www.mcas.com.au/assets/full/XTMST009.jpg,MCAS Legacy SKU Asset Check
XTMST102,https://www.mcas.com.au/assets/full/XTMST102.jpg,MCAS Legacy SKU Asset Check
XTMST101,https://www.mcas.com.au/assets/full/XTMST101.jpg,MCAS Legacy SKU Asset Check
XTMST103,https://www.mcas.com.au/assets/full/XTMST103.jpg,MCAS Legacy SKU Asset Check
XTMST104,https://www.mcas.com.au/assets/full/XTMST104.jpg,MCAS Legacy SKU Asset Check
XTMST130,https://www.mcas.com.au/assets/full/XTMST130.jpg,MCAS Legacy SKU Asset Check
XTMST120,https://www.mcas.com.au/assets/full/XTMST120.jpg,MCAS Legacy SKU Asset Check
XTMST110,https://www.mcas.com.au/assets/full/XTMST110.jpg,MCAS Legacy SKU Asset Check
XTMST111,https://www.mcas.com.au/assets/full/XTMST111.jpg,MCAS Legacy SKU Asset Check
XTMST132,https://www.mcas.com.au/assets/full/XTMST132.jpg,MCAS Legacy SKU Asset Check
XTMST133,https://www.mcas.com.au/assets/full/XTMST133.jpg,MCAS Legacy SKU Asset Check
XTMST131,https://www.mcas.com.au/assets/full/XTMST131.jpg,MCAS Legacy SKU Asset Check
XTMST115,https://www.mcas.com.au/assets/full/XTMST115.jpg,MCAS Legacy SKU Asset Check
XTMT002,https://www.mcas.com.au/assets/full/XTMT002.jpg,MCAS Legacy SKU Asset Check
XTMST150RJ,https://www.mcas.com.au/assets/full/XTMST150RJ.jpg,MCAS Legacy SKU Asset Check
XTMT004,https://www.mcas.com.au/assets/full/XTMT004.jpg,MCAS Legacy SKU Asset Check
XTMT003,https://www.mcas.com.au/assets/full/XTMT003.jpg,MCAS Legacy SKU Asset Check
XTMT001,https://www.mcas.com.au/assets/full/XTMT001.jpg,MCAS Legacy SKU Asset Check
XTMT015,https://www.mcas.com.au/assets/full/XTMT015.jpg,MCAS Legacy SKU Asset Check
XTMT011,https://www.mcas.com.au/assets/full/XTMT011.jpg,MCAS Legacy SKU Asset Check
XTMT006,https://www.mcas.com.au/assets/full/XTMT006.jpg,MCAS Legacy SKU Asset Check
XTMT007,https://www.mcas.com.au/assets/full/XTMT007.jpg,MCAS Legacy SKU Asset Check
XTMT013,https://www.mcas.com.au/assets/full/XTMT013.jpg,MCAS Legacy SKU Asset Check
XTMT005,https://www.mcas.com.au/assets/full/XTMT005.jpg,MCAS Legacy SKU Asset Check
XTMT012,https://www.mcas.com.au/assets/full/XTMT012.jpg,MCAS Legacy SKU Asset Check
XTMT014,https://www.mcas.com.au/assets/full/XTMT014.jpg,MCAS Legacy SKU Asset Check
XTMT010,https://www.mcas.com.au/assets/full/XTMT010.jpg,MCAS Legacy SKU Asset Check
XTMT008,https://www.mcas.com.au/assets/full/XTMT008.jpg,MCAS Legacy SKU Asset Check
XTMT022,https://www.mcas.com.au/assets/full/XTMT022.jpg,MCAS Legacy SKU Asset Check
XTMT019,https://www.mcas.com.au/assets/full/XTMT019.jpg,MCAS Legacy SKU Asset Check
XTMT018,https://www.mcas.com.au/assets/full/XTMT018.jpg,MCAS Legacy SKU Asset Check
XTMT021,https://www.mcas.com.au/assets/full/XTMT021.jpg,MCAS Legacy SKU Asset Check
XTMT029,https://www.mcas.com.au/assets/full/XTMT029.jpg,MCAS Legacy SKU Asset Check
XTMT016,https://www.mcas.com.au/assets/full/XTMT016.jpg,MCAS Legacy SKU Asset Check
XTMT023,https://www.mcas.com.au/assets/full/XTMT023.jpg,MCAS Legacy SKU Asset Check
XTMST155,https://www.mcas.com.au/assets/full/XTMST155.webp,MCAS Legacy SKU Asset Check
XTMT030,https://www.mcas.com.au/assets/full/XTMT030.jpg,MCAS Legacy SKU Asset Check
XTMT030P,https://www.mcas.com.au/assets/full/XTMT030P.jpg,MCAS Legacy SKU Asset Check
XTMT060,https://www.mcas.com.au/assets/full/XTMT060.jpg,MCAS Legacy SKU Asset Check
XTMT028,https://www.mcas.com.au/assets/full/XTMT028.jpg,MCAS Legacy SKU Asset Check
XTMT026,https://www.mcas.com.au/assets/full/XTMT026.jpg,MCAS Legacy SKU Asset Check
XTMT066,https://www.mcas.com.au/assets/full/XTMT066.jpg,MCAS Legacy SKU Asset Check
XTMT065,https://www.mcas.com.au/assets/full/XTMT065.jpg,MCAS Legacy SKU Asset Check
XTMST158,https://www.mcas.com.au/assets/full/XTMST158.webp,MCAS Legacy SKU Asset Check
XTMT067,https://www.mcas.com.au/assets/full/XTMT067.jpg,MCAS Legacy SKU Asset Check
XTMT102,https://www.mcas.com.au/assets/full/XTMT102.jpg,MCAS Legacy SKU Asset Check
XTMT070,https://www.mcas.com.au/assets/full/XTMT070.jpg,MCAS Legacy SKU Asset Check
XTMT050,https://www.mcas.com.au/assets/full/XTMT050.jpg,MCAS Legacy SKU Asset Check
XTMT104,https://www.mcas.com.au/assets/full/XTMT104.jpg,MCAS Legacy SKU Asset Check
XTMT106,https://www.mcas.com.au/assets/full/XTMT106.jpg,MCAS Legacy SKU Asset Check
XTMT064,https://www.mcas.com.au/assets/full/XTMT064.jpg,MCAS Legacy SKU Asset Check
XTMT105,https://www.mcas.com.au/assets/full/XTMT105.jpg,MCAS Legacy SKU Asset Check
XTMT200,https://www.mcas.com.au/assets/full/XTMT200.jpg,MCAS Legacy SKU Asset Check
XTMT108,https://www.mcas.com.au/assets/full/XTMT108.jpg,MCAS Legacy SKU Asset Check
XTMT202,https://www.mcas.com.au/assets/full/XTMT202.jpg,MCAS Legacy SKU Asset Check
XTMT211,https://www.mcas.com.au/assets/full/XTMT211.jpg,MCAS Legacy SKU Asset Check
XTMT210,https://www.mcas.com.au/assets/full/XTMT210.jpg,MCAS Legacy SKU Asset Check
XTMT111,https://www.mcas.com.au/assets/full/XTMT111.jpg,MCAS Legacy SKU Asset Check
XTMT201,https://www.mcas.com.au/assets/full/XTMT201.jpg,MCAS Legacy SKU Asset Check
XTMT110,https://www.mcas.com.au/assets/full/XTMT110.jpg,MCAS Legacy SKU Asset Check
XTMT113,https://www.mcas.com.au/assets/full/XTMT113.jpg,MCAS Legacy SKU Asset Check
XTMT213,https://www.mcas.com.au/assets/full/XTMT213.jpg,MCAS Legacy SKU Asset Check
XTMT212,https://www.mcas.com.au/assets/full/XTMT212.jpg,MCAS Legacy SKU Asset Check
XTMT112,https://www.mcas.com.au/assets/full/XTMT112.jpg,MCAS Legacy SKU Asset Check
XTMTW001,https://www.mcas.com.au/assets/full/XTMTW001.jpg,MCAS Legacy SKU Asset Check
XTMT203,https://www.mcas.com.au/assets/full/XTMT203.jpg,MCAS Legacy SKU Asset Check
XTMWBH002,https://www.mcas.com.au/assets/full/XTMWBH002.jpg,MCAS Legacy SKU Asset Check
XTMTC001,https://www.mcas.com.au/assets/full/XTMTC001.jpg,MCAS Legacy SKU Asset Check
XTMWBK102,https://www.mcas.com.au/assets/full/XTMWBK102.jpg,MCAS Legacy SKU Asset Check
XTMWBS002,https://www.mcas.com.au/assets/full/XTMWBS002.jpg,MCAS Legacy SKU Asset Check
XTMWBY002,https://www.mcas.com.au/assets/full/XTMWBY002.jpg,MCAS Legacy SKU Asset Check
XTMWBS001,https://www.mcas.com.au/assets/full/XTMWBS001.jpg,MCAS Legacy SKU Asset Check
XTMWBH101,https://www.mcas.com.au/assets/full/XTMWBH101.jpg,MCAS Legacy SKU Asset Check
XTMWBKTM104,https://www.mcas.com.au/assets/full/XTMWBKTM104.jpg,MCAS Legacy SKU Asset Check
XTMWBK001,https://www.mcas.com.au/assets/full/XTMWBK001.jpg,MCAS Legacy SKU Asset Check
XTMWBY101,https://www.mcas.com.au/assets/full/XTMWBY101.jpg,MCAS Legacy SKU Asset Check
XTMWBK002,https://www.mcas.com.au/assets/full/XTMWBK002.jpg,MCAS Legacy SKU Asset Check
XTMWBK101,https://www.mcas.com.au/assets/full/XTMWBK101.jpg,MCAS Legacy SKU Asset Check
XTMWBKTM103,https://www.mcas.com.au/assets/full/XTMWBKTM103.jpg,MCAS Legacy SKU Asset Check
XTMWBKTM101,https://www.mcas.com.au/assets/full/XTMWBKTM101.jpg,MCAS Legacy SKU Asset Check
XTMT073,https://www.mcas.com.au/assets/full/XTMT073.webp,MCAS Legacy SKU Asset Check
XTMWBY102,https://www.mcas.com.au/assets/full/XTMWBY102.jpg,MCAS Legacy SKU Asset Check
XTMWH020,https://www.mcas.com.au/assets/full/XTMWH020.jpg,MCAS Legacy SKU Asset Check
XTMWK020,https://www.mcas.com.au/assets/full/XTMWK020.jpg,MCAS Legacy SKU Asset Check
XTMWK030,https://www.mcas.com.au/assets/full/XTMWK030.jpg,MCAS Legacy SKU Asset Check
XTMWK111,https://www.mcas.com.au/assets/full/XTMWK111.jpg,MCAS Legacy SKU Asset Check
XTMWK112,https://www.mcas.com.au/assets/full/XTMWK112.jpg,MCAS Legacy SKU Asset Check
XTMWKTM020,https://www.mcas.com.au/assets/full/XTMWKTM020.jpg,MCAS Legacy SKU Asset Check
XTMWKTM010,https://www.mcas.com.au/assets/full/XTMWKTM010.jpg,MCAS Legacy SKU Asset Check
XTMWKTM126,https://www.mcas.com.au/assets/full/XTMWKTM126.jpg,MCAS Legacy SKU Asset Check
XTMWS031,https://www.mcas.com.au/assets/full/XTMWS031.jpg,MCAS Legacy SKU Asset Check
XTMWS020,https://www.mcas.com.au/assets/full/XTMWS020.jpg,MCAS Legacy SKU Asset Check
XTMWKTM050,https://www.mcas.com.au/assets/full/XTMWKTM050.jpg,MCAS Legacy SKU Asset Check
XTMWY111,https://www.mcas.com.au/assets/full/XTMWY111.jpg,MCAS Legacy SKU Asset Check
XTMWKTM110,https://www.mcas.com.au/assets/full/XTMWKTM110.jpg,MCAS Legacy SKU Asset Check
XTMWY023,https://www.mcas.com.au/assets/full/XTMWY023.jpg,MCAS Legacy SKU Asset Check
XTMWKTM112,https://www.mcas.com.au/assets/full/XTMWKTM112.jpg,MCAS Legacy SKU Asset Check
XTMWKTM127,https://www.mcas.com.au/assets/full/XTMWKTM127.jpg,MCAS Legacy SKU Asset Check
XTMWY013,https://www.mcas.com.au/assets/full/XTMWY013.jpg,MCAS Legacy SKU Asset Check
XTMWS030,https://www.mcas.com.au/assets/full/XTMWS030.jpg,MCAS Legacy SKU Asset Check
XTTBM007,https://www.mcas.com.au/assets/full/XTTBM007.jpg,MCAS Legacy SKU Asset Check
XTTBM005,https://www.mcas.com.au/assets/full/XTTBM005.jpg,MCAS Legacy SKU Asset Check
XTTBM102,https://www.mcas.com.au/assets/full/XTTBM102.jpg,MCAS Legacy SKU Asset Check
XTTBM009,https://www.mcas.com.au/assets/full/XTTBM009.jpg,MCAS Legacy SKU Asset Check
XTTBM103,https://www.mcas.com.au/assets/full/XTTBM103.jpg,MCAS Legacy SKU Asset Check
XTTBM201,https://www.mcas.com.au/assets/full/XTTBM201.jpg,MCAS Legacy SKU Asset Check
XTTBM300,https://www.mcas.com.au/assets/full/XTTBM300.jpg,MCAS Legacy SKU Asset Check
XTTBM202,https://www.mcas.com.au/assets/full/XTTBM202.jpg,MCAS Legacy SKU Asset Check
XTTBM303,https://www.mcas.com.au/assets/full/XTTBM303.jpg,MCAS Legacy SKU Asset Check
XTTBM203,https://www.mcas.com.au/assets/full/XTTBM203.jpg,MCAS Legacy SKU Asset Check
XTTBM301,https://www.mcas.com.au/assets/full/XTTBM301.jpg,MCAS Legacy SKU Asset Check
XTTBM306,https://www.mcas.com.au/assets/full/XTTBM306.jpg,MCAS Legacy SKU Asset Check
XTTBM302,https://www.mcas.com.au/assets/full/XTTBM302.jpg,MCAS Legacy SKU Asset Check
XTTBM200,https://www.mcas.com.au/assets/full/XTTBM200.jpg,MCAS Legacy SKU Asset Check
XTTBM305,https://www.mcas.com.au/assets/full/XTTBM305.jpg,MCAS Legacy SKU Asset Check
XTTBM307,https://www.mcas.com.au/assets/full/XTTBM307.jpg,MCAS Legacy SKU Asset Check
XTTBM304,https://www.mcas.com.au/assets/full/XTTBM304.jpg,MCAS Legacy SKU Asset Check
XTTBM401,https://www.mcas.com.au/assets/full/XTTBM401.jpg,MCAS Legacy SKU Asset Check
XTTBM400,https://www.mcas.com.au/assets/full/XTTBM400.jpg,MCAS Legacy SKU Asset Check
XTTBM403,https://www.mcas.com.au/assets/full/XTTBM403.jpg,MCAS Legacy SKU Asset Check
XTTBM404,https://www.mcas.com.au/assets/full/XTTBM404.jpg,MCAS Legacy SKU Asset Check
XTTBM406,https://www.mcas.com.au/assets/full/XTTBM406.jpg,MCAS Legacy SKU Asset Check
XTTBM308,https://www.mcas.com.au/assets/full/XTTBM308.jpg,MCAS Legacy SKU Asset Check
XTTBM408,https://www.mcas.com.au/assets/full/XTTBM408.jpg,MCAS Legacy SKU Asset Check
XTTBM407,https://www.mcas.com.au/assets/full/XTTBM407.jpg,MCAS Legacy SKU Asset Check
XTTBM501,https://www.mcas.com.au/assets/full/XTTBM501.jpg,MCAS Legacy SKU Asset Check
XTMWH010,https://www.mcas.com.au/assets/full/XTMWH010.jpg,MCAS Legacy SKU Asset Check
XTTBM504,https://www.mcas.com.au/assets/full/XTTBM504.jpg,MCAS Legacy SKU Asset Check
XTTBM503,https://www.mcas.com.au/assets/full/XTTBM503.jpg,MCAS Legacy SKU Asset Check
XTTBM502,https://www.mcas.com.au/assets/full/XTTBM502.jpg,MCAS Legacy SKU Asset Check
XTTBM506,https://www.mcas.com.au/assets/full/XTTBM506.jpg,MCAS Legacy SKU Asset Check
XTTBM500,https://www.mcas.com.au/assets/full/XTTBM500.jpg,MCAS Legacy SKU Asset Check
XTTBM507,https://www.mcas.com.au/assets/full/XTTBM507.jpg,MCAS Legacy SKU Asset Check
XTTBM510,https://www.mcas.com.au/assets/full/XTTBM510.jpg,MCAS Legacy SKU Asset Check
XTTBM604,https://www.mcas.com.au/assets/full/XTTBM604.jpg,MCAS Legacy SKU Asset Check
XTTBM600,https://www.mcas.com.au/assets/full/XTTBM600.jpg,MCAS Legacy SKU Asset Check
XTTBM602,https://www.mcas.com.au/assets/full/XTTBM602.jpg,MCAS Legacy SKU Asset Check
XTTBM511,https://www.mcas.com.au/assets/full/XTTBM511.jpg,MCAS Legacy SKU Asset Check
XTTBM603,https://www.mcas.com.au/assets/full/XTTBM603.jpg,MCAS Legacy SKU Asset Check
XTTBM605,https://www.mcas.com.au/assets/full/XTTBM605.jpg,MCAS Legacy SKU Asset Check
XTTBM701,https://www.mcas.com.au/assets/full/XTTBM701.jpg,MCAS Legacy SKU Asset Check
XTTBM608,https://www.mcas.com.au/assets/full/XTTBM608.jpg,MCAS Legacy SKU Asset Check
XTTBM702,https://www.mcas.com.au/assets/full/XTTBM702.jpg,MCAS Legacy SKU Asset Check
XTTRK001,https://www.mcas.com.au/assets/full/XTTRK001.jpg,MCAS Legacy SKU Asset Check
XTTBM607,https://www.mcas.com.au/assets/full/XTTBM607.jpg,MCAS Legacy SKU Asset Check
XTTBM705,https://www.mcas.com.au/assets/full/XTTBM705.jpg,MCAS Legacy SKU Asset Check
XTTRK002,https://www.mcas.com.au/assets/full/XTTRK002.jpg,MCAS Legacy SKU Asset Check
YA-1308,https://www.mcas.com.au/assets/full/YA-1308.webp,MCAS Legacy SKU Asset Check
YA-1015,https://www.mcas.com.au/assets/full/YA-1015.webp,MCAS Legacy SKU Asset Check
YA-1152,https://www.mcas.com.au/assets/full/YA-1152.webp,MCAS Legacy SKU Asset Check
YA-1704,https://www.mcas.com.au/assets/full/YA-1704.webp,MCAS Legacy SKU Asset Check
YA-1709,https://www.mcas.com.au/assets/full/YA-1709.webp,MCAS Legacy SKU Asset Check
YA-1699,https://www.mcas.com.au/assets/full/YA-1699.webp,MCAS Legacy SKU Asset Check
YA-1906,https://www.mcas.com.au/assets/full/YA-1906.webp,MCAS Legacy SKU Asset Check
YA-4504-T,https://www.mcas.com.au/assets/full/YA-4504-T.webp,MCAS Legacy SKU Asset Check
YA-6006,https://www.mcas.com.au/assets/full/YA-6006.webp,MCAS Legacy SKU Asset Check
YA-6089,https://www.mcas.com.au/assets/full/YA-6089.webp,MCAS Legacy SKU Asset Check
YA-8596,https://www.mcas.com.au/assets/full/YA-8596.webp,MCAS Legacy SKU Asset Check
YA-6504,https://www.mcas.com.au/assets/full/YA-6504.webp,MCAS Legacy SKU Asset Check
YA-6098,https://www.mcas.com.au/assets/full/YA-6098.webp,MCAS Legacy SKU Asset Check
YA-9514,https://www.mcas.com.au/assets/full/YA-9514.webp,MCAS Legacy SKU Asset Check
YA03876001,https://www.mcas.com.au/assets/full/YA03876001.jpg,MCAS Legacy SKU Asset Check
YAKIT301E999,https://www.mcas.com.au/assets/full/YAKIT301E999.jpg,MCAS Legacy SKU Asset Check
YAKIT304E999,https://www.mcas.com.au/assets/full/YAKIT304E999.jpg,MCAS Legacy SKU Asset Check
YAKIT302E001,https://www.mcas.com.au/assets/full/YAKIT302E001.jpg,MCAS Legacy SKU Asset Check
YAKIT301FE999,https://www.mcas.com.au/assets/full/YAKIT301FE999.jpg,MCAS Legacy SKU Asset Check
YAKIT302FE999,https://www.mcas.com.au/assets/full/YAKIT302FE999.jpg,MCAS Legacy SKU Asset Check
YAKIT306E999,https://www.mcas.com.au/assets/full/YAKIT306E999.jpg,MCAS Legacy SKU Asset Check
YAKIT305FE999,https://www.mcas.com.au/assets/full/YAKIT305FE999.jpg,MCAS Legacy SKU Asset Check
YAKIT308E999,https://www.mcas.com.au/assets/full/YAKIT308E999.jpg,MCAS Legacy SKU Asset Check
YAKIT308E046,https://www.mcas.com.au/assets/full/YAKIT308E046.jpg,MCAS Legacy SKU Asset Check
YAKIT312E001,https://www.mcas.com.au/assets/full/YAKIT312E001.jpg,MCAS Legacy SKU Asset Check
YAKIT309E999,https://www.mcas.com.au/assets/full/YAKIT309E999.jpg,MCAS Legacy SKU Asset Check
YAKIT312E999,https://www.mcas.com.au/assets/full/YAKIT312E999.jpg,MCAS Legacy SKU Asset Check
YAKIT311E999,https://www.mcas.com.au/assets/full/YAKIT311E999.jpg,MCAS Legacy SKU Asset Check
YAKIT311FE001,https://www.mcas.com.au/assets/full/YAKIT311FE001.jpg,MCAS Legacy SKU Asset Check
YAKIT312FE999,https://www.mcas.com.au/assets/full/YAKIT312FE999.jpg,MCAS Legacy SKU Asset Check
YAKIT311FE999,https://www.mcas.com.au/assets/full/YAKIT311FE999.jpg,MCAS Legacy SKU Asset Check
YAKIT312E046,https://www.mcas.com.au/assets/full/YAKIT312E046.jpg,MCAS Legacy SKU Asset Check
YAKIT316E001,https://www.mcas.com.au/assets/full/YAKIT316E001.jpg,MCAS Legacy SKU Asset Check
YAKIT318E101,https://www.mcas.com.au/assets/full/YAKIT318E101.jpg,MCAS Legacy SKU Asset Check
YAKIT310FE999,https://www.mcas.com.au/assets/full/YAKIT310FE999.webp,MCAS Legacy SKU Asset Check
YAKIT317E046,https://www.mcas.com.au/assets/full/YAKIT317E046.jpg,MCAS Legacy SKU Asset Check
YAKIT316FE001,https://www.mcas.com.au/assets/full/YAKIT316FE001.jpg,MCAS Legacy SKU Asset Check
YAKIT318FE001,https://www.mcas.com.au/assets/full/YAKIT318FE001.jpg,MCAS Legacy SKU Asset Check
YAKIT317FE999,https://www.mcas.com.au/assets/full/YAKIT317FE999.jpg,MCAS Legacy SKU Asset Check
YAKIT309FE001,https://www.mcas.com.au/assets/full/YAKIT309FE001.webp,MCAS Legacy SKU Asset Check
YAKIT308FE999,https://www.mcas.com.au/assets/full/YAKIT308FE999.webp,MCAS Legacy SKU Asset Check
YAKIT319OFFICIAL,https://www.mcas.com.au/assets/full/YAKIT319OFFICIAL.jpg,MCAS Legacy SKU Asset Check
YAKIT308FE001,https://www.mcas.com.au/assets/full/YAKIT308FE001.webp,MCAS Legacy SKU Asset Check
YAKIT319FE001,https://www.mcas.com.au/assets/full/YAKIT319FE001.jpg,MCAS Legacy SKU Asset Check
YAKIT312FE001,https://www.mcas.com.au/assets/full/YAKIT312FE001.webp,MCAS Legacy SKU Asset Check
YAKIT320E999,https://www.mcas.com.au/assets/full/YAKIT320E999.jpg,MCAS Legacy SKU Asset Check
YAKIT321FE001,https://www.mcas.com.au/assets/full/YAKIT321FE001.jpg,MCAS Legacy SKU Asset Check
YAKIT320E089,https://www.mcas.com.au/assets/full/YAKIT320E089.jpg,MCAS Legacy SKU Asset Check
YAKIT312FE999W,https://www.mcas.com.au/assets/full/YAKIT312FE999W.webp,MCAS Legacy SKU Asset Check
YAKIT318FE999,https://www.mcas.com.au/assets/full/YAKIT318FE999.webp,MCAS Legacy SKU Asset Check
YAKIT321FE046,https://www.mcas.com.au/assets/full/YAKIT321FE046.jpg,MCAS Legacy SKU Asset Check
YAKIT321OFFICIAL,https://www.mcas.com.au/assets/full/YAKIT321OFFICIAL.jpg,MCAS Legacy SKU Asset Check
YAKIT321FE089,https://www.mcas.com.au/assets/full/YAKIT321FE089.jpg,MCAS Legacy SKU Asset Check
YAKIT322E999,https://www.mcas.com.au/assets/full/YAKIT322E999.jpg,MCAS Legacy SKU Asset Check
YAKIT323E222,https://www.mcas.com.au/assets/full/YAKIT323E222.jpg,MCAS Legacy SKU Asset Check
YAKIT324E001,https://www.mcas.com.au/assets/full/YAKIT324E001.jpg,MCAS Legacy SKU Asset Check
YAKIT319FE999,https://www.mcas.com.au/assets/full/YAKIT319FE999.webp,MCAS Legacy SKU Asset Check
YAKIT324E046,https://www.mcas.com.au/assets/full/YAKIT324E046.jpg,MCAS Legacy SKU Asset Check
YAKIT324FE999C,https://www.mcas.com.au/assets/full/YAKIT324FE999C.jpg,MCAS Legacy SKU Asset Check
YAKIT325E999,https://www.mcas.com.au/assets/full/YAKIT325E999.jpg,MCAS Legacy SKU Asset Check
YAKIT321E001,https://www.mcas.com.au/assets/full/YAKIT321E001.webp,MCAS Legacy SKU Asset Check
YAKIT321E046,https://www.mcas.com.au/assets/full/YAKIT321E046.webp,MCAS Legacy SKU Asset Check
YAKIT326FE001,https://www.mcas.com.au/assets/full/YAKIT326FE001.jpg,MCAS Legacy SKU Asset Check
YAKIT326FE999,https://www.mcas.com.au/assets/full/YAKIT326FE999.jpg,MCAS Legacy SKU Asset Check
YAKIT321FE090,https://www.mcas.com.au/assets/full/YAKIT321FE090.webp,MCAS Legacy SKU Asset Check
YAKIT325E001,https://www.mcas.com.au/assets/full/YAKIT325E001.jpg,MCAS Legacy SKU Asset Check
YAKIT326FE046,https://www.mcas.com.au/assets/full/YAKIT326FE046.jpg,MCAS Legacy SKU Asset Check
YB14AA2,https://www.mcas.com.au/assets/full/YB14AA2.jpg,MCAS Legacy SKU Asset Check
YB16BGEL,https://www.mcas.com.au/assets/full/YB16BGEL.jpg,MCAS Legacy SKU Asset Check
YB16CLBGEL,https://www.mcas.com.au/assets/full/YB16CLBGEL.jpg,MCAS Legacy SKU Asset Check
YAKIT321FE999,https://www.mcas.com.au/assets/full/YAKIT321FE999.webp,MCAS Legacy SKU Asset Check
YAKIT322E089,https://www.mcas.com.au/assets/full/YAKIT322E089.webp,MCAS Legacy SKU Asset Check
YB9LB,https://www.mcas.com.au/assets/full/YB9LB.jpg,MCAS Legacy SKU Asset Check
YAKIT324FE046,https://www.mcas.com.au/assets/full/YAKIT324FE046.webp,MCAS Legacy SKU Asset Check
YB12ALA2,https://www.mcas.com.au/assets/full/YB12ALA2.jpg,MCAS Legacy SKU Asset Check
YB9LA2,https://www.mcas.com.au/assets/full/YB9LA2.jpg,MCAS Legacy SKU Asset Check
YAKIT335FE001,https://www.mcas.com.au/assets/full/YAKIT335FE001.webp,MCAS Legacy SKU Asset Check
YAKIT324FE001,https://www.mcas.com.au/assets/full/YAKIT324FE001.webp,MCAS Legacy SKU Asset Check
YAKIT324FE999,https://www.mcas.com.au/assets/full/YAKIT324FE999.webp,MCAS Legacy SKU Asset Check
YAKIT326FE024,https://www.mcas.com.au/assets/full/YAKIT326FE024.webp,MCAS Legacy SKU Asset Check
YAKIT335FE999,https://www.mcas.com.au/assets/full/YAKIT335FE999.webp,MCAS Legacy SKU Asset Check
YAKIT335FE046,https://www.mcas.com.au/assets/full/YAKIT335FE046.webp,MCAS Legacy SKU Asset Check
YAKIT335FE999C,https://www.mcas.com.au/assets/full/YAKIT335FE999C.webp,MCAS Legacy SKU Asset Check
